ID, Name, Org Name, Total Networks Searched, Time Frame,License, Reason, Case #,Filters, Search Time, Search Type, Text Prompt, Moderation
d6d8fecd-d579-4a7a-8488-fa2f9c65be60,Enrique Hogan,Bibb County SO GA,730,"04/22/2026, 04:21:33 PM UTC
05/22/2026, 04:21:33 PM UTC",***Redacted***,Wanted Person (Arrest Warrant/Fugitive) - ,FID 11295681,***Redacted***,"05/22/2026, 04:21:43 PM UTC",search - Mobile,,
8df3c887-43e3-4f27-a5ee-fda3a43b9cfb,Enrique Hogan,Bibb County SO GA,730,"04/22/2026, 04:21:45 PM UTC
05/22/2026, 04:21:45 PM UTC",***Redacted***,Wanted Person (Arrest Warrant/Fugitive) - ,FID 11295681,***Redacted***,"05/22/2026, 04:21:53 PM UTC",search - Mobile,,
b04fb241-85cb-4f31-8f68-a009f2905e6f,Steven Fields,Bibb County SO GA,1425,"04/22/2026, 02:30:28 PM UTC
05/22/2026, 02:30:28 PM UTC",***Redacted***,Larceny/Theft Offenses - ,2026-VinevilleAveCopperThefts,***Redacted***,"05/22/2026, 02:10:31 PM UTC",lookup,,
cc8f2cc7-67ba-48d8-8ec2-7bc676fc236d,Steven Fields,Bibb County SO GA,3,"04/22/2026, 02:30:28 PM UTC
05/22/2026, 02:30:28 PM UTC",***Redacted***,Larceny/Theft Offenses - ,2026-VinevilleAveCopperThefts,***Redacted***,"05/22/2026, 02:10:47 PM UTC",lookup,,
be138e0f-32bb-472c-a4f1-09791beff5e9,Steven Fields,Bibb County SO GA,1425,"04/22/2026, 02:30:28 PM UTC
05/22/2026, 02:30:28 PM UTC",***Redacted***,Larceny/Theft Offenses - ,2026-VinevilleAveCopperThefts,***Redacted***,"05/22/2026, 02:11:21 PM UTC",lookup,,
97fb89b3-d355-4bf4-94df-583cee3ad50a,Justin Edwards,Bibb County SO GA,3,"05/15/2026, 02:18:50 PM UTC
05/22/2026, 02:18:50 PM UTC",***Redacted***,Assault/Battery Offenses - ,2024-67104,***Redacted***,"05/22/2026, 02:18:51 PM UTC",lookup - Mobile,,
ac824d36-30ea-4b93-8072-43f34a2db31f,Kirsten Davella,Bibb County SO GA,3,"05/22/2026, 12:30:38 PM UTC
05/22/2026, 02:30:38 PM UTC",***Redacted***,Assault/Battery Offenses - ,2026-44149,***Redacted***,"05/22/2026, 02:25:39 PM UTC",search,,
810c1055-b9b2-4472-827e-796947c90414,Kirsten Davella,Bibb County SO GA,3,"05/21/2026, 02:30:42 PM UTC
05/22/2026, 02:30:42 PM UTC",***Redacted***,Assault/Battery Offenses - ,2026-44149,***Redacted***,"05/22/2026, 02:25:43 PM UTC",search,,
9f789222-3b71-43e0-aca1-1bf2e879afe7,Enrique Hogan,Bibb County SO GA,730,"04/22/2026, 02:28:32 PM UTC
05/22/2026, 02:28:32 PM UTC",***Redacted***,Wanted Person (Arrest Warrant/Fugitive) - ,FID 11295681,***Redacted***,"05/22/2026, 02:28:44 PM UTC",search - Mobile,,
1adc8f0d-c603-4a26-a8e0-399f755ff990,Enrique Hogan,Bibb County SO GA,730,"04/22/2026, 02:29:04 PM UTC
05/22/2026, 02:29:04 PM UTC",***Redacted***,Wanted Person (Arrest Warrant/Fugitive) - ,FID 11295681,***Redacted***,"05/22/2026, 02:29:13 PM UTC",search - Mobile,,
726b2dc0-149e-4661-9d69-d4f7bd5e2dd4,Justin Edwards,Bibb County SO GA,3,"05/15/2026, 02:31:33 PM UTC
05/22/2026, 02:31:33 PM UTC",***Redacted***,Assault/Battery Offenses - ,2024-67104,***Redacted***,"05/22/2026, 02:31:37 PM UTC",lookup - Mobile,,
a8eea40f-bcce-4dca-861d-d8cf558697c5,Alex Fletcher,Bibb County SO GA,1425,"05/21/2026, 05:00:25 AM UTC
05/22/2026, 05:00:25 AM UTC",***Redacted***,Motor Vehicle Theft/Stolen - ,2026-42806,***Redacted***,"05/22/2026, 05:16:56 AM UTC",lookup,,
5b2b352e-9a91-489e-bb40-e24df6d7ebb1,Alex Fletcher,Bibb County SO GA,1425,"05/21/2026, 05:00:25 AM UTC
05/22/2026, 05:00:25 AM UTC",***Redacted***,Motor Vehicle Theft/Stolen - ,2026-42806,***Redacted***,"05/22/2026, 05:20:00 AM UTC",lookup,,
225ed0f1-83a1-4002-9769-550153264d07,Alex Fletcher,Bibb County SO GA,1425,"05/21/2026, 05:00:25 AM UTC
05/22/2026, 05:00:25 AM UTC",***Redacted***,Motor Vehicle Theft/Stolen - ,2026-42806,***Redacted***,"05/22/2026, 05:27:05 AM UTC",lookup,,
0e0373e7-bd48-4ce7-9fe8-39969d850945,Adam Grant,Bibb County SO GA,1357,"04/22/2026, 05:49:46 AM UTC
05/22/2026, 05:49:46 AM UTC",***Redacted***,Larceny/Theft Offenses - ,2026-1296,***Redacted***,"05/22/2026, 05:49:48 AM UTC",lookup - Mobile,,
5988af57-f8b9-47dc-82d0-11db66459f00,Dina Shurley,Bibb County SO GA,11,"05/17/2026, 07:30:00 PM UTC
05/17/2026, 08:00:00 PM UTC",***Redacted***,Motor Vehicle Theft/Stolen - ,2026-42806,***Redacted***,"05/22/2026, 09:40:22 AM UTC",search,,
95014673-204b-4466-bb9a-7af8dbca3f1c,Dina Shurley,Bibb County SO GA,11,"05/17/2026, 07:30:00 PM UTC
05/17/2026, 08:00:00 PM UTC",***Redacted***,Motor Vehicle Theft/Stolen - ,2026-42806,***Redacted***,"05/22/2026, 09:40:56 AM UTC",search,,
ef8b9000-ee88-423b-a822-3367ff0e9533,Dina Shurley,Bibb County SO GA,11,"05/17/2026, 07:30:00 PM UTC
05/17/2026, 08:00:00 PM UTC",***Redacted***,Motor Vehicle Theft/Stolen - ,2026-42806,***Redacted***,"05/22/2026, 09:43:15 AM UTC",search,,
06ca5f98-c396-4c4c-90c2-1c8e33ef7a4b,Dina Shurley,Bibb County SO GA,11,"05/17/2026, 07:30:00 PM UTC
05/17/2026, 08:00:00 PM UTC",***Redacted***,Motor Vehicle Theft/Stolen - ,2026-42806,***Redacted***,"05/22/2026, 09:44:10 AM UTC",search,,
82e0ab25-7dea-44d8-b616-612cc0fd8908,Dina Shurley,Bibb County SO GA,11,"05/17/2026, 07:00:00 PM UTC
05/17/2026, 08:00:00 PM UTC",***Redacted***,Motor Vehicle Theft/Stolen - ,2026-42806,***Redacted***,"05/22/2026, 10:09:31 AM UTC",search,,
09f25509-07ae-439e-9e58-42a99e65c480,Dina Shurley,Bibb County SO GA,11,"05/17/2026, 07:00:00 PM UTC
05/17/2026, 08:00:00 PM UTC",***Redacted***,Motor Vehicle Theft/Stolen - ,2026-42806,***Redacted***,"05/22/2026, 10:14:40 AM UTC",search,,
f521bd95-247b-4f1c-9c96-881f5f81912f,Justin Edwards,Bibb County SO GA,3,"05/15/2026, 12:30:20 PM UTC
05/22/2026, 12:30:20 PM UTC",***Redacted***,Assault/Battery Offenses - ,2024-67104,***Redacted***,"05/22/2026, 12:30:25 PM UTC",lookup - Mobile,,
1066e78b-6315-4892-b9b7-79ce6902d981,Dina Shurley,Bibb County SO GA,2,"05/22/2026, 11:50:00 AM UTC
05/22/2026, 12:15:00 PM UTC",***Redacted***,Larceny/Theft Offenses - ,2026-44295,***Redacted***,"05/22/2026, 12:51:02 PM UTC",lookup,,
375f3748-beaf-44f9-ac26-33e5f32434de,Dina Shurley,Bibb County SO GA,11,"05/22/2026, 11:50:00 AM UTC
05/22/2026, 12:15:00 PM UTC",***Redacted***,Larceny/Theft Offenses - ,2026-44295,***Redacted***,"05/22/2026, 12:53:41 PM UTC",lookup,,
5084f26f-0561-43c5-9f68-8247c7fd1d41,Dina Shurley,Bibb County SO GA,11,"05/22/2026, 11:50:00 AM UTC
05/22/2026, 12:15:00 PM UTC",***Redacted***,Larceny/Theft Offenses - ,2026-44295,***Redacted***,"05/22/2026, 12:53:49 PM UTC",lookup,,
899e5557-8756-433c-8c10-72966f0d3f60,Dina Shurley,Bibb County SO GA,11,"05/22/2026, 07:50:00 AM UTC
05/22/2026, 01:15:00 PM UTC",***Redacted***,Larceny/Theft Offenses - ,2026-44295,***Redacted***,"05/22/2026, 12:54:07 PM UTC",lookup,,
e9ca9890-d83f-4fc5-9301-da3165c4f962,Dina Shurley,Bibb County SO GA,11,"05/22/2026, 07:50:00 AM UTC
05/22/2026, 01:15:00 PM UTC",***Redacted***,Larceny/Theft Offenses - ,2026-44295,***Redacted***,"05/22/2026, 12:54:15 PM UTC",lookup,,
4f9f3875-bb8c-45f0-ad41-dd9c943da444,Dina Shurley,Bibb County SO GA,11,"05/22/2026, 07:50:00 AM UTC
05/22/2026, 01:15:00 PM UTC",***Redacted***,Larceny/Theft Offenses - ,2026-44295,***Redacted***,"05/22/2026, 12:54:55 PM UTC",lookup,,
ee5ad009-6258-460a-9011-4a699d40f9e2,Jeremy Holmes,Bibb County SO GA,2,"05/21/2026, 12:30:00 PM UTC
05/21/2026, 02:30:00 PM UTC",***Redacted***,Stalking - ,2026-44221,***Redacted***,"05/22/2026, 06:21:26 AM UTC",search,,
e99d6b45-fe54-404b-9da6-fb9c5c5bcf2a,Jeremy Holmes,Bibb County SO GA,2,"05/21/2026, 12:30:00 PM UTC
05/21/2026, 02:00:00 PM UTC",***Redacted***,Stalking - ,2026-44221,***Redacted***,"05/22/2026, 06:22:38 AM UTC",search,,
3e2451ff-a3e4-45fd-9ce6-af21b0e76d06,Adam Grant,Bibb County SO GA,1357,"04/22/2026, 07:22:04 AM UTC
05/22/2026, 07:22:04 AM UTC",***Redacted***,Larceny/Theft Offenses - ,2026-1296,***Redacted***,"05/22/2026, 07:22:08 AM UTC",lookup - Mobile,,
7184f125-86fe-4041-9507-3f7b340e382f,Alex Fletcher,Bibb County SO GA,1425,"05/20/2026, 04:30:45 AM UTC
05/22/2026, 04:30:45 AM UTC",***Redacted***,Robbery - ,2025-78977,***Redacted***,"05/22/2026, 04:02:47 AM UTC",lookup,,
241a0ceb-09c7-4bf1-b3ba-63049734de6e,Alex Fletcher,Bibb County SO GA,1425,"05/22/2026, 02:30:34 AM UTC
05/22/2026, 04:30:34 AM UTC",***Redacted***,Robbery - ,2025-78977,***Redacted***,"05/22/2026, 04:04:37 AM UTC",lookup,,
c9377bae-f183-42e2-996e-df2419c30151,Alex Fletcher,Bibb County SO GA,1425,"05/22/2026, 02:30:34 AM UTC
05/22/2026, 04:30:34 AM UTC",***Redacted***,Robbery - ,2025-78977,***Redacted***,"05/22/2026, 04:09:55 AM UTC",lookup,,
cc700c16-44c4-4b3c-a904-3113a9dfa35e,Alex Fletcher,Bibb County SO GA,1425,"05/22/2026, 02:30:34 AM UTC
05/22/2026, 04:30:34 AM UTC",***Redacted***,Robbery - ,2025-78977,***Redacted***,"05/22/2026, 04:11:22 AM UTC",lookup,,
caf01fd5-99b8-41b9-b574-02159c2f3dc6,Alex Fletcher,Bibb County SO GA,1425,"05/22/2026, 02:30:34 AM UTC
05/22/2026, 04:30:34 AM UTC",***Redacted***,Robbery - ,2025-78977,***Redacted***,"05/22/2026, 04:13:22 AM UTC",lookup,,
67a06c6b-1857-42f0-b183-d01ad09b2826,Alex Fletcher,Bibb County SO GA,1425,"05/21/2026, 04:30:30 AM UTC
05/22/2026, 04:30:30 AM UTC",***Redacted***,Robbery - ,2025-78977,***Redacted***,"05/22/2026, 04:14:32 AM UTC",lookup,,
87e75dc3-5b50-4b14-9936-184de953b38d,Adam Grant,Bibb County SO GA,1357,"04/22/2026, 04:17:13 AM UTC
05/22/2026, 04:17:13 AM UTC",***Redacted***,Larceny/Theft Offenses - ,2026-1296,***Redacted***,"05/22/2026, 04:17:16 AM UTC",lookup - Mobile,,
493efc44-e70c-40e4-ae0d-5723232df0a2,Alex Fletcher,Bibb County SO GA,1425,"05/21/2026, 04:30:30 AM UTC
05/22/2026, 04:30:30 AM UTC",***Redacted***,Robbery - ,2025-78977,***Redacted***,"05/22/2026, 04:17:52 AM UTC",lookup,,
6a522e72-b454-4b5e-8873-f8f13ae6b90a,Alex Fletcher,Bibb County SO GA,1425,"05/22/2026, 03:00:11 AM UTC
05/22/2026, 05:00:11 AM UTC",***Redacted***,Motor Vehicle Theft/Stolen - ,2026-42806,***Redacted***,"05/22/2026, 04:38:45 AM UTC",lookup,,
b2401086-3a77-4c65-a6e3-486c6a19b12c,Alex Fletcher,Bibb County SO GA,1425,"05/21/2026, 05:00:47 AM UTC
05/22/2026, 05:00:47 AM UTC",***Redacted***,Motor Vehicle Theft/Stolen - ,2026-42806,***Redacted***,"05/22/2026, 04:38:50 AM UTC",lookup,,
18a1de2f-6935-4429-985a-a73a5bd344af,Alex Fletcher,Bibb County SO GA,1425,"05/21/2026, 05:00:47 AM UTC
05/22/2026, 05:00:47 AM UTC",***Redacted***,Motor Vehicle Theft/Stolen - ,2026-42806,***Redacted***,"05/22/2026, 04:39:43 AM UTC",lookup,,
5e9961df-987c-44c9-b393-d313a31080f3,Alex Fletcher,Bibb County SO GA,1425,"04/22/2026, 05:00:45 AM UTC
05/22/2026, 05:00:45 AM UTC",***Redacted***,Motor Vehicle Theft/Stolen - ,2026-42806,***Redacted***,"05/22/2026, 04:39:49 AM UTC",lookup,,
ff21f805-a41f-42dd-a480-622c88751aa8,Adam Grant,Bibb County SO GA,1357,"04/22/2026, 04:44:05 AM UTC
05/22/2026, 04:44:05 AM UTC",***Redacted***,Larceny/Theft Offenses - ,2026-1296,***Redacted***,"05/22/2026, 04:44:07 AM UTC",lookup - Mobile,,
3dc94c72-5b72-4d54-91ad-0fa547ea81a9,Alex Fletcher,Bibb County SO GA,1425,"04/22/2026, 05:00:45 AM UTC
05/22/2026, 05:00:45 AM UTC",***Redacted***,Motor Vehicle Theft/Stolen - ,2026-42806,***Redacted***,"05/22/2026, 04:45:37 AM UTC",lookup,,
23c763d1-5504-474e-904e-30df887856d0,Alex Fletcher,Bibb County SO GA,1425,"05/21/2026, 05:00:25 AM UTC
05/22/2026, 05:00:25 AM UTC",***Redacted***,Motor Vehicle Theft/Stolen - ,2026-42806,***Redacted***,"05/22/2026, 04:46:27 AM UTC",lookup,,
1e236ec5-dde6-4b96-a082-a9045b90f029,Justin Edwards,Bibb County SO GA,3,"05/15/2026, 01:09:53 PM UTC
05/22/2026, 01:09:53 PM UTC",***Redacted***,Assault/Battery Offenses - ,2024-67104,***Redacted***,"05/22/2026, 01:09:56 PM UTC",lookup - Mobile,,
5d06975c-7199-4fe1-9d00-e9e3de32be74,Dina Shurley,Bibb County SO GA,11,"05/21/2026, 07:50:00 AM UTC
05/22/2026, 01:00:00 PM UTC",***Redacted***,Larceny/Theft Offenses - ,2026-44295,***Redacted***,"05/22/2026, 01:09:59 PM UTC",search,,
3927cff0-d1f3-4f3b-ae28-843123b3a19a,Dina Shurley,Bibb County SO GA,11,"05/21/2026, 07:50:00 AM UTC
05/22/2026, 01:00:00 PM UTC",***Redacted***,Larceny/Theft Offenses - ,2026-44295,***Redacted***,"05/22/2026, 01:10:29 PM UTC",lookup,,
dba70316-c4b8-408b-b9bc-e6c6196efbfd,Dina Shurley,Bibb County SO GA,11,"05/21/2026, 07:50:00 AM UTC
05/22/2026, 01:00:00 PM UTC",***Redacted***,Larceny/Theft Offenses - ,2026-44295,***Redacted***,"05/22/2026, 01:10:39 PM UTC",search,,
022f1b93-42ba-47bd-be66-a95055ffefd5,Dina Shurley,Bibb County SO GA,11,"05/21/2026, 07:50:00 AM UTC
05/22/2026, 01:00:00 PM UTC",***Redacted***,Larceny/Theft Offenses - ,2026-44295,***Redacted***,"05/22/2026, 01:10:56 PM UTC",search,,
d9119343-2bd1-445b-950f-12c9f30d8529,Dina Shurley,Bibb County SO GA,11,"05/21/2026, 07:50:00 AM UTC
05/22/2026, 01:00:00 PM UTC",***Redacted***,Larceny/Theft Offenses - ,2026-44295,***Redacted***,"05/22/2026, 01:11:05 PM UTC",lookup,,
0a562034-b34f-48ad-8f59-b63031565d2d,Dina Shurley,Bibb County SO GA,11,"05/21/2026, 07:50:00 AM UTC
05/22/2026, 01:00:00 PM UTC",***Redacted***,Larceny/Theft Offenses - ,2026-44295,***Redacted***,"05/22/2026, 01:11:11 PM UTC",lookup,,
b3d197a6-691c-4501-9e47-75033d761132,Dina Shurley,Bibb County SO GA,11,"05/21/2026, 01:30:18 PM UTC
05/22/2026, 01:30:18 PM UTC",***Redacted***,Larceny/Theft Offenses - ,2026-44295,***Redacted***,"05/22/2026, 01:11:25 PM UTC",search,,
5cd0d710-959f-466d-855c-772aa7a594ed,Dina Shurley,Bibb County SO GA,11,"05/21/2026, 01:30:18 PM UTC
05/22/2026, 01:30:18 PM UTC",***Redacted***,Larceny/Theft Offenses - ,2026-44295,***Redacted***,"05/22/2026, 01:11:35 PM UTC",search,,
b16316fd-a16f-4477-9c0b-0fbb969c3d14,Dina Shurley,Bibb County SO GA,11,"05/21/2026, 01:30:18 PM UTC
05/22/2026, 01:30:18 PM UTC",***Redacted***,Larceny/Theft Offenses - ,2026-44295,***Redacted***,"05/22/2026, 01:11:42 PM UTC",search,,
a385b533-d397-4eda-95b0-16d41cb58fea,Dina Shurley,Bibb County SO GA,11,"05/21/2026, 01:30:18 PM UTC
05/22/2026, 01:30:18 PM UTC",***Redacted***,Larceny/Theft Offenses - ,2026-44295,***Redacted***,"05/22/2026, 01:12:08 PM UTC",search,,
498568f2-47f8-497b-9422-582f6d8f880d,Dina Shurley,Bibb County SO GA,11,"05/21/2026, 01:30:18 PM UTC
05/22/2026, 01:30:18 PM UTC",***Redacted***,Larceny/Theft Offenses - ,2026-44295,***Redacted***,"05/22/2026, 01:13:17 PM UTC",search,,
b5eac30c-6ae3-4bcf-bdad-63528f5402eb,Dina Shurley,Bibb County SO GA,11,"05/21/2026, 01:30:18 PM UTC
05/22/2026, 01:30:18 PM UTC",***Redacted***,Larceny/Theft Offenses - ,2026-44295,***Redacted***,"05/22/2026, 01:13:32 PM UTC",lookup,,
dcf9836a-af3e-4884-8725-2ceba72db907,Dina Shurley,Bibb County SO GA,11,"05/21/2026, 01:30:18 PM UTC
05/22/2026, 01:30:18 PM UTC",***Redacted***,Larceny/Theft Offenses - ,2026-44295,***Redacted***,"05/22/2026, 01:13:41 PM UTC",lookup,,
49837f86-5984-4c21-8c7c-e375221d4b95,Kirsten Davella,Bibb County SO GA,1512,"05/22/2026, 12:00:42 PM UTC
05/22/2026, 02:00:42 PM UTC",***Redacted***,Assault/Battery Offenses - ,2026-44149,***Redacted***,"05/22/2026, 01:54:11 PM UTC",search,,
b00619bc-f497-4eb0-84cc-59b50e9cd685,Kirsten Davella,Bibb County SO GA,3,"05/21/2026, 02:00:23 PM UTC
05/22/2026, 02:00:23 PM UTC",***Redacted***,Assault/Battery Offenses - ,2026-44149,***Redacted***,"05/22/2026, 01:54:24 PM UTC",search,,
041f0cd5-e241-4bcf-88bd-76bc677695da,Kirsten Davella,Bibb County SO GA,3,"05/21/2026, 02:00:23 PM UTC
05/22/2026, 02:00:23 PM UTC",***Redacted***,Assault/Battery Offenses - ,2026-44149,***Redacted***,"05/22/2026, 01:54:46 PM UTC",visual,,
28693f01-d2ed-47ca-ac7d-79b186cba5be,Jonathan Hubbard,Bibb County SO GA,11,"05/22/2026, 07:00:04 PM UTC
05/22/2026, 09:00:04 PM UTC",***Redacted***,Trespass - ,2026-44443,***Redacted***,"05/22/2026, 08:59:35 PM UTC",search,,
e6ecb4d2-d94b-43ce-9c6f-590d1b6ec124,Justin Edwards,Bibb County SO GA,3,"05/15/2026, 09:00:39 PM UTC
05/22/2026, 09:00:39 PM UTC",***Redacted***,Assault/Battery Offenses - ,2024-67104,***Redacted***,"05/22/2026, 09:00:43 PM UTC",lookup - Mobile,,
6409a452-be98-4921-80c4-397d386acd74,Christian Erceg,Bibb County SO GA,11,"05/22/2026, 11:00:01 PM UTC
05/23/2026, 01:00:01 AM UTC",***Redacted***,Hit and Run/Car Accident - ,2026-44536,***Redacted***,"05/23/2026, 12:58:01 AM UTC",search,,
c2da15ca-2681-4c57-8ce1-2189fbcfa8b3,Adam Grant,Bibb County SO GA,1357,"05/21/2026, 05:36:55 PM UTC
05/22/2026, 05:36:55 PM UTC",***Redacted***,Motor Vehicle Theft/Stolen - ,2026-44375,***Redacted***,"05/22/2026, 05:36:56 PM UTC",lookup - Mobile,,
9406c4fc-c6cf-4622-9d7b-6653e53ce22c,Seth Vonderhuevel,Bibb County SO GA,1357,"05/21/2026, 05:39:33 PM UTC
05/22/2026, 05:39:33 PM UTC",***Redacted***,Motor Vehicle Theft/Stolen - ,26-42655,***Redacted***,"05/22/2026, 05:39:34 PM UTC",lookup - Mobile,,
26dd673d-cc9b-4a34-80c4-83a4b9951a95,Enrique Hogan,Bibb County SO GA,730,"04/22/2026, 02:36:58 PM UTC
05/22/2026, 02:36:58 PM UTC",***Redacted***,Wanted Person (Arrest Warrant/Fugitive) - ,FID 11295681,***Redacted***,"05/22/2026, 02:37:07 PM UTC",search - Mobile,,
dc45b353-f581-4bb8-953d-db74b4869150,Dina Shurley,Bibb County SO GA,11,"05/17/2026, 07:05:00 PM UTC
05/17/2026, 09:30:00 PM UTC",***Redacted***,Motor Vehicle Theft/Stolen - ,2026-42806,***Redacted***,"05/22/2026, 03:06:26 PM UTC",search,,
31ba00c5-0b32-4cac-86db-a1a3307a0618,Dina Shurley,Bibb County SO GA,11,"05/17/2026, 07:05:00 PM UTC
05/17/2026, 09:30:00 PM UTC",***Redacted***,Motor Vehicle Theft/Stolen - ,2026-42806,***Redacted***,"05/22/2026, 03:07:35 PM UTC",search,,
558fd047-7549-40cd-bc76-1b29e4df6938,Dina Shurley,Bibb County SO GA,11,"05/17/2026, 07:05:00 PM UTC
05/17/2026, 09:30:00 PM UTC",***Redacted***,Motor Vehicle Theft/Stolen - ,2026-42806,***Redacted***,"05/22/2026, 03:08:31 PM UTC",search,,
7678ceda-1740-4eec-bf79-3d78d2f61f75,MELANIE HOFMANN,Bibb County SO GA,11,"04/22/2026, 03:30:00 PM UTC
05/22/2026, 03:30:00 PM UTC",***Redacted***,Stolen Property Offenses - ,26 5355,***Redacted***,"05/22/2026, 03:10:03 PM UTC",lookup,,
8315270b-3f3a-4f64-b540-f65c9e3094c8,Dina Shurley,Bibb County SO GA,11,"05/17/2026, 07:05:00 PM UTC
05/17/2026, 09:30:00 PM UTC",***Redacted***,Motor Vehicle Theft/Stolen - ,2026-42806,***Redacted***,"05/22/2026, 03:12:46 PM UTC",lookup,,
bd6039ca-30f9-4d72-bca0-18f2e52f687f,Dina Shurley,Bibb County SO GA,11,"05/15/2026, 03:30:51 PM UTC
05/22/2026, 03:30:51 PM UTC",***Redacted***,Motor Vehicle Theft/Stolen - ,2026-42806,***Redacted***,"05/22/2026, 03:12:55 PM UTC",lookup,,
21fb80c4-21a2-4ccb-9001-904c33a2daf1,Kirsten Davella,Bibb County SO GA,1512,"05/23/2026, 06:20:00 PM UTC
05/23/2026, 07:00:00 PM UTC",***Redacted***,Assault/Battery Offenses - ,2026-44774,***Redacted***,"05/23/2026, 08:23:51 PM UTC",search,,
448dc5a8-d603-4105-aa12-171571789b42,Kirsten Davella,Bibb County SO GA,856,"04/23/2026, 08:24:03 PM UTC
05/23/2026, 08:24:03 PM UTC",***Redacted***,Assault/Battery Offenses - ,2026-44774,***Redacted***,"05/23/2026, 08:24:07 PM UTC",lookup,,
0cf2161d-ca2f-4dda-aaa9-820e90b7536c,Kirsten Davella,Bibb County SO GA,1512,"05/22/2026, 09:00:22 PM UTC
05/23/2026, 09:00:22 PM UTC",***Redacted***,Assault/Battery Offenses - ,2026-44774,***Redacted***,"05/23/2026, 08:33:24 PM UTC",lookup,,
657492d7-5d5b-4150-b88e-9d71938d4972,Kirsten Davella,Bibb County SO GA,3,"04/23/2026, 09:00:00 PM UTC
05/23/2026, 09:00:00 PM UTC",***Redacted***,Assault/Battery Offenses - ,2026-44149,***Redacted***,"05/23/2026, 08:42:03 PM UTC",search,,
daac1390-1adb-437a-bcde-28c97497ad6f,Kirsten Davella,Bibb County SO GA,3,"05/22/2026, 09:00:30 PM UTC
05/23/2026, 09:00:30 PM UTC",***Redacted***,Assault/Battery Offenses - ,2026-44149,***Redacted***,"05/23/2026, 08:42:37 PM UTC",visual,,
33f74053-e8f5-4bb4-b984-c539827497fc,Kirsten Davella,Bibb County SO GA,1,"05/23/2026, 08:29:09 PM UTC
05/23/2026, 08:44:09 PM UTC",***Redacted***,Robbery - ,2026-44482,***Redacted***,"05/23/2026, 08:44:22 PM UTC",search,,
ca7a790f-febf-4f8a-81e0-4692ff203fac,Kirsten Davella,Bibb County SO GA,1,"05/22/2026, 09:30:00 PM UTC
05/22/2026, 10:30:00 PM UTC",***Redacted***,Robbery - ,2026-44482,***Redacted***,"05/23/2026, 08:44:43 PM UTC",search,,
502d46f7-f209-430a-a93d-fac09934965c,Kirsten Davella,Bibb County SO GA,1,"05/22/2026, 09:30:00 PM UTC
05/22/2026, 10:30:00 PM UTC",***Redacted***,Robbery - ,2026-44482,***Redacted***,"05/23/2026, 08:44:54 PM UTC",search,,
ea8bca3d-8394-46bd-a093-e6e6a709714b,Kirsten Davella,Bibb County SO GA,1,"05/22/2026, 09:30:00 PM UTC
05/22/2026, 10:30:00 PM UTC",***Redacted***,Robbery - ,2026-44482,***Redacted***,"05/23/2026, 08:44:56 PM UTC",search,,
3a66bfb5-325d-4b8e-9b7f-16bcc61afffd,Kirsten Davella,Bibb County SO GA,1,"05/22/2026, 09:30:00 PM UTC
05/22/2026, 10:30:00 PM UTC",***Redacted***,Robbery - ,2026-44482,***Redacted***,"05/23/2026, 08:45:37 PM UTC",search,,
e9bc1821-2b1f-4b90-9ff1-704ef4d99cc4,Wesley Durbin,Bibb County SO GA,3,"04/22/2026, 06:30:53 PM UTC
05/22/2026, 06:30:53 PM UTC",***Redacted***,Burglary/Breaking & Entering - ,2026-44325,***Redacted***,"05/22/2026, 06:04:57 PM UTC",lookup,,
56e16494-27c7-4db4-9c84-23fbf5557fc9,Wesley Durbin,Bibb County SO GA,1,"04/22/2026, 06:30:53 PM UTC
05/22/2026, 06:30:53 PM UTC",***Redacted***,Burglary/Breaking & Entering - ,2026-44325,***Redacted***,"05/22/2026, 06:05:05 PM UTC",lookup,,
23fe05a3-2c91-4784-8139-166b2739d32b,Wesley Durbin,Bibb County SO GA,776,"04/22/2026, 06:30:53 PM UTC
05/22/2026, 06:30:53 PM UTC",***Redacted***,Burglary/Breaking & Entering - ,2026-44325,***Redacted***,"05/22/2026, 06:05:24 PM UTC",lookup,,
3ddd0547-fddf-4ab0-a7a2-161421dc2f7b,Wesley Durbin,Bibb County SO GA,1,"04/22/2026, 06:30:53 PM UTC
05/22/2026, 06:30:53 PM UTC",***Redacted***,Burglary/Breaking & Entering - ,2026-44325,***Redacted***,"05/22/2026, 06:05:38 PM UTC",lookup,,
4bb34d9e-0457-4488-8d6f-d68a13bd3db5,Wesley Durbin,Bibb County SO GA,776,"05/08/2026, 06:30:37 PM UTC
05/22/2026, 06:30:37 PM UTC",***Redacted***,Burglary/Breaking & Entering - ,2026-44325,***Redacted***,"05/22/2026, 06:06:39 PM UTC",lookup,,
bc7f2934-5dd5-42b4-884b-44a38ccf4fd8,Wesley Durbin,Bibb County SO GA,1,"05/08/2026, 06:30:37 PM UTC
05/22/2026, 06:30:37 PM UTC",***Redacted***,Burglary/Breaking & Entering - ,2026-44325,***Redacted***,"05/22/2026, 06:06:50 PM UTC",lookup,,
3f37e4fc-47d7-49ff-b388-d5210c777bb0,Wesley Durbin,Bibb County SO GA,776,"05/16/2026, 05:30:00 AM UTC
05/16/2026, 06:30:00 AM UTC",***Redacted***,Burglary/Breaking & Entering - ,2026-44325,***Redacted***,"05/22/2026, 06:09:46 PM UTC",search,,
5c0aecd3-f0be-4802-8206-fa50fe30b4ca,Wesley Durbin,Bibb County SO GA,3,"05/16/2026, 05:30:00 AM UTC
05/16/2026, 06:30:00 AM UTC",***Redacted***,Burglary/Breaking & Entering - ,2026-44325,***Redacted***,"05/22/2026, 06:09:58 PM UTC",search,,
14f70880-9294-446c-bfc8-8a82e2527230,Wesley Durbin,Bibb County SO GA,3,"05/16/2026, 05:30:00 AM UTC
05/16/2026, 06:30:00 AM UTC",***Redacted***,Burglary/Breaking & Entering - ,2026-44325,***Redacted***,"05/22/2026, 06:11:58 PM UTC",search,,
43553bd3-6208-4184-b3a9-bd9dfc41e368,Wesley Durbin,Bibb County SO GA,1,"05/16/2026, 05:30:00 AM UTC
05/16/2026, 06:30:00 AM UTC",***Redacted***,Burglary/Breaking & Entering - ,2026-44325,***Redacted***,"05/22/2026, 06:12:09 PM UTC",search,,
eb607df9-8b52-4f45-9d8a-1365fa1bbc97,Wesley Durbin,Bibb County SO GA,3,"05/16/2026, 05:30:00 AM UTC
05/16/2026, 06:30:00 AM UTC",***Redacted***,Burglary/Breaking & Entering - ,2026-44325,***Redacted***,"05/22/2026, 06:15:03 PM UTC",search,,
0901b29f-37bf-43ce-b05b-dffffb4376ef,Wesley Durbin,Bibb County SO GA,776,"05/16/2026, 04:00:00 AM UTC
05/16/2026, 07:00:00 AM UTC",***Redacted***,Burglary/Breaking & Entering - ,2026-44325,***Redacted***,"05/22/2026, 07:40:00 PM UTC",search,,
9378d0c5-f8ab-4706-b479-5803c2f242e1,Wesley Durbin,Bibb County SO GA,776,"05/16/2026, 04:00:00 AM UTC
05/16/2026, 07:00:00 AM UTC",***Redacted***,Burglary/Breaking & Entering - ,2026-44325,***Redacted***,"05/22/2026, 07:41:15 PM UTC",lookup,,
7a6d3e52-eaac-47cf-b3f6-6caefe448756,Adam Grant,Bibb County SO GA,1357,"05/03/2026, 04:00:00 AM UTC
05/06/2026, 03:59:59 AM UTC",***Redacted***,Motor Vehicle Theft/Stolen - ,2026-44387,***Redacted***,"05/22/2026, 07:55:59 PM UTC",lookup - Mobile,,
a453b18e-3714-4fcc-a13d-3978adfef4f6,Courtney Wilder,Bibb County SO GA,11,"05/15/2026, 07:00:03 PM UTC
05/22/2026, 07:00:03 PM UTC",***Redacted***,Motor Vehicle Theft/Stolen - ,857,***Redacted***,"05/22/2026, 08:01:35 PM UTC",lookup,,
bf40bfe9-c748-4c2e-b4b1-b05f33ab74d6,Justin Edwards,Bibb County SO GA,3,"05/15/2026, 10:29:04 PM UTC
05/22/2026, 10:29:04 PM UTC",***Redacted***,Assault/Battery Offenses - ,2024-67104,***Redacted***,"05/22/2026, 10:29:07 PM UTC",lookup - Mobile,,
79b3ab9a-47f0-4109-828b-43f4be4598ed,Justin Edwards,Bibb County SO GA,776,"05/16/2026, 04:00:00 AM UTC
05/18/2026, 03:59:59 AM UTC",***Redacted***,Assault/Battery Offenses - ,2024-67104,***Redacted***,"05/22/2026, 10:35:43 PM UTC",search - Mobile,,
124f8606-f510-4588-85fc-84ee62a0a375,Justin Edwards,Bibb County SO GA,776,"05/16/2026, 04:00:00 AM UTC
05/18/2026, 03:59:59 AM UTC",***Redacted***,Assault/Battery Offenses - ,2024-67104,***Redacted***,"05/22/2026, 10:36:52 PM UTC",search - Mobile,,
1f2041bb-6488-4c78-98fe-a7179d6df925,Justin Edwards,Bibb County SO GA,776,"05/16/2026, 04:00:00 AM UTC
05/18/2026, 03:59:59 AM UTC",***Redacted***,Assault/Battery Offenses - ,2024-67104,***Redacted***,"05/22/2026, 10:37:47 PM UTC",search - Mobile,,
0604034d-b0ac-4a62-9833-9f448471f5e3,Justin Edwards,Bibb County SO GA,3,"05/15/2026, 10:53:47 PM UTC
05/22/2026, 10:53:47 PM UTC",***Redacted***,Assault/Battery Offenses - ,2024-67104,***Redacted***,"05/22/2026, 10:53:48 PM UTC",lookup - Mobile,,
a377169c-c2fa-4867-9c61-20a071f55826,Justin Edwards,Bibb County SO GA,3,"05/15/2026, 10:55:14 PM UTC
05/22/2026, 10:55:14 PM UTC",***Redacted***,Assault/Battery Offenses - ,2024-67104,***Redacted***,"05/22/2026, 10:55:17 PM UTC",lookup - Mobile,,
79250351-081e-47d8-b104-7bf053aef99e,Justin Edwards,Bibb County SO GA,776,"05/16/2026, 04:00:00 AM UTC
05/18/2026, 03:59:59 AM UTC",***Redacted***,Assault/Battery Offenses - ,2024-67104,***Redacted***,"05/22/2026, 10:55:29 PM UTC",search - Mobile,,
b67d60e3-06d3-4246-bef2-0817e947da1c,Seth Vonderhuevel,Bibb County SO GA,1357,"05/22/2026, 03:42:30 AM UTC
05/23/2026, 03:42:30 AM UTC",***Redacted***,Motor Vehicle Theft/Stolen - ,26-42165,***Redacted***,"05/23/2026, 03:42:35 AM UTC",lookup - Mobile,,
a19c5f73-b628-4d62-9924-493fdd792b1f,Seth Vonderhuevel,Bibb County SO GA,1357,"05/22/2026, 03:43:56 AM UTC
05/23/2026, 03:43:56 AM UTC",***Redacted***,Motor Vehicle Theft/Stolen - ,26-42165,***Redacted***,"05/23/2026, 03:43:57 AM UTC",lookup - Mobile,,
190637b1-e5db-4d37-bc61-5319a93454d0,Seth Vonderhuevel,Bibb County SO GA,1357,"05/22/2026, 03:45:27 AM UTC
05/23/2026, 03:45:27 AM UTC",***Redacted***,Motor Vehicle Theft/Stolen - ,26-42165,***Redacted***,"05/23/2026, 03:45:27 AM UTC",lookup - Mobile,,
a4e44fbe-b68f-4703-8377-e2cd0380da9f,Seth Vonderhuevel,Bibb County SO GA,1357,"05/22/2026, 03:46:53 AM UTC
05/23/2026, 03:46:53 AM UTC",***Redacted***,Motor Vehicle Theft/Stolen - ,26-42165,***Redacted***,"05/23/2026, 03:46:55 AM UTC",lookup - Mobile,,
67ea86ab-331a-471e-a64d-2b50737a220e,Seth Vonderhuevel,Bibb County SO GA,1357,"05/22/2026, 03:48:11 AM UTC
05/23/2026, 03:48:11 AM UTC",***Redacted***,Motor Vehicle Theft/Stolen - ,26-42165,***Redacted***,"05/23/2026, 03:48:11 AM UTC",lookup - Mobile,,
6270f700-7429-4528-bd9b-32778603ac1f,Seth Vonderhuevel,Bibb County SO GA,1357,"05/22/2026, 03:48:23 AM UTC
05/23/2026, 03:48:23 AM UTC",***Redacted***,Motor Vehicle Theft/Stolen - ,26-42165,***Redacted***,"05/23/2026, 03:48:23 AM UTC",lookup - Mobile,,
3cdcf368-fc9c-4c6a-9d6a-3d8b0380b8c7,Seth Vonderhuevel,Bibb County SO GA,1357,"05/22/2026, 03:48:54 AM UTC
05/23/2026, 03:48:54 AM UTC",***Redacted***,Motor Vehicle Theft/Stolen - ,26-42165,***Redacted***,"05/23/2026, 03:48:56 AM UTC",lookup - Mobile,,
79fdc99e-a7f7-4471-851e-59c8d03006d6,Seth Vonderhuevel,Bibb County SO GA,1357,"05/22/2026, 03:49:29 AM UTC
05/23/2026, 03:49:29 AM UTC",***Redacted***,Motor Vehicle Theft/Stolen - ,26-42165,***Redacted***,"05/23/2026, 03:49:32 AM UTC",lookup - Mobile,,
e73e530a-bc69-454c-ac46-ec6d757e3bd0,Seth Vonderhuevel,Bibb County SO GA,1357,"05/22/2026, 03:49:50 AM UTC
05/23/2026, 03:49:50 AM UTC",***Redacted***,Motor Vehicle Theft/Stolen - ,26-42165,***Redacted***,"05/23/2026, 03:49:51 AM UTC",lookup - Mobile,,
102702be-b9c1-4ef2-8dd9-3086dd234240,Seth Vonderhuevel,Bibb County SO GA,1357,"05/22/2026, 03:50:32 AM UTC
05/23/2026, 03:50:32 AM UTC",***Redacted***,Motor Vehicle Theft/Stolen - ,26-42165,***Redacted***,"05/23/2026, 03:50:32 AM UTC",lookup - Mobile,,
9f5b783a-fa3b-4b17-a9f7-43b28deba307,Seth Vonderhuevel,Bibb County SO GA,1357,"05/22/2026, 03:51:35 AM UTC
05/23/2026, 03:51:35 AM UTC",***Redacted***,Motor Vehicle Theft/Stolen - ,26-42165,***Redacted***,"05/23/2026, 03:51:36 AM UTC",lookup - Mobile,,
5cfc4e77-fcfe-4f6d-bf64-768a742dd9df,Seth Vonderhuevel,Bibb County SO GA,1357,"05/22/2026, 03:52:26 AM UTC
05/23/2026, 03:52:26 AM UTC",***Redacted***,Motor Vehicle Theft/Stolen - ,26-42165,***Redacted***,"05/23/2026, 03:52:27 AM UTC",lookup - Mobile,,
1ec41d6b-4ddc-4593-be7d-2a863c74e8f5,Seth Vonderhuevel,Bibb County SO GA,1357,"05/22/2026, 03:53:20 AM UTC
05/23/2026, 03:53:20 AM UTC",***Redacted***,Motor Vehicle Theft/Stolen - ,26-42165,***Redacted***,"05/23/2026, 03:53:20 AM UTC",lookup - Mobile,,
de8ef999-1de8-4085-aba8-8824f62038cf,Seth Vonderhuevel,Bibb County SO GA,1357,"05/22/2026, 03:54:03 AM UTC
05/23/2026, 03:54:03 AM UTC",***Redacted***,Motor Vehicle Theft/Stolen - ,26-42165,***Redacted***,"05/23/2026, 03:54:04 AM UTC",lookup - Mobile,,
bbbe8c62-a1d1-4dd9-89b3-b260533ed891,Seth Vonderhuevel,Bibb County SO GA,1357,"05/22/2026, 03:54:22 AM UTC
05/23/2026, 03:54:22 AM UTC",***Redacted***,Motor Vehicle Theft/Stolen - ,26-42165,***Redacted***,"05/23/2026, 03:54:23 AM UTC",lookup - Mobile,,
fea275d3-66c6-4789-8607-359c23dcd1da,Seth Vonderhuevel,Bibb County SO GA,1357,"05/22/2026, 03:57:40 AM UTC
05/23/2026, 03:57:40 AM UTC",***Redacted***,Motor Vehicle Theft/Stolen - ,26-42165,***Redacted***,"05/23/2026, 03:57:42 AM UTC",lookup - Mobile,,
db9d116a-6a9d-45d6-8a93-848af165dcc4,Seth Vonderhuevel,Bibb County SO GA,1357,"05/22/2026, 04:00:29 AM UTC
05/23/2026, 04:00:29 AM UTC",***Redacted***,Motor Vehicle Theft/Stolen - ,26-42165,***Redacted***,"05/23/2026, 04:00:30 AM UTC",lookup - Mobile,,
6631f1d6-ddfa-456c-b221-f2c8c6bfdaa5,Christian Erceg,Bibb County SO GA,11,"05/22/2026, 11:00:01 PM UTC
05/23/2026, 01:00:01 AM UTC",***Redacted***,Hit and Run/Car Accident - ,2026-44607,***Redacted***,"05/23/2026, 04:55:43 AM UTC",lookup,,
f7cd212b-dc23-4bc5-a42a-f3f89bf102cd,Adam Grant,Bibb County SO GA,1357,"04/23/2026, 05:06:04 AM UTC
05/23/2026, 05:06:04 AM UTC",***Redacted***,Larceny/Theft Offenses - ,2026-1296,***Redacted***,"05/23/2026, 05:06:11 AM UTC",lookup - Mobile,,
de29ff03-8bf7-4455-b7cd-995da6d6034b,Ariyanna Crane,Bibb County SO GA,11,"04/23/2026, 06:00:29 AM UTC
05/23/2026, 06:00:29 AM UTC",***Redacted***,Motor Vehicle Theft/Stolen - ,2026-44597,***Redacted***,"05/23/2026, 05:37:37 AM UTC",search,,
14fa28a4-2e14-4cb0-8571-242563bd0f04,Ariyanna Crane,Bibb County SO GA,11,"04/23/2026, 06:00:29 AM UTC
05/23/2026, 06:00:29 AM UTC",***Redacted***,Motor Vehicle Theft/Stolen - ,2026-44597,***Redacted***,"05/23/2026, 05:38:01 AM UTC",search,,
ca09c740-e63e-4210-9edc-b32d420d3456,Seth Vonderhuevel,Bibb County SO GA,1357,"05/17/2026, 04:00:00 AM UTC
05/18/2026, 03:59:59 AM UTC",***Redacted***,Hit and Run/Car Accident - ,26-42876,***Redacted***,"05/23/2026, 07:37:56 PM UTC",search - Mobile,,
79f10733-fa71-48d4-a302-eda38a06186c,Seth Vonderhuevel,Bibb County SO GA,3,"05/17/2026, 04:00:00 AM UTC
05/18/2026, 03:59:59 AM UTC",***Redacted***,Hit and Run/Car Accident - ,26-42876,***Redacted***,"05/23/2026, 07:38:26 PM UTC",search - Mobile,,
87f0e067-4c0e-410d-bfdd-baff0cd4455f,Seth Vonderhuevel,Bibb County SO GA,1357,"05/17/2026, 04:00:00 AM UTC
05/18/2026, 03:59:59 AM UTC",***Redacted***,Hit and Run/Car Accident - ,26-42876,***Redacted***,"05/23/2026, 07:39:32 PM UTC",search - Mobile,,
3143822d-70ec-4bba-8ed3-6f1a54d50df3,Seth Vonderhuevel,Bibb County SO GA,3,"05/17/2026, 04:00:00 AM UTC
05/18/2026, 03:59:59 AM UTC",***Redacted***,Hit and Run/Car Accident - ,26-42876,***Redacted***,"05/23/2026, 07:40:11 PM UTC",search - Mobile,,
01ca74d0-5759-4a35-9c90-1579f063979d,Justin Edwards,Bibb County SO GA,3,"05/16/2026, 07:45:48 PM UTC
05/23/2026, 07:45:48 PM UTC",***Redacted***,Assault/Battery Offenses - ,2024-67104,***Redacted***,"05/23/2026, 07:46:10 PM UTC",lookup - Mobile,,
e05b0ea7-5119-4a2b-8ebb-359f60c6559b,Kirsten Davella,Bibb County SO GA,1512,"05/23/2026, 06:20:00 PM UTC
05/23/2026, 07:00:00 PM UTC",***Redacted***,Assault/Battery Offenses - ,2026-44774,***Redacted***,"05/23/2026, 07:55:56 PM UTC",search,,
0a6c7510-a1f2-46be-972c-ca1840ff1737,Kirsten Davella,Bibb County SO GA,856,"04/23/2026, 07:58:12 PM UTC
05/23/2026, 07:58:12 PM UTC",***Redacted***,Assault/Battery Offenses - ,2026-44774,***Redacted***,"05/23/2026, 07:58:18 PM UTC",lookup,,
ccd99ecd-d2d8-4b46-8f39-9d8c7356aa64,Kirsten Davella,Bibb County SO GA,856,"04/23/2026, 07:58:29 PM UTC
05/23/2026, 07:58:29 PM UTC",***Redacted***,Assault/Battery Offenses - ,2026-44774,***Redacted***,"05/23/2026, 07:58:31 PM UTC",lookup,,
2af495f1-ee40-42a4-bfc9-aaa4ab250084,Kirsten Davella,Bibb County SO GA,856,"04/23/2026, 07:58:46 PM UTC
05/23/2026, 07:58:46 PM UTC",***Redacted***,Assault/Battery Offenses - ,2026-44774,***Redacted***,"05/23/2026, 07:58:50 PM UTC",lookup,,
d94305b3-8dfa-4f7c-b02d-76ef8b696c1c,Kirsten Davella,Bibb County SO GA,1512,"05/23/2026, 06:20:00 PM UTC
05/23/2026, 07:00:00 PM UTC",***Redacted***,Assault/Battery Offenses - ,2026-44774,***Redacted***,"05/23/2026, 07:59:44 PM UTC",search,,
e2fc4861-15d2-4d52-9ea8-ea2770836f79,Kirsten Davella,Bibb County SO GA,856,"04/23/2026, 07:58:46 PM UTC
05/23/2026, 07:58:46 PM UTC",***Redacted***,Assault/Battery Offenses - ,2026-44774,***Redacted***,"05/23/2026, 08:20:18 PM UTC",lookup,,
87895fbf-4beb-4057-a5d3-65ce53113479,Kirsten Davella,Bibb County SO GA,1512,"04/23/2026, 07:58:46 PM UTC
05/23/2026, 07:58:46 PM UTC",***Redacted***,Assault/Battery Offenses - ,2026-44774,***Redacted***,"05/23/2026, 08:20:28 PM UTC",lookup,,
7facb657-8531-4afc-b14a-7672967a4723,Kirsten Davella,Bibb County SO GA,1512,"04/23/2026, 07:58:46 PM UTC
05/23/2026, 07:58:46 PM UTC",***Redacted***,Assault/Battery Offenses - ,2026-44774,***Redacted***,"05/23/2026, 08:20:47 PM UTC",lookup,,
10d18896-5f3b-4846-80a0-38293db73bb1,Justin Edwards,Bibb County SO GA,3,"05/15/2026, 11:27:12 AM UTC
05/22/2026, 11:27:12 AM UTC",***Redacted***,Assault/Battery Offenses - ,2024-67104,***Redacted***,"05/22/2026, 11:27:15 AM UTC",lookup - Mobile,,
2e41abe4-d8f2-4583-b0dd-793be09db581,Justin Edwards,Bibb County SO GA,3,"05/22/2026, 05:27:20 AM UTC
05/22/2026, 11:27:20 AM UTC",***Redacted***,Assault/Battery Offenses - ,2024-67104,***Redacted***,"05/22/2026, 11:27:21 AM UTC",lookup - Mobile,,
6762835a-e3cd-4076-b419-3ff974aab7ee,Justin Edwards,Bibb County SO GA,730,"05/22/2026, 05:27:25 AM UTC
05/22/2026, 11:27:25 AM UTC",***Redacted***,Assault/Battery Offenses - ,2024-67104,***Redacted***,"05/22/2026, 11:27:25 AM UTC",lookup - Mobile,,
4a93700a-5939-4eb2-bf1a-9bf8a2c5ea19,Justin Edwards,Bibb County SO GA,3,"05/22/2026, 05:49:39 AM UTC
05/22/2026, 11:49:39 AM UTC",***Redacted***,Assault/Battery Offenses - ,2024-67104,***Redacted***,"05/22/2026, 11:49:42 AM UTC",lookup - Mobile,,
de6c9031-b13b-4caa-85e5-625941a09781,Justin Edwards,Bibb County SO GA,3,"05/15/2026, 11:49:42 AM UTC
05/22/2026, 11:49:42 AM UTC",***Redacted***,Assault/Battery Offenses - ,2024-67104,***Redacted***,"05/22/2026, 11:49:44 AM UTC",lookup - Mobile,,
f7c93cea-ebff-4ec2-9a2d-d933d20b38ac,Wesley Durbin,Bibb County SO GA,4,"05/16/2026, 05:30:00 AM UTC
05/16/2026, 06:30:00 AM UTC",***Redacted***,Burglary/Breaking & Entering - ,2026-44325,***Redacted***,"05/22/2026, 06:30:43 PM UTC",search,,
ba4a7b28-a2ac-49b6-99ec-28416a45e20c,Wesley Durbin,Bibb County SO GA,1,"05/16/2026, 05:30:00 AM UTC
05/16/2026, 06:30:00 AM UTC",***Redacted***,Burglary/Breaking & Entering - ,2026-44325,***Redacted***,"05/22/2026, 06:30:50 PM UTC",search,,
e2f36b9a-5b93-4f1f-96ef-3f07531d9037,Wesley Durbin,Bibb County SO GA,4,"05/16/2026, 05:30:00 AM UTC
05/16/2026, 06:30:00 AM UTC",***Redacted***,Burglary/Breaking & Entering - ,2026-44325,***Redacted***,"05/22/2026, 06:33:59 PM UTC",lookup,,
ce03d83a-0dea-4637-828d-f05c6903f11e,Wesley Durbin,Bibb County SO GA,1,"05/16/2026, 05:30:00 AM UTC
05/16/2026, 06:30:00 AM UTC",***Redacted***,Burglary/Breaking & Entering - ,2026-44325,***Redacted***,"05/22/2026, 06:34:04 PM UTC",lookup,,
18d709a6-0e27-4040-ada1-5caadcde62f1,Enrique Hogan,Bibb County SO GA,730,"05/15/2026, 06:47:31 PM UTC
05/22/2026, 06:47:31 PM UTC",***Redacted***,Wanted Person (Arrest Warrant/Fugitive) - ,FID  11295681,***Redacted***,"05/22/2026, 06:47:33 PM UTC",lookup - Mobile,,
1d49738b-6dda-4050-b8f5-b284857b1be9,Enrique Hogan,Bibb County SO GA,730,"05/15/2026, 06:48:36 PM UTC
05/22/2026, 06:48:36 PM UTC",***Redacted***,Wanted Person (Arrest Warrant/Fugitive) - ,FID  11295681,***Redacted***,"05/22/2026, 06:48:39 PM UTC",lookup - Mobile,,
d668d2b7-d9be-435e-a817-53ff8835b51c,Enrique Hogan,Bibb County SO GA,730,"05/08/2026, 06:48:42 PM UTC
05/22/2026, 06:48:42 PM UTC",***Redacted***,Wanted Person (Arrest Warrant/Fugitive) - ,FID  11295681,***Redacted***,"05/22/2026, 06:48:44 PM UTC",lookup - Mobile,,
67462cd1-606f-47ae-b4b2-24fc8ce3828f,Neal Moore,Bibb County SO GA,776,"04/22/2026, 07:00:57 PM UTC
05/22/2026, 07:00:57 PM UTC",***Redacted***,Burglary/Breaking & Entering - ,2026-38419,***Redacted***,"05/22/2026, 06:50:04 PM UTC",lookup,,
dfab75c3-0e41-4dad-ab2f-f0f6bac8a211,Courtney Wilder,Bibb County SO GA,11,"05/15/2026, 07:00:03 PM UTC
05/22/2026, 07:00:03 PM UTC",***Redacted***,Motor Vehicle Theft/Stolen - ,2026-44410,***Redacted***,"05/22/2026, 06:55:05 PM UTC",lookup,,
19401502-f535-4335-a10b-b55ab71c322b,Neal Moore,Bibb County SO GA,3,"05/16/2026, 05:00:00 PM UTC
05/18/2026, 07:00:00 PM UTC",***Redacted***,Burglary/Breaking & Entering - ,2026-38419,***Redacted***,"05/22/2026, 06:55:41 PM UTC",lookup,,
c68d1201-0408-4a34-be72-fa78dc1da2e4,Neal Moore,Bibb County SO GA,3,"05/16/2026, 05:00:00 PM UTC
05/22/2026, 07:00:00 PM UTC",***Redacted***,Burglary/Breaking & Entering - ,2026-38419,***Redacted***,"05/22/2026, 06:55:59 PM UTC",lookup,,
e4873e70-5fc1-4d51-88e3-604002baaa53,Neal Moore,Bibb County SO GA,3,"05/13/2026, 05:00:00 PM UTC
05/22/2026, 07:00:00 PM UTC",***Redacted***,Burglary/Breaking & Entering - ,2026-38419,***Redacted***,"05/22/2026, 06:56:16 PM UTC",lookup,,
d2f19091-1c41-4abc-a18e-f8c2cf4999f9,Adam Grant,Bibb County SO GA,1357,"05/21/2026, 06:59:38 PM UTC
05/22/2026, 06:59:38 PM UTC",***Redacted***,Motor Vehicle Theft/Stolen - ,2026-1296,***Redacted***,"05/22/2026, 06:59:39 PM UTC",lookup - Mobile,,
726bce6a-f8ce-4c20-b3a8-490b752baa34,Toni Lewis,Bibb County SO GA,11,"05/01/2026, 09:30:00 AM UTC
05/19/2026, 09:30:00 AM UTC",***Redacted***,Motor Vehicle Theft/Stolen - ,2026-43293,***Redacted***,"05/24/2026, 07:09:59 AM UTC",lookup,,
32d4e2ed-76e8-4c48-8d0f-ef20ea2f7444,Toni Lewis,Bibb County SO GA,11,"05/01/2026, 09:30:00 AM UTC
05/19/2026, 09:30:00 AM UTC",***Redacted***,Motor Vehicle Theft/Stolen - ,2026-44984,***Redacted***,"05/24/2026, 07:10:36 AM UTC",lookup,,
6b96d6b0-ffd6-4d07-a7d8-a27d98fcd4eb,Toni Lewis,Bibb County SO GA,11,"05/23/2026, 07:30:10 AM UTC
05/24/2026, 07:30:10 AM UTC",***Redacted***,Motor Vehicle Theft/Stolen - ,2026-44984,***Redacted***,"05/24/2026, 07:11:12 AM UTC",lookup,,
9832594c-9a96-4c84-a5d3-bed98737d333,Toni Lewis,Bibb County SO GA,11,"05/24/2026, 05:30:52 AM UTC
05/24/2026, 07:30:52 AM UTC",***Redacted***,Motor Vehicle Theft/Stolen - ,2026-44984,***Redacted***,"05/24/2026, 07:12:32 AM UTC",lookup,,
60170ae7-6721-4e68-8faf-ddfc8c1ec135,Toni Lewis,Bibb County SO GA,11,"05/23/2026, 07:30:38 AM UTC
05/24/2026, 07:30:38 AM UTC",***Redacted***,Motor Vehicle Theft/Stolen - ,2026-44984,***Redacted***,"05/24/2026, 07:12:42 AM UTC",lookup,,
3af57736-79a9-4ea1-95f2-0d19c540ea25,MELANIE HOFMANN,Bibb County SO GA,11,"05/24/2026, 08:30:58 PM UTC
05/24/2026, 10:30:58 PM UTC",***Redacted***,Traffic Infraction - ,2026-45132,***Redacted***,"05/24/2026, 10:14:44 PM UTC",search,,
5e78429b-20fa-4249-a7a7-293d3a6c4174,MELANIE HOFMANN,Bibb County SO GA,11,"05/24/2026, 08:30:58 PM UTC
05/24/2026, 10:30:58 PM UTC",***Redacted***,Traffic Infraction - ,2026-45132,***Redacted***,"05/24/2026, 10:15:23 PM UTC",search,,
42126dd6-0699-4ed3-80fa-5f314d1014f5,MELANIE HOFMANN,Bibb County SO GA,11,"05/24/2026, 08:30:58 PM UTC
05/24/2026, 10:30:58 PM UTC",***Redacted***,Traffic Infraction - ,2026-45132,***Redacted***,"05/24/2026, 10:17:27 PM UTC",search,,
bc6348be-98a6-4d0c-8fb6-18bc9221ad12,MELANIE HOFMANN,Bibb County SO GA,11,"05/24/2026, 08:30:58 PM UTC
05/24/2026, 10:30:58 PM UTC",***Redacted***,Traffic Infraction - ,2026-45132,***Redacted***,"05/24/2026, 10:18:10 PM UTC",search,,
c73a402e-d69e-4421-aba2-55ffb32fe9ca,MELANIE HOFMANN,Bibb County SO GA,11,"05/24/2026, 08:30:58 PM UTC
05/24/2026, 10:30:58 PM UTC",***Redacted***,Traffic Infraction - ,2026-45132,***Redacted***,"05/24/2026, 10:18:33 PM UTC",search,,
115c92a6-0ae6-47a3-a3a5-a61a30a9cae9,Christian Erceg,Bibb County SO GA,11,"05/22/2026, 08:00:13 AM UTC
05/24/2026, 08:00:13 AM UTC",***Redacted***,Motor Vehicle Theft/Stolen - ,2026-44984,***Redacted***,"05/24/2026, 02:51:22 PM UTC",lookup,,
d5fcf40e-c0fc-4991-b354-99135a121b07,Christian Erceg,Bibb County SO GA,2,"05/22/2026, 06:30:11 PM UTC
05/22/2026, 08:30:11 PM UTC",***Redacted***,Hit and Run/Car Accident - ,2026-44488,***Redacted***,"05/24/2026, 02:52:27 PM UTC",lookup,,
3d09b68d-2dae-40a6-87fa-d0707097d1a5,Steven Fields,Bibb County SO GA,3,"05/24/2026, 10:33:18 AM UTC
05/24/2026, 04:33:18 PM UTC",***Redacted***,Trespass - ,2926-05242026ncmsf,***Redacted***,"05/24/2026, 04:33:18 PM UTC",lookup - Mobile,,
d69fba72-2586-4f8c-b04f-2ab84a107783,Steven Fields,Bibb County SO GA,3,"05/24/2026, 10:33:36 AM UTC
05/24/2026, 04:33:36 PM UTC",***Redacted***,Trespass - ,2926-05242026ncmsf,***Redacted***,"05/24/2026, 04:33:36 PM UTC",lookup - Mobile,,
13289cb5-08b1-4d47-8cad-09415e1162db,Steven Fields,Bibb County SO GA,1425,"05/24/2026, 10:34:20 AM UTC
05/24/2026, 04:34:20 PM UTC",***Redacted***,Trespass - ,2926-05242026ncmsf,***Redacted***,"05/24/2026, 04:34:20 PM UTC",lookup - Mobile,,
662bcbc9-f8d1-4082-ae80-5314888090d1,Steven Fields,Bibb County SO GA,1425,"05/24/2026, 10:34:29 AM UTC
05/24/2026, 04:34:29 PM UTC",***Redacted***,Trespass - ,2926-05242026ncmsf,***Redacted***,"05/24/2026, 04:34:31 PM UTC",search - Mobile,,
e8c1a4f4-17ee-4b2c-8328-e78640e70e5e,Steven Fields,Bibb County SO GA,1425,"05/24/2026, 10:36:37 AM UTC
05/24/2026, 04:36:37 PM UTC",***Redacted***,Trespass - ,2026-052426sfb,***Redacted***,"05/24/2026, 04:36:40 PM UTC",lookup - Mobile,,
71e89a8d-c125-462f-931f-f5c35f80ca94,Steven Fields,Bibb County SO GA,1425,"05/24/2026, 10:37:47 AM UTC
05/24/2026, 04:37:47 PM UTC",***Redacted***,Trespass - ,2026-052426sfb,***Redacted***,"05/24/2026, 04:37:49 PM UTC",search - Mobile,,
a46aafea-7186-4d0d-9658-e4f48ecd574c,Steven Fields,Bibb County SO GA,1425,"05/24/2026, 10:38:14 AM UTC
05/24/2026, 04:38:14 PM UTC",***Redacted***,Trespass - ,2026-052426sfb,***Redacted***,"05/24/2026, 04:38:15 PM UTC",search - Mobile,,
d674f7fd-89db-4418-9b6f-43ba2e64b74a,Steven Fields,Bibb County SO GA,1425,"05/24/2026, 10:38:22 AM UTC
05/24/2026, 04:38:22 PM UTC",***Redacted***,Trespass - ,2026-052426sfb,***Redacted***,"05/24/2026, 04:38:22 PM UTC",search - Mobile,,
1d0c2ff7-8fa1-4778-81a2-5239bc814c09,Steven Fields,Bibb County SO GA,1425,"05/24/2026, 10:39:07 AM UTC
05/24/2026, 04:39:07 PM UTC",***Redacted***,Trespass - ,2026-052426sfb,***Redacted***,"05/24/2026, 04:39:08 PM UTC",search - Mobile,,
d63e6b01-bb9f-4175-a911-376b0f83bcb5,Steven Fields,Bibb County SO GA,3,"05/24/2026, 10:39:18 AM UTC
05/24/2026, 04:39:18 PM UTC",***Redacted***,Trespass - ,2026-052426sfb,***Redacted***,"05/24/2026, 04:39:18 PM UTC",search - Mobile,,
d5d3d978-0769-4374-b778-875ad6d1d7a4,Steven Fields,Bibb County SO GA,3,"05/24/2026, 10:39:27 AM UTC
05/24/2026, 04:39:27 PM UTC",***Redacted***,Trespass - ,2026-052426sfb,***Redacted***,"05/24/2026, 04:39:30 PM UTC",search - Mobile,,
580d3495-3f24-4435-a2cf-ba401ede748d,Christian Erceg,Bibb County SO GA,11,"05/22/2026, 08:00:13 AM UTC
05/24/2026, 08:00:13 AM UTC",***Redacted***,Motor Vehicle Theft/Stolen - ,2026-44984,***Redacted***,"05/24/2026, 12:41:38 PM UTC",lookup,,
eb1819b8-120b-4a50-a705-0b5118d159d1,Adam Grant,Bibb County SO GA,1357,"04/24/2026, 01:02:36 PM UTC
05/24/2026, 01:02:36 PM UTC",***Redacted***,Larceny/Theft Offenses - ,2026-1296,***Redacted***,"05/24/2026, 01:02:38 PM UTC",lookup - Mobile,,
4fcb23f2-d426-4401-8d52-68ddda84441b,Justin Edwards,Bibb County SO GA,3,"05/17/2026, 01:36:02 PM UTC
05/24/2026, 01:36:02 PM UTC",***Redacted***,Assault/Battery Offenses - ,2024-67104,***Redacted***,"05/24/2026, 01:36:03 PM UTC",lookup - Mobile,,
26edf4a8-e541-466f-ab2a-21e57df1273f,Jonathan Hubbard,Bibb County SO GA,11,"05/24/2026, 04:00:53 PM UTC
05/24/2026, 06:00:53 PM UTC",***Redacted***,Trespass - ,2026-45075,***Redacted***,"05/24/2026, 05:36:19 PM UTC",lookup,,
1bec3953-00ec-43ec-b6e6-4e2ea4737edf,Jonathan Hubbard,Bibb County SO GA,11,"05/24/2026, 04:00:53 PM UTC
05/24/2026, 06:00:53 PM UTC",***Redacted***,Trespass - ,2026-45075,***Redacted***,"05/24/2026, 05:37:01 PM UTC",lookup,,
209b5b12-fe60-41f7-bbc4-328945bca1de,Jonathan Hubbard,Bibb County SO GA,11,"05/24/2026, 04:00:53 PM UTC
05/24/2026, 06:00:53 PM UTC",***Redacted***,Trespass - ,2026-45075,***Redacted***,"05/24/2026, 05:40:53 PM UTC",lookup,,
d827814a-718c-48fb-a52e-c45c5ec6e6a0,Jonathan Hubbard,Bibb County SO GA,11,"05/24/2026, 04:00:53 PM UTC
05/24/2026, 06:00:53 PM UTC",***Redacted***,Trespass - ,2026-45075,***Redacted***,"05/24/2026, 05:43:35 PM UTC",lookup,,
0c08b3fd-d7c4-43f9-aed2-3e4d5288cb22,Jonathan Hubbard,Bibb County SO GA,11,"05/24/2026, 04:00:53 PM UTC
05/24/2026, 06:00:53 PM UTC",***Redacted***,Trespass - ,2026-45075,***Redacted***,"05/24/2026, 05:43:40 PM UTC",lookup,,
c6403e1a-db4a-43e2-b1d8-b6fd5504d5e5,Jonathan Hubbard,Bibb County SO GA,11,"05/24/2026, 04:00:53 PM UTC
05/24/2026, 06:00:53 PM UTC",***Redacted***,Trespass - ,2026-45075,***Redacted***,"05/24/2026, 06:06:28 PM UTC",lookup,,
f3830e70-46a4-4e2c-8789-d7e25f3f5530,Jonathan Hubbard,Bibb County SO GA,11,"05/24/2026, 04:00:53 PM UTC
05/24/2026, 06:00:53 PM UTC",***Redacted***,Trespass - ,2026-45075,***Redacted***,"05/24/2026, 06:06:31 PM UTC",lookup,,
68c2f549-146a-4296-8fba-cbe9379bb166,Jonathan Hubbard,Bibb County SO GA,11,"05/23/2026, 06:30:37 PM UTC
05/24/2026, 06:30:37 PM UTC",***Redacted***,Trespass - ,2026-45075,***Redacted***,"05/24/2026, 06:07:07 PM UTC",lookup,,
09e3105d-0c1c-4756-813a-9a2c8ab8a54c,Dina Shurley,Bibb County SO GA,11,"05/22/2026, 07:50:00 AM UTC
05/22/2026, 01:15:00 PM UTC",***Redacted***,Larceny/Theft Offenses - ,2026-44295,***Redacted***,"05/22/2026, 01:09:27 PM UTC",search,,
f7a235cf-9c61-4af2-93dd-df7a90ef4623,Dina Shurley,Bibb County SO GA,11,"05/22/2026, 07:50:00 AM UTC
05/22/2026, 01:15:00 PM UTC",***Redacted***,Larceny/Theft Offenses - ,2026-44295,***Redacted***,"05/22/2026, 01:09:33 PM UTC",search,,
7befda15-7c0b-446d-b087-4bc26091d481,Dina Shurley,Bibb County SO GA,11,"05/22/2026, 07:50:00 AM UTC
05/22/2026, 01:15:00 PM UTC",***Redacted***,Larceny/Theft Offenses - ,2026-44295,***Redacted***,"05/22/2026, 01:09:41 PM UTC",search,,
58858989-20a0-416e-a9aa-804897ce14fe,Toni Lewis,Bibb County SO GA,11,"05/24/2026, 05:30:41 AM UTC
05/24/2026, 07:30:41 AM UTC",***Redacted***,Motor Vehicle Theft/Stolen - ,2026-44898,***Redacted***,"05/24/2026, 07:23:25 AM UTC",lookup,,
f96df646-9740-4f4c-a0a9-a8fc6774f794,Toni Lewis,Bibb County SO GA,11,"05/24/2026, 05:30:41 AM UTC
05/24/2026, 07:30:41 AM UTC",***Redacted***,Motor Vehicle Theft/Stolen - ,2026-44898,***Redacted***,"05/24/2026, 07:23:49 AM UTC",lookup,,
12a35642-587c-49c9-8bc5-78f2d814036b,Toni Lewis,Bibb County SO GA,11,"05/24/2026, 05:30:41 AM UTC
05/24/2026, 07:30:41 AM UTC",***Redacted***,Motor Vehicle Theft/Stolen - ,2026-44898,***Redacted***,"05/24/2026, 07:23:54 AM UTC",lookup,,
fad72777-2289-4886-9653-da91f179a47f,Toni Lewis,Bibb County SO GA,11,"05/23/2026, 07:30:59 AM UTC
05/24/2026, 07:30:59 AM UTC",***Redacted***,Motor Vehicle Theft/Stolen - ,2026-44898,***Redacted***,"05/24/2026, 07:24:02 AM UTC",lookup,,
d90a8dad-8ccc-47d9-81bb-9f124affa4a6,Christian Erceg,Bibb County SO GA,11,"05/23/2026, 08:00:34 AM UTC
05/24/2026, 08:00:34 AM UTC",***Redacted***,Motor Vehicle Theft/Stolen - ,2026-44984,***Redacted***,"05/24/2026, 07:37:54 AM UTC",lookup,,
3ddd3600-e6f4-4f2e-b895-ae5f7c00b4a8,Toni Lewis,Bibb County SO GA,2,"05/24/2026, 01:30:00 AM UTC
05/24/2026, 07:30:00 AM UTC",***Redacted***,Motor Vehicle Theft/Stolen - ,2026-44898,***Redacted***,"05/24/2026, 07:40:37 AM UTC",lookup,,
90706cae-a9c6-4f5b-be8f-ba9c9dbd1f7c,Toni Lewis,Bibb County SO GA,2,"05/17/2026, 08:00:53 AM UTC
05/24/2026, 08:00:53 AM UTC",***Redacted***,Stolen Property Offenses - ,2026-44898,***Redacted***,"05/24/2026, 07:42:56 AM UTC",lookup,,
4da81092-6ba9-4a0b-b517-e6fde9ebe76e,Christian Erceg,Bibb County SO GA,11,"05/23/2026, 08:00:34 AM UTC
05/24/2026, 08:00:34 AM UTC",***Redacted***,Motor Vehicle Theft/Stolen - ,2026-44984,***Redacted***,"05/24/2026, 07:43:43 AM UTC",lookup,,
987ca667-f644-45ef-9f20-ed7c25a62e25,Christian Erceg,Bibb County SO GA,11,"05/23/2026, 08:00:34 AM UTC
05/24/2026, 08:00:34 AM UTC",***Redacted***,Motor Vehicle Theft/Stolen - ,2026-44984,***Redacted***,"05/24/2026, 07:46:06 AM UTC",search,,
9193194b-b9fe-4cae-827a-a3a09e572437,Christian Erceg,Bibb County SO GA,11,"05/23/2026, 08:00:34 AM UTC
05/24/2026, 08:00:34 AM UTC",***Redacted***,Motor Vehicle Theft/Stolen - ,2026-44984,***Redacted***,"05/24/2026, 07:48:44 AM UTC",lookup,,
6b2c62fb-837e-417f-873b-f3fa80b55c86,Christian Erceg,Bibb County SO GA,11,"05/23/2026, 08:00:34 AM UTC
05/24/2026, 08:00:34 AM UTC",***Redacted***,Motor Vehicle Theft/Stolen - ,2026-44984,***Redacted***,"05/24/2026, 07:48:50 AM UTC",lookup,,
70b60efb-f5f7-4fc3-99ee-bf93ccf10caf,Christian Erceg,Bibb County SO GA,11,"05/22/2026, 08:00:13 AM UTC
05/24/2026, 08:00:13 AM UTC",***Redacted***,Motor Vehicle Theft/Stolen - ,2026-44984,***Redacted***,"05/24/2026, 07:49:15 AM UTC",lookup,,
b0e1a29d-221b-4a53-b50f-157abb62cb2f,Christian Erceg,Bibb County SO GA,11,"05/22/2026, 08:00:13 AM UTC
05/24/2026, 08:00:13 AM UTC",***Redacted***,Motor Vehicle Theft/Stolen - ,2026-44984,***Redacted***,"05/24/2026, 07:50:42 AM UTC",lookup,,
78cdd200-5fc8-4f3a-9f5c-057abd5eccff,Christian Erceg,Bibb County SO GA,11,"05/22/2026, 08:00:13 AM UTC
05/24/2026, 08:00:13 AM UTC",***Redacted***,Motor Vehicle Theft/Stolen - ,2026-44984,***Redacted***,"05/24/2026, 08:22:44 AM UTC",lookup,,
9192c0d2-faf6-4821-9e40-dcd20fa906ce,MELANIE HOFMANN,Bibb County SO GA,11,"05/24/2026, 02:30:40 AM UTC
05/25/2026, 02:30:40 AM UTC",***Redacted***,Motor Vehicle Theft/Stolen - ,CFS 345,***Redacted***,"05/25/2026, 02:17:42 AM UTC",lookup,,
e23e8d9d-3d2d-401e-a4bd-3b926d9a7873,Toni Lewis,Bibb County SO GA,2,"05/17/2026, 08:00:53 AM UTC
05/24/2026, 08:00:53 AM UTC",***Redacted***,Stolen Property Offenses - ,2026-44898,***Redacted***,"05/25/2026, 03:27:06 AM UTC",lookup,,
e92dbf30-0e2d-4192-abab-93e5dfc76df1,Dina Shurley,Bibb County SO GA,2,"04/29/2026, 03:30:47 PM UTC
05/06/2026, 03:30:47 PM UTC",***Redacted***,Larceny/Theft Offenses - 2026-39119,,***Redacted***,"05/07/2026, 09:14:28 AM UTC",lookup,,
60b9f328-974a-4fee-8963-c765b23d835e,Adam Grant,Bibb County SO GA,1358,"05/08/2026, 02:25:05 AM UTC
05/09/2026, 02:25:05 AM UTC",***Redacted***,Motor Vehicle Theft/Stolen - 2026-1296,,***Redacted***,"05/09/2026, 02:25:06 AM UTC",lookup - Mobile,,
4947e622-9ff6-423a-a14b-727143615e63,Christian Erceg,Bibb County SO GA,11,"04/30/2026, 04:30:26 PM UTC
05/07/2026, 04:30:26 PM UTC",***Redacted***,Motor Vehicle Theft/Stolen - 2026-38609,,***Redacted***,"05/07/2026, 04:16:30 PM UTC",lookup,,
5e5a0e13-c5b8-4c5c-b360-9fadc6a37408,Thomas Crites,Bibb County SO GA,1505,"05/05/2026, 04:00:57 PM UTC
05/07/2026, 04:00:57 PM UTC",***Redacted***,Homicide/Death Investigation - 26-39343,,***Redacted***,"05/07/2026, 04:28:33 PM UTC",search,,
c4d5cff7-371f-45bd-b8aa-569b35e9b666,Thomas Crites,Bibb County SO GA,1505,"05/05/2026, 04:00:57 PM UTC
05/07/2026, 04:00:57 PM UTC",***Redacted***,Homicide/Death Investigation - 26-39343,,***Redacted***,"05/07/2026, 04:28:44 PM UTC",search,,
0e6a6306-a359-47e6-bf4e-57013980c01c,Thomas Crites,Bibb County SO GA,3,"05/06/2026, 04:30:55 PM UTC
05/07/2026, 04:30:55 PM UTC",***Redacted***,Homicide/Death Investigation - 26-39343,,***Redacted***,"05/07/2026, 04:29:23 PM UTC",freeform,"objectClass:vehicle ""silver nissan versa with test drive tag""",allow
04f71c8a-8dfd-4805-92d4-167fc410a638,Thomas Crites,Bibb County SO GA,1,"05/06/2026, 04:30:55 PM UTC
05/07/2026, 04:30:55 PM UTC",***Redacted***,Homicide/Death Investigation - 26-39343,,***Redacted***,"05/07/2026, 04:30:14 PM UTC",freeform,"objectClass:vehicle ""silver nissan versa with test drive tag""",allow
f7e6398e-5d6f-459a-9640-802a00fc921b,Thomas Crites,Bibb County SO GA,3,"05/07/2026, 02:30:55 PM UTC
05/07/2026, 04:30:55 PM UTC",***Redacted***,Homicide/Death Investigation - 26-39343,,***Redacted***,"05/07/2026, 04:32:20 PM UTC",visual,,
feaab553-03f4-4b6a-8ed9-543d54163e38,Thomas Crites,Bibb County SO GA,1506,"05/07/2026, 03:30:00 AM UTC
05/07/2026, 06:00:00 AM UTC",***Redacted***,Homicide/Death Investigation - 26-39343,,***Redacted***,"05/07/2026, 02:20:56 PM UTC",lookup,,
9b559ec5-7315-4650-a944-b7839a199b8f,Thomas Crites,Bibb County SO GA,1506,"05/07/2026, 03:30:00 AM UTC
05/07/2026, 06:00:00 AM UTC",***Redacted***,Homicide/Death Investigation - 26-39343,,***Redacted***,"05/07/2026, 02:21:06 PM UTC",search,,
3e6ad43c-b656-41f4-92e8-03e0dadfe5b6,Thomas Crites,Bibb County SO GA,1,"05/07/2026, 03:30:00 AM UTC
05/07/2026, 06:00:00 AM UTC",***Redacted***,Homicide/Death Investigation - 26-39343,,***Redacted***,"05/07/2026, 02:21:50 PM UTC",search,,
1c20337c-6be9-46bb-b437-b6022ee22e2f,Thomas Crites,Bibb County SO GA,1506,"05/05/2026, 02:30:47 PM UTC
05/07/2026, 02:30:47 PM UTC",***Redacted***,Homicide/Death Investigation - 26-39343,,***Redacted***,"05/07/2026, 02:22:49 PM UTC",lookup,,
1a79767d-f241-44d1-9055-99b987296fc3,Thomas Crites,Bibb County SO GA,1506,"05/05/2026, 02:30:47 PM UTC
05/07/2026, 02:30:47 PM UTC",***Redacted***,Homicide/Death Investigation - 26-39343,,***Redacted***,"05/07/2026, 02:23:07 PM UTC",lookup,,
e2a88464-1265-4c39-b223-554fd8526f90,Thomas Crites,Bibb County SO GA,1506,"05/05/2026, 02:30:47 PM UTC
05/07/2026, 02:30:47 PM UTC",***Redacted***,Homicide/Death Investigation - 26-39343,,***Redacted***,"05/07/2026, 02:23:28 PM UTC",lookup,,
63c16c0e-b137-420d-9969-6e311ae4d068,Thomas Crites,Bibb County SO GA,1,"05/07/2026, 03:30:00 AM UTC
05/07/2026, 05:30:00 AM UTC",***Redacted***,Homicide/Death Investigation - 26-39343,,***Redacted***,"05/07/2026, 02:25:04 PM UTC",search,,
d9c41319-03b6-46ef-beeb-3bb007687416,Thomas Crites,Bibb County SO GA,1506,"05/05/2026, 02:30:33 PM UTC
05/07/2026, 02:30:33 PM UTC",***Redacted***,Homicide/Death Investigation - 26-39343,,***Redacted***,"05/07/2026, 02:27:37 PM UTC",search,,
e743e702-0b5c-4448-90a4-4620e8858306,Alexis Robinson,Bibb County SO GA,1,"05/02/2026, 03:59:00 PM UTC
05/03/2026, 03:59:00 AM UTC",***Redacted***,Weapons Offense (Guns/Shots Fired) - 2026-38030,,***Redacted***,"05/07/2026, 02:29:41 PM UTC",search,,
a537788f-f967-4b9f-91a2-5bd21be23377,Alexis Robinson,Bibb County SO GA,3,"05/02/2026, 03:59:00 PM UTC
05/03/2026, 03:59:00 AM UTC",***Redacted***,Weapons Offense (Guns/Shots Fired) - 2026-38030,,***Redacted***,"05/07/2026, 02:31:50 PM UTC",search,,
1e623047-f878-4c0c-b04c-3d93529db5d8,Charlee Gibson,Bibb County SO GA,850,"04/04/2026, 08:56:37 PM UTC
05/04/2026, 08:56:37 PM UTC",***Redacted***,Robbery - 2026-38286,,***Redacted***,"05/07/2026, 02:32:09 PM UTC",lookup,,
d7e39562-7f03-41f2-8fa1-b4a3e845ea8b,Charlee Gibson,Bibb County SO GA,3,"05/07/2026, 12:30:00 PM UTC
05/07/2026, 02:30:00 PM UTC",***Redacted***,Motor Vehicle Theft/Stolen - 2026-39416,,***Redacted***,"05/07/2026, 02:51:22 PM UTC",search,,
94f05db2-55da-473a-b094-f069532eff7e,Emily Mattox,Bibb County SO GA,11,"05/06/2026, 04:00:00 AM UTC
05/07/2026, 10:00:00 AM UTC",***Redacted***,Wanted Person (Arrest Warrant/Fugitive) - shooting,,***Redacted***,"05/07/2026, 02:53:48 PM UTC",search,,
a7cb6918-8002-4929-8f0f-11a774c90e26,Emily Mattox,Bibb County SO GA,11,"05/07/2026, 04:00:00 AM UTC
05/07/2026, 10:00:00 AM UTC",***Redacted***,Wanted Person (Arrest Warrant/Fugitive) - shooting,,***Redacted***,"05/07/2026, 02:54:26 PM UTC",search,,
b33cc626-d84a-4495-9213-ef182339a337,Emily Mattox,Bibb County SO GA,11,"05/07/2026, 04:05:00 AM UTC
05/07/2026, 10:00:00 AM UTC",***Redacted***,Wanted Person (Arrest Warrant/Fugitive) - shooting,,***Redacted***,"05/07/2026, 02:54:45 PM UTC",search,,
cc8006bb-9c79-4377-83e7-2c95e22896ec,Alexis Robinson,Bibb County SO GA,1,"05/02/2026, 03:59:00 PM UTC
05/03/2026, 03:59:00 AM UTC",***Redacted***,Weapons Offense (Guns/Shots Fired) - 2026-38030,,***Redacted***,"05/07/2026, 05:35:43 PM UTC",search,,
8ba803e6-c886-4564-ac59-3fce115bb9bd,Alexis Robinson,Bibb County SO GA,1425,"05/03/2026, 12:00:00 AM UTC
05/03/2026, 01:00:00 AM UTC",***Redacted***,Weapons Offense (Guns/Shots Fired) - 2026-38030,,***Redacted***,"05/07/2026, 05:42:30 PM UTC",search,,
6ad6c7b4-1880-4ab6-a0b8-b2b8c3f5ff2d,Charlee Gibson,Bibb County SO GA,3,"05/07/2026, 12:30:00 PM UTC
05/07/2026, 02:30:00 PM UTC",***Redacted***,Motor Vehicle Theft/Stolen - 2026-39416,,***Redacted***,"05/07/2026, 02:56:08 PM UTC",lookup,,
2c93a21f-1bdd-48d8-a6b1-04044c1df0e1,Emily Mattox,Bibb County SO GA,11,"05/06/2026, 02:05:00 PM UTC
05/07/2026, 10:00:00 AM UTC",***Redacted***,Wanted Person (Arrest Warrant/Fugitive) - shooting,,***Redacted***,"05/07/2026, 02:56:14 PM UTC",search,,
3245b13f-00d4-4925-b0fe-b404d9948fec,Charlee Gibson,Bibb County SO GA,3,"05/07/2026, 12:30:00 PM UTC
05/07/2026, 02:30:00 PM UTC",***Redacted***,Motor Vehicle Theft/Stolen - 2026-39416,,***Redacted***,"05/07/2026, 02:56:18 PM UTC",lookup,,
04938e0a-e615-477d-bccd-7e0ed48e27c8,Charlee Gibson,Bibb County SO GA,3,"05/07/2026, 12:30:00 PM UTC
05/07/2026, 02:30:00 PM UTC",***Redacted***,Motor Vehicle Theft/Stolen - 2026-39416,,***Redacted***,"05/07/2026, 02:56:29 PM UTC",search,,
f7dbbe70-85f8-41d9-8f1d-44abd23c2704,Emily Mattox,Bibb County SO GA,11,"05/07/2026, 02:05:00 AM UTC
05/07/2026, 10:00:00 AM UTC",***Redacted***,Wanted Person (Arrest Warrant/Fugitive) - shooting,,***Redacted***,"05/07/2026, 02:56:41 PM UTC",search,,
1e438a13-967f-4eb3-a30e-f95b87b46e23,Thomas Crites,Bibb County SO GA,852,"04/07/2026, 02:36:33 PM UTC
05/07/2026, 02:36:33 PM UTC",***Redacted***,Homicide/Death Investigation - 26-39343,,***Redacted***,"05/07/2026, 03:05:07 PM UTC",lookup,,
cbc7bb54-3149-4c0d-b4f0-bb950564e9e6,Thomas Crites,Bibb County SO GA,1,"05/07/2026, 04:00:00 AM UTC
05/07/2026, 05:30:00 AM UTC",***Redacted***,Homicide/Death Investigation - 26-39343,,***Redacted***,"05/07/2026, 03:05:58 PM UTC",search,,
8ed89be1-eadd-4975-9ea1-80aee39a3530,Thomas Crites,Bibb County SO GA,1,"05/07/2026, 04:00:00 AM UTC
05/07/2026, 05:30:00 AM UTC",***Redacted***,Homicide/Death Investigation - 26-39343,,***Redacted***,"05/07/2026, 03:06:09 PM UTC",search,,
2889ec3a-8eaa-4405-a4e3-c870f3a4d10f,Emily Mattox,Bibb County SO GA,11,"05/07/2026, 02:05:00 AM UTC
05/07/2026, 10:00:00 AM UTC",***Redacted***,Wanted Person (Arrest Warrant/Fugitive) - shooting,,***Redacted***,"05/07/2026, 03:20:21 PM UTC",search,,
cfc5848a-3ba1-4198-b948-cc19f790052f,Thomas Crites,Bibb County SO GA,1506,"05/05/2026, 02:30:33 PM UTC
05/07/2026, 02:30:33 PM UTC",***Redacted***,Homicide/Death Investigation - 26-39343,,***Redacted***,"05/07/2026, 03:30:03 PM UTC",search,,
6d221ca9-e871-4495-a140-ea6caa230610,Alexis Robinson,Bibb County SO GA,1,"05/02/2026, 04:00:00 AM UTC
05/03/2026, 03:59:00 AM UTC",***Redacted***,Weapons Offense (Guns/Shots Fired) - 2026-38030,,***Redacted***,"05/07/2026, 06:21:30 PM UTC",visual,,
b200d5e3-f66a-40df-b6e2-c854afe71695,Shane Benton,Bibb County SO GA,11,"05/06/2026, 06:30:19 PM UTC
05/07/2026, 06:30:19 PM UTC",***Redacted***,Motor Vehicle Theft/Stolen - 2026-39526,,***Redacted***,"05/07/2026, 06:23:21 PM UTC",lookup,,
e5e4d8a2-ea1a-4c30-90eb-79fab7214cf0,Alexis Robinson,Bibb County SO GA,1,"05/02/2026, 10:00:00 PM UTC
05/03/2026, 01:00:00 AM UTC",***Redacted***,Weapons Offense (Guns/Shots Fired) - 2026-38030,,***Redacted***,"05/07/2026, 06:23:56 PM UTC",visual,,
ebda1e97-36b0-4f02-a219-fdd39b126702,Alexis Robinson,Bibb County SO GA,1425,"04/07/2026, 06:30:41 PM UTC
05/07/2026, 06:30:41 PM UTC",***Redacted***,Weapons Offense (Guns/Shots Fired) - 2026-38030,,***Redacted***,"05/07/2026, 06:27:50 PM UTC",lookup,,
4b6384f8-d706-4511-a59d-3dc6630e793e,Alexis Robinson,Bibb County SO GA,1425,"05/07/2026, 06:30:00 PM UTC
05/07/2026, 06:30:00 PM UTC",***Redacted***,Weapons Offense (Guns/Shots Fired) - 2026-38030,,***Redacted***,"05/07/2026, 06:28:45 PM UTC",lookup,,
5e519ff6-4f9c-43c9-b842-b10654898adb,Alexis Robinson,Bibb County SO GA,1425,"05/07/2026, 04:00:00 AM UTC
05/08/2026, 03:59:00 AM UTC",***Redacted***,Weapons Offense (Guns/Shots Fired) - 2026-38030,,***Redacted***,"05/07/2026, 06:29:19 PM UTC",lookup,,
a719f71a-5f90-4159-85b2-32b2c051206c,Alexis Robinson,Bibb County SO GA,1425,"05/07/2026, 04:00:00 AM UTC
05/08/2026, 03:59:00 AM UTC",***Redacted***,Weapons Offense (Guns/Shots Fired) - 2026-38030,,***Redacted***,"05/07/2026, 06:29:43 PM UTC",lookup,,
96c2e6ba-202e-4914-a00c-e56a556d5e82,Alexis Robinson,Bibb County SO GA,1,"05/02/2026, 10:00:00 PM UTC
05/03/2026, 01:00:00 AM UTC",***Redacted***,Weapons Offense (Guns/Shots Fired) - 2026-38030,,***Redacted***,"05/07/2026, 06:29:57 PM UTC",visual,,
8e2ab874-5d9a-4e46-b8c8-edca2633f562,Thomas Crites,Bibb County SO GA,3,"05/06/2026, 07:00:22 PM UTC
05/07/2026, 07:00:22 PM UTC",***Redacted***,Homicide/Death Investigation - 26-39343,,***Redacted***,"05/07/2026, 06:40:28 PM UTC",visual,,
e9213f2a-363b-4437-a88e-66ce2deb5f39,Thomas Crites,Bibb County SO GA,1,"05/07/2026, 05:40:00 PM UTC
05/07/2026, 06:00:00 PM UTC",***Redacted***,Homicide/Death Investigation - 26-39343,,***Redacted***,"05/07/2026, 06:47:49 PM UTC",search,,
d20b0f2f-df3a-4310-8066-e7d3d86c09a4,Seth Vonderhuevel,Bibb County SO GA,3,"04/07/2026, 07:00:13 PM UTC
05/07/2026, 07:00:13 PM UTC",***Redacted***,Wanted Person (Arrest Warrant/Fugitive) - 26-39343,,***Redacted***,"05/07/2026, 06:57:27 PM UTC",search,,
c0578184-110f-4e97-a2f9-379b904e3cdd,Seth Vonderhuevel,Bibb County SO GA,1,"04/07/2026, 07:00:13 PM UTC
05/07/2026, 07:00:13 PM UTC",***Redacted***,Wanted Person (Arrest Warrant/Fugitive) - 26-39343,,***Redacted***,"05/07/2026, 06:58:10 PM UTC",search,,
8793a0a9-3c00-4471-8486-54b9c0dd58fc,Seth Vonderhuevel,Bibb County SO GA,1,"04/07/2026, 07:00:13 PM UTC
05/07/2026, 07:00:13 PM UTC",***Redacted***,Wanted Person (Arrest Warrant/Fugitive) - 26-39343,,***Redacted***,"05/07/2026, 06:58:34 PM UTC",search,,
7a159156-39b5-4448-a151-f6e0a2a478ca,Seth Vonderhuevel,Bibb County SO GA,1,"04/07/2026, 07:00:13 PM UTC
05/07/2026, 07:00:13 PM UTC",***Redacted***,Wanted Person (Arrest Warrant/Fugitive) - 26-39343,,***Redacted***,"05/07/2026, 06:58:57 PM UTC",search,,
2b4e4b37-ff61-492c-aeb1-965c3f292d1d,Seth Vonderhuevel,Bibb County SO GA,1,"04/07/2026, 07:00:13 PM UTC
05/07/2026, 07:00:13 PM UTC",***Redacted***,Wanted Person (Arrest Warrant/Fugitive) - 26-39343,,***Redacted***,"05/07/2026, 06:59:14 PM UTC",search,,
06a7bdbf-8cc9-4a17-bca2-545880fea02c,Thomas Crites,Bibb County SO GA,1,"05/07/2026, 05:40:00 PM UTC
05/07/2026, 06:00:00 PM UTC",***Redacted***,Homicide/Death Investigation - 26-39343,,***Redacted***,"05/07/2026, 07:01:49 PM UTC",search,,
415c454f-0dc6-44da-b79e-0ec0168b8584,Seth Vonderhuevel,Bibb County SO GA,1,"04/07/2026, 07:00:13 PM UTC
05/07/2026, 07:00:13 PM UTC",***Redacted***,Wanted Person (Arrest Warrant/Fugitive) - 26-39343,,***Redacted***,"05/07/2026, 07:02:00 PM UTC",search,,
333d8f8e-0340-498e-b4ac-a7a73add1b87,Seth Vonderhuevel,Bibb County SO GA,1,"04/07/2026, 07:00:13 PM UTC
05/07/2026, 07:00:13 PM UTC",***Redacted***,Wanted Person (Arrest Warrant/Fugitive) - 26-39343,,***Redacted***,"05/07/2026, 07:03:35 PM UTC",search,,
a4633472-05d1-48be-9865-e4ad33453163,Seth Vonderhuevel,Bibb County SO GA,3,"04/07/2026, 07:00:13 PM UTC
05/07/2026, 07:00:13 PM UTC",***Redacted***,Wanted Person (Arrest Warrant/Fugitive) - 26-39343,,***Redacted***,"05/07/2026, 07:04:18 PM UTC",visual,,
9e60c579-c45e-4bbf-96a9-47da4a585a26,Thomas Crites,Bibb County SO GA,3,"05/06/2026, 07:30:20 PM UTC
05/07/2026, 07:30:20 PM UTC",***Redacted***,Homicide/Death Investigation - 26-39343,,***Redacted***,"05/07/2026, 07:04:26 PM UTC",visual,,
5158917a-4588-4718-bfb8-17c66e571b0b,Seth Vonderhuevel,Bibb County SO GA,3,"05/05/2026, 07:30:53 PM UTC
05/07/2026, 07:30:53 PM UTC",***Redacted***,Wanted Person (Arrest Warrant/Fugitive) - 26-39343,,***Redacted***,"05/07/2026, 07:05:20 PM UTC",visual,,
16c47f12-f519-48ac-b242-3919c46c40a7,Thomas Crites,Bibb County SO GA,3,"05/06/2026, 07:30:20 PM UTC
05/07/2026, 07:30:20 PM UTC",***Redacted***,Homicide/Death Investigation - 26-39343,,***Redacted***,"05/07/2026, 07:08:18 PM UTC",visual,,
562d2979-f511-4922-912d-d1bf298fd15a,Thomas Crites,Bibb County SO GA,3,"05/06/2026, 07:30:20 PM UTC
05/07/2026, 07:30:20 PM UTC",***Redacted***,Homicide/Death Investigation - 26-39343,,***Redacted***,"05/07/2026, 07:16:22 PM UTC",visual,,
b9fdc40a-54ff-4999-86d3-788702c1a890,Thomas Crites,Bibb County SO GA,1505,"04/23/2026, 07:30:17 PM UTC
05/07/2026, 07:30:17 PM UTC",***Redacted***,Motor Vehicle Theft/Stolen - 26-39526,,***Redacted***,"05/07/2026, 07:20:20 PM UTC",lookup,,
4a6aa97d-19b3-4c01-a009-7decc8828141,Fred Gray,Bibb County SO GA,2,"05/06/2026, 01:30:20 PM UTC
05/07/2026, 01:30:20 PM UTC",***Redacted***,Assault/Battery Offenses - 2026-39417,,***Redacted***,"05/07/2026, 01:32:27 PM UTC",lookup,,
1a1fde9a-dd1b-4a02-8caa-95614bd6f38a,Fred Gray,Bibb County SO GA,2,"05/06/2026, 01:30:20 PM UTC
05/07/2026, 01:30:20 PM UTC",***Redacted***,Assault/Battery Offenses - 2026-39417,,***Redacted***,"05/07/2026, 01:34:28 PM UTC",lookup,,
3df56cc7-dba8-4e98-b071-a4ef3c89d842,Fred Gray,Bibb County SO GA,2,"05/06/2026, 01:30:20 PM UTC
05/07/2026, 01:30:20 PM UTC",***Redacted***,Assault/Battery Offenses - 2026-39417,,***Redacted***,"05/07/2026, 01:38:11 PM UTC",lookup,,
f06c0b49-b17a-48da-bc89-fdbf50ad6efe,Min Ha,Bibb County SO GA,767,"05/06/2026, 01:30:32 PM UTC
05/07/2026, 01:30:32 PM UTC",***Redacted***,Assault/Battery Offenses - 2026-39417,,***Redacted***,"05/07/2026, 01:38:59 PM UTC",lookup,,
abcfd89a-2488-49f8-a037-0be0016737a6,Min Ha,Bibb County SO GA,767,"05/06/2026, 02:00:06 PM UTC
05/07/2026, 02:00:06 PM UTC",***Redacted***,Assault/Battery Offenses - 2026-39417,,***Redacted***,"05/07/2026, 01:40:09 PM UTC",lookup,,
4d9b1762-1d02-45a7-80d2-ddd778d3f3ba,Fred Gray,Bibb County SO GA,2,"05/06/2026, 01:30:20 PM UTC
05/07/2026, 01:30:20 PM UTC",***Redacted***,Assault/Battery Offenses - 2026-39417,,***Redacted***,"05/07/2026, 01:44:16 PM UTC",lookup,,
35a4ccce-d558-4ba1-b49a-4e371528b5d8,Min Ha,Bibb County SO GA,767,"05/06/2026, 02:00:06 PM UTC
05/07/2026, 02:00:06 PM UTC",***Redacted***,Assault/Battery Offenses - 2026-39417,,***Redacted***,"05/07/2026, 01:45:14 PM UTC",lookup,,
9b27b21d-ad38-415f-ba27-9675e02708e3,Min Ha,Bibb County SO GA,767,"04/30/2026, 02:00:47 PM UTC
05/07/2026, 02:00:47 PM UTC",***Redacted***,Assault/Battery Offenses - 2026-39417,,***Redacted***,"05/07/2026, 01:45:53 PM UTC",lookup,,
c9c1eef7-8e2c-47b8-8fad-0cadeb3ae1bf,Min Ha,Bibb County SO GA,767,"05/06/2026, 02:00:35 PM UTC
05/07/2026, 02:00:35 PM UTC",***Redacted***,Assault/Battery Offenses - 2026-39417,,***Redacted***,"05/07/2026, 01:48:37 PM UTC",lookup,,
17cb7344-b94d-49e5-8a63-82cdc6ea95d7,Min Ha,Bibb County SO GA,767,"05/06/2026, 02:00:35 PM UTC
05/07/2026, 02:00:35 PM UTC",***Redacted***,Assault/Battery Offenses - 2026-39417,,***Redacted***,"05/07/2026, 01:50:51 PM UTC",lookup,,
748c9d43-ed11-411f-96f8-efce99c757d6,Charlee Gibson,Bibb County SO GA,3,"05/05/2026, 12:30:00 PM UTC
05/06/2026, 02:30:00 AM UTC",***Redacted***,Weapons Offense (Guns/Shots Fired) - 2026-38919,,***Redacted***,"05/07/2026, 02:01:42 PM UTC",lookup,,
651cea96-6355-41d4-87ca-b20d468405c1,Eric Woodford,Bibb County SO GA,11,"05/06/2026, 02:30:43 PM UTC
05/07/2026, 02:30:43 PM UTC",***Redacted***,Missing/Endangered Person/Runaway - Missing Person,,***Redacted***,"05/07/2026, 02:02:47 PM UTC",lookup,,
bc553cad-7b92-424f-96a1-7d220cfce19e,Thomas Crites,Bibb County SO GA,3,"04/07/2026, 02:30:34 PM UTC
05/07/2026, 02:30:34 PM UTC",***Redacted***,Homicide/Death Investigation - 26-39343,,***Redacted***,"05/07/2026, 02:13:41 PM UTC",lookup,,
66d47d0e-3e1a-4f8c-a9d1-efc159f6641d,Thomas Crites,Bibb County SO GA,3,"04/07/2026, 02:30:34 PM UTC
05/07/2026, 02:30:34 PM UTC",***Redacted***,Homicide/Death Investigation - 26-39343,,***Redacted***,"05/07/2026, 02:14:10 PM UTC",lookup,,
73edc9c1-dec5-4eac-b289-3a34c4594009,Alexis Robinson,Bibb County SO GA,3,"05/01/2026, 06:00:00 PM UTC
05/07/2026, 06:00:00 PM UTC",***Redacted***,Weapons Offense (Guns/Shots Fired) - 2026-38030,,***Redacted***,"05/07/2026, 05:45:39 PM UTC",lookup,,
da828f23-cafd-4abf-8941-f2e66f8104ff,Alexis Robinson,Bibb County SO GA,3,"05/01/2026, 06:00:00 PM UTC
05/07/2026, 06:00:00 PM UTC",***Redacted***,Weapons Offense (Guns/Shots Fired) - 2026-38030,,***Redacted***,"05/07/2026, 05:46:38 PM UTC",lookup,,
9a0c3a61-8353-4a4d-9343-5c03d91239a1,Alexis Robinson,Bibb County SO GA,1425,"05/03/2026, 12:00:00 AM UTC
05/03/2026, 01:00:00 AM UTC",***Redacted***,Weapons Offense (Guns/Shots Fired) - 2026-38030,,***Redacted***,"05/07/2026, 05:47:10 PM UTC",search,,
ef573764-11ae-48e8-9548-30c391c31683,Kirsten Davella,Bibb County SO GA,3,"04/07/2026, 06:00:52 PM UTC
05/07/2026, 06:00:52 PM UTC",***Redacted***,Assault/Battery Offenses - 2026-28395,,***Redacted***,"05/07/2026, 05:47:55 PM UTC",lookup,,
26861e19-9971-4d30-8356-0178efcf4dc6,Alexis Robinson,Bibb County SO GA,1425,"05/03/2026, 12:00:00 AM UTC
05/03/2026, 01:00:00 AM UTC",***Redacted***,Weapons Offense (Guns/Shots Fired) - 2026-38030,,***Redacted***,"05/07/2026, 05:49:50 PM UTC",search,,
abc9c8fa-3244-4f36-9a80-a8eb00bd09f0,Alexis Robinson,Bibb County SO GA,1425,"05/03/2026, 12:00:00 AM UTC
05/03/2026, 01:00:00 AM UTC",***Redacted***,Weapons Offense (Guns/Shots Fired) - 2026-38030,,***Redacted***,"05/07/2026, 05:50:14 PM UTC",search,,
709a6036-3c70-45a8-9df3-ec2f7c5dfa76,Seth Vonderhuevel,Bibb County SO GA,1425,"05/07/2026, 04:30:53 PM UTC
05/07/2026, 06:30:53 PM UTC",***Redacted***,Homicide/Death Investigation - 26-39343,,***Redacted***,"05/07/2026, 06:03:17 PM UTC",search,,
21326376-82f1-438d-9b4b-1ad4a48da25d,Seth Vonderhuevel,Bibb County SO GA,3,"05/07/2026, 04:30:53 PM UTC
05/07/2026, 06:30:53 PM UTC",***Redacted***,Homicide/Death Investigation - 26-39343,,***Redacted***,"05/07/2026, 06:03:35 PM UTC",search,,
143bd8ee-9b30-4e08-90be-380c2282cca6,Seth Vonderhuevel,Bibb County SO GA,3,"05/07/2026, 04:30:53 PM UTC
05/07/2026, 06:30:53 PM UTC",***Redacted***,Homicide/Death Investigation - 26-39343,,***Redacted***,"05/07/2026, 06:04:27 PM UTC",search,,
b79024ce-43df-4f2a-b124-d2e5787b2fbf,Seth Vonderhuevel,Bibb County SO GA,3,"05/06/2026, 06:30:52 PM UTC
05/07/2026, 06:30:52 PM UTC",***Redacted***,Homicide/Death Investigation - 26-39343,,***Redacted***,"05/07/2026, 06:05:55 PM UTC",search,,
aaa0eaea-36f9-424d-ae80-5c06d30eb56b,Seth Vonderhuevel,Bibb County SO GA,1425,"05/06/2026, 06:30:52 PM UTC
05/07/2026, 06:30:52 PM UTC",***Redacted***,Homicide/Death Investigation - 26-39343,,***Redacted***,"05/07/2026, 06:07:01 PM UTC",search,,
bc0a7816-f000-44bf-9a64-2a5cf9a5f61c,Seth Vonderhuevel,Bibb County SO GA,1425,"05/06/2026, 06:30:52 PM UTC
05/07/2026, 06:30:52 PM UTC",***Redacted***,Homicide/Death Investigation - 26-39343,,***Redacted***,"05/07/2026, 06:07:59 PM UTC",search,,
ae7ba703-5254-4041-a61c-d285b438247b,Alexis Robinson,Bibb County SO GA,3,"05/02/2026, 04:00:00 AM UTC
05/03/2026, 03:59:00 AM UTC",***Redacted***,Weapons Offense (Guns/Shots Fired) - 2026-38030,,***Redacted***,"05/07/2026, 06:11:32 PM UTC",visual,,
0412e4ec-5ea0-4422-9709-d5adb9134aa6,Alexis Robinson,Bibb County SO GA,3,"05/02/2026, 04:00:00 AM UTC
05/03/2026, 03:59:00 AM UTC",***Redacted***,Weapons Offense (Guns/Shots Fired) - 2026-38030,,***Redacted***,"05/07/2026, 06:12:12 PM UTC",visual,,
38e9fb55-29a9-47a5-ae2f-a5fe14187e4c,Seth Vonderhuevel,Bibb County SO GA,1,"05/07/2026, 04:47:00 AM UTC
05/07/2026, 04:49:00 AM UTC",***Redacted***,Homicide/Death Investigation - 26-39343,,***Redacted***,"05/07/2026, 06:13:07 PM UTC",search,,
87f359dd-0867-4710-a8a2-27386588b1e3,Seth Vonderhuevel,Bibb County SO GA,3,"05/07/2026, 04:47:00 AM UTC
05/07/2026, 04:49:00 AM UTC",***Redacted***,Homicide/Death Investigation - 26-39343,,***Redacted***,"05/07/2026, 06:13:19 PM UTC",visual,,
69d2f3b4-5d36-4813-b357-7ce15ee638a2,Seth Vonderhuevel,Bibb County SO GA,3,"05/07/2026, 04:47:00 AM UTC
05/07/2026, 04:49:00 AM UTC",***Redacted***,Homicide/Death Investigation - 26-39343,,***Redacted***,"05/07/2026, 06:14:12 PM UTC",visual,,
d59f05e7-ea6b-48b4-9e49-bb136fdb4b7f,Seth Vonderhuevel,Bibb County SO GA,3,"04/07/2026, 06:30:37 PM UTC
05/07/2026, 06:30:37 PM UTC",***Redacted***,Homicide/Death Investigation - 26-39343,,***Redacted***,"05/07/2026, 06:14:57 PM UTC",visual,,
ae49c508-ad2f-49f1-b9d7-3cf095bc63d2,Alexis Robinson,Bibb County SO GA,3,"05/02/2026, 04:00:00 AM UTC
05/03/2026, 03:59:00 AM UTC",***Redacted***,Weapons Offense (Guns/Shots Fired) - 2026-38030,,***Redacted***,"05/07/2026, 06:16:15 PM UTC",visual,,
18d0aae0-88af-41de-a1ae-ad9fea3bf101,Enrique Hogan,Bibb County SO GA,3,"04/23/2026, 12:56:40 PM UTC
05/07/2026, 12:56:40 PM UTC",***Redacted***,Wanted Person (Arrest Warrant/Fugitive) - FID  11957926,,***Redacted***,"05/07/2026, 12:56:41 PM UTC",lookup - Mobile,,
4fd7f853-b071-4012-b5f0-52b21b3c36d8,Enrique Hogan,Bibb County SO GA,3,"04/07/2026, 12:56:48 PM UTC
05/07/2026, 12:56:48 PM UTC",***Redacted***,Wanted Person (Arrest Warrant/Fugitive) - FID  11957926,,***Redacted***,"05/07/2026, 12:56:49 PM UTC",lookup - Mobile,,
fe43447d-c896-41f9-9984-c39b150950a9,Enrique Hogan,Bibb County SO GA,731,"04/23/2026, 12:56:58 PM UTC
05/07/2026, 12:56:58 PM UTC",***Redacted***,Wanted Person (Arrest Warrant/Fugitive) - FID  11957926,,***Redacted***,"05/07/2026, 12:56:59 PM UTC",lookup - Mobile,,
9064c8fe-d8ff-4130-b742-f979f534a79c,Fred Gray,Bibb County SO GA,2,"05/06/2026, 01:30:20 PM UTC
05/07/2026, 01:30:20 PM UTC",***Redacted***,Assault/Battery Offenses - 2026-39417,,***Redacted***,"05/07/2026, 01:20:22 PM UTC",lookup,,
d26846ca-0a81-4ef1-b0d0-83088a230520,Min Ha,Bibb County SO GA,767,"04/07/2026, 01:30:38 PM UTC
05/07/2026, 01:30:38 PM UTC",***Redacted***,Assault/Battery Offenses - 2026-39417,,***Redacted***,"05/07/2026, 01:20:29 PM UTC",lookup,,
7944b4f8-d31a-434a-a5e6-90e0790106f5,Fred Gray,Bibb County SO GA,2,"05/06/2026, 01:30:20 PM UTC
05/07/2026, 01:30:20 PM UTC",***Redacted***,Assault/Battery Offenses - 2026-39417,,***Redacted***,"05/07/2026, 01:23:52 PM UTC",lookup,,
766b08d4-ae0e-4997-b66c-51e9a2e4f33f,Fred Gray,Bibb County SO GA,2,"05/06/2026, 01:30:20 PM UTC
05/07/2026, 01:30:20 PM UTC",***Redacted***,Assault/Battery Offenses - 2026-39417,,***Redacted***,"05/07/2026, 01:26:11 PM UTC",lookup,,
00d3a4cb-5c03-4a0a-8935-025b7cbfc30d,Min Ha,Bibb County SO GA,767,"05/06/2026, 01:30:32 PM UTC
05/07/2026, 01:30:32 PM UTC",***Redacted***,Assault/Battery Offenses - 2026-39417,,***Redacted***,"05/07/2026, 01:29:35 PM UTC",lookup,,
25cf3b6e-7ff2-4f72-a5b3-09c9865c4e05,Fred Gray,Bibb County SO GA,2,"05/06/2026, 01:30:20 PM UTC
05/07/2026, 01:30:20 PM UTC",***Redacted***,Assault/Battery Offenses - 2026-39417,,***Redacted***,"05/07/2026, 01:29:47 PM UTC",lookup,,
738fe9ce-895a-4031-ba49-74a12b36cbe3,Thomas Crites,Bibb County SO GA,1506,"05/07/2026, 05:30:00 AM UTC
05/07/2026, 02:30:00 PM UTC",***Redacted***,Homicide/Death Investigation - 26-39343,,***Redacted***,"05/07/2026, 03:35:19 PM UTC",search,,
8fb19f5b-71e4-4170-9304-9eadcbe0f9f9,Thomas Crites,Bibb County SO GA,1506,"05/07/2026, 05:30:00 AM UTC
05/07/2026, 02:30:00 PM UTC",***Redacted***,Homicide/Death Investigation - 26-39343,,***Redacted***,"05/07/2026, 03:35:39 PM UTC",search,,
c1f5f58a-1838-4f59-abe4-886789dc2718,Thomas Crites,Bibb County SO GA,1,"05/07/2026, 05:30:00 AM UTC
05/07/2026, 10:30:00 AM UTC",***Redacted***,Homicide/Death Investigation - 26-39343,,***Redacted***,"05/07/2026, 03:36:56 PM UTC",search,,
c7663454-06de-4931-a86e-0c384b880e20,Min Ha,Bibb County SO GA,767,"05/06/2026, 02:00:35 PM UTC
05/07/2026, 02:00:35 PM UTC",***Redacted***,Assault/Battery Offenses - 2026-39417,,***Redacted***,"05/07/2026, 03:44:49 PM UTC",lookup,,
080a8dbc-5ad1-4643-81aa-47b6d6211826,Min Ha,Bibb County SO GA,767,"05/06/2026, 04:00:56 PM UTC
05/07/2026, 04:00:56 PM UTC",***Redacted***,Assault/Battery Offenses - 2026-39417,,***Redacted***,"05/07/2026, 03:44:59 PM UTC",lookup,,
9203a135-3fef-459d-ad82-8314350cf8e9,Thomas Crites,Bibb County SO GA,1505,"05/05/2026, 04:00:57 PM UTC
05/07/2026, 04:00:57 PM UTC",***Redacted***,Homicide/Death Investigation - 26-39343,,***Redacted***,"05/07/2026, 03:45:59 PM UTC",search,,
20d0c680-a4c0-42ce-bc84-13d0f0d85b0c,Thomas Crites,Bibb County SO GA,1505,"05/05/2026, 04:00:57 PM UTC
05/07/2026, 04:00:57 PM UTC",***Redacted***,Homicide/Death Investigation - 26-39343,,***Redacted***,"05/07/2026, 03:47:13 PM UTC",search,,
153a685a-7cde-453c-b221-3fc947ab1071,Emily Mattox,Bibb County SO GA,11,"05/07/2026, 02:05:00 AM UTC
05/07/2026, 02:10:00 PM UTC",***Redacted***,Wanted Person (Arrest Warrant/Fugitive) - shooting,,***Redacted***,"05/07/2026, 03:49:17 PM UTC",search,,
f785f874-5186-457d-b861-0b058d8b0e0a,Min Ha,Bibb County SO GA,767,"05/06/2026, 04:00:56 PM UTC
05/07/2026, 04:00:56 PM UTC",***Redacted***,Assault/Battery Offenses - 2026-39417,,***Redacted***,"05/07/2026, 03:50:21 PM UTC",lookup,,
fb717716-8c64-4c7d-a6a2-324aed03fc6e,Thomas Crites,Bibb County SO GA,1,"05/07/2026, 04:00:00 AM UTC
05/07/2026, 10:30:00 AM UTC",***Redacted***,Homicide/Death Investigation - 26-39343,,***Redacted***,"05/07/2026, 03:51:02 PM UTC",search,,
10763208-35cf-412a-aefd-3d95e0b8d7a5,Thomas Crites,Bibb County SO GA,1,"05/07/2026, 04:00:00 AM UTC
05/07/2026, 10:30:00 AM UTC",***Redacted***,Homicide/Death Investigation - 26-39343,,***Redacted***,"05/07/2026, 03:51:04 PM UTC",search,,
b8e0cf79-3bc4-4802-92c5-c01dec9ed2cc,Thomas Crites,Bibb County SO GA,3,"05/07/2026, 04:00:00 AM UTC
05/07/2026, 10:30:00 AM UTC",***Redacted***,Homicide/Death Investigation - 26-39343,,***Redacted***,"05/07/2026, 03:52:11 PM UTC",visual,,
db871e0e-d358-4d9c-97c6-733dafc84883,Emily Mattox,Bibb County SO GA,11,"05/07/2026, 02:05:00 AM UTC
05/07/2026, 02:10:00 PM UTC",***Redacted***,Wanted Person (Arrest Warrant/Fugitive) - shooting,,***Redacted***,"05/07/2026, 03:53:24 PM UTC",search,,
889684ae-91b9-419b-9e26-4bebe774c0ee,Emily Mattox,Bibb County SO GA,11,"05/07/2026, 02:05:00 AM UTC
05/07/2026, 02:10:00 PM UTC",***Redacted***,Wanted Person (Arrest Warrant/Fugitive) - shooting,,***Redacted***,"05/07/2026, 03:55:28 PM UTC",search,,
66354ec1-5db7-4790-ae7e-0873a80c5619,Emily Mattox,Bibb County SO GA,11,"05/07/2026, 02:05:00 AM UTC
05/07/2026, 02:10:00 PM UTC",***Redacted***,Wanted Person (Arrest Warrant/Fugitive) - shooting,,***Redacted***,"05/07/2026, 03:57:28 PM UTC",search,,
11704f7a-ea20-4c9d-8171-9a39f3d800c7,Emily Mattox,Bibb County SO GA,11,"05/07/2026, 10:05:00 AM UTC
05/07/2026, 03:10:00 PM UTC",***Redacted***,Wanted Person (Arrest Warrant/Fugitive) - shooting,,***Redacted***,"05/07/2026, 04:04:29 PM UTC",search,,
450c3332-acfd-4e6e-8e42-76ecb38c4163,Thomas Crites,Bibb County SO GA,1506,"04/30/2026, 07:00:46 AM UTC
05/07/2026, 07:00:46 AM UTC",***Redacted***,Homicide/Death Investigation - 26-39343,,***Redacted***,"05/07/2026, 06:39:49 AM UTC",lookup,,
8ad75afa-ab1a-48b7-8f27-94ebcfa66ace,Thomas Crites,Bibb County SO GA,1506,"04/30/2026, 07:00:46 AM UTC
05/07/2026, 07:00:46 AM UTC",***Redacted***,Homicide/Death Investigation - 26-39343,,***Redacted***,"05/07/2026, 06:43:17 AM UTC",lookup,,
148d8e09-3ffe-4662-a082-e46e4bd6b9f7,Thomas Crites,Bibb County SO GA,852,"04/07/2026, 06:43:10 AM UTC
05/07/2026, 06:43:10 AM UTC",***Redacted***,Homicide/Death Investigation - 26-39343,,***Redacted***,"05/07/2026, 06:43:35 AM UTC",lookup,,
1a5bbfae-e668-4da2-8180-a310eb99a283,Thomas Crites,Bibb County SO GA,1506,"04/30/2026, 07:00:53 AM UTC
05/07/2026, 07:00:53 AM UTC",***Redacted***,Homicide/Death Investigation - 26-39343,,***Redacted***,"05/07/2026, 06:46:58 AM UTC",lookup,,
404c686d-3161-4737-9803-fc53f0ee1f50,Thomas Crites,Bibb County SO GA,1506,"04/30/2026, 07:00:53 AM UTC
05/07/2026, 07:00:53 AM UTC",***Redacted***,Homicide/Death Investigation - 26-39343,,***Redacted***,"05/07/2026, 06:47:07 AM UTC",lookup,,
4ec15b25-1ad9-44f9-ab5d-8edf670a92ad,Thomas Crites,Bibb County SO GA,1,"05/07/2026, 04:00:00 AM UTC
05/07/2026, 07:00:00 AM UTC",***Redacted***,Homicide/Death Investigation - 26-39343,,***Redacted***,"05/07/2026, 06:48:50 AM UTC",lookup,,
b8b3f8d7-a488-4f35-bccf-1f6edac194bc,Thomas Crites,Bibb County SO GA,1,"05/07/2026, 04:00:00 AM UTC
05/07/2026, 07:00:00 AM UTC",***Redacted***,Homicide/Death Investigation - 26-39343,,***Redacted***,"05/07/2026, 06:48:55 AM UTC",search,,
ed70e2aa-6b95-45f6-8bb3-ffd395042b63,Thomas Crites,Bibb County SO GA,1,"05/07/2026, 04:00:00 AM UTC
05/07/2026, 07:00:00 AM UTC",***Redacted***,Homicide/Death Investigation - 26-39343,,***Redacted***,"05/07/2026, 06:49:51 AM UTC",search,,
d2d99fa0-c43b-43da-bc01-cb3667fd9b86,Thomas Crites,Bibb County SO GA,1419,"05/07/2026, 02:05:50 AM UTC
05/07/2026, 04:43:01 AM UTC",***Redacted***,Homicide/Death Investigation - 26-39343,,***Redacted***,"05/07/2026, 06:51:16 AM UTC",convoy,,
ec6a481b-5b5f-4c42-84bf-5719f320ef0a,Thomas Crites,Bibb County SO GA,1,"05/07/2026, 04:00:00 AM UTC
05/07/2026, 04:35:00 AM UTC",***Redacted***,Homicide/Death Investigation - 26-39343,,***Redacted***,"05/07/2026, 06:56:55 AM UTC",search,,
0b90dec0-6281-462f-ac6a-2432b5fd2170,Thomas Crites,Bibb County SO GA,1506,"04/07/2026, 07:30:08 AM UTC
05/07/2026, 07:30:08 AM UTC",***Redacted***,Homicide/Death Investigation - 26-39343,,***Redacted***,"05/07/2026, 07:08:12 AM UTC",lookup,,
46c9a814-2dd5-42dc-ad4b-46c4cd6397db,Thomas Crites,Bibb County SO GA,3,"05/05/2026, 07:30:24 AM UTC
05/07/2026, 07:30:24 AM UTC",***Redacted***,Homicide/Death Investigation - 26-39343,,***Redacted***,"05/07/2026, 07:17:27 AM UTC",lookup,,
e163bf99-e766-4f94-8e62-44968c3587d3,Thomas Crites,Bibb County SO GA,852,"05/06/2026, 08:00:53 AM UTC
05/07/2026, 08:00:53 AM UTC",***Redacted***,Homicide/Death Investigation - 26-39343,,***Redacted***,"05/07/2026, 07:47:02 AM UTC",lookup,,
9dd2d6e9-8bcd-4dbc-8106-8af45fe6cad0,Charlee Gibson,Bibb County SO GA,3,"05/06/2026, 08:00:37 PM UTC
05/07/2026, 08:00:37 PM UTC",***Redacted***,Weapons Offense (Guns/Shots Fired) - 2026-39569,,***Redacted***,"05/07/2026, 07:55:52 PM UTC",freeform,objectClass:vehicle blue honda sedan with chrime handle,allow
8a3b9f07-a657-41b4-b1b6-2a1dcd062af3,Charlee Gibson,Bibb County SO GA,1425,"05/07/2026, 06:00:37 PM UTC
05/07/2026, 08:00:37 PM UTC",***Redacted***,Weapons Offense (Guns/Shots Fired) - 2026-39569,,***Redacted***,"05/07/2026, 07:57:29 PM UTC",search,,
07b81c2c-50d6-463e-bf6d-7488d2e8b303,Thomas Crites,Bibb County SO GA,1505,"05/07/2026, 06:00:25 PM UTC
05/07/2026, 08:00:25 PM UTC",***Redacted***,Weapons Offense (Guns/Shots Fired) - 26-39569,,***Redacted***,"05/07/2026, 07:57:50 PM UTC",search,,
fb4a1edd-c762-424c-9e67-2f7a3b73290b,Charlee Gibson,Bibb County SO GA,1425,"05/07/2026, 06:00:37 PM UTC
05/07/2026, 08:00:37 PM UTC",***Redacted***,Weapons Offense (Guns/Shots Fired) - 2026-39569,,***Redacted***,"05/07/2026, 07:57:59 PM UTC",search,,
0e22acf3-a921-4575-b2a8-c035733fe94d,Thomas Crites,Bibb County SO GA,1505,"05/06/2026, 08:00:00 PM UTC
05/07/2026, 08:00:00 PM UTC",***Redacted***,Weapons Offense (Guns/Shots Fired) - 26-39569,,***Redacted***,"05/07/2026, 07:58:02 PM UTC",search,,
3d629d4d-91d5-47c5-810f-b7f95de0f3a8,Thomas Crites,Bibb County SO GA,3,"05/06/2026, 08:00:00 PM UTC
05/07/2026, 08:00:00 PM UTC",***Redacted***,Weapons Offense (Guns/Shots Fired) - 26-39569,,***Redacted***,"05/07/2026, 07:58:18 PM UTC",search,,
57b72831-ec0f-4b5b-a765-35d8a3985986,Shane Benton,Bibb County SO GA,11,"05/07/2026, 06:00:44 PM UTC
05/07/2026, 08:00:44 PM UTC",***Redacted***,Motor Vehicle Theft/Stolen - 2026-39526,,***Redacted***,"05/07/2026, 07:58:47 PM UTC",lookup,,
7e1bd223-b522-4ed3-bb5e-fcb805c47747,Kirsten Davella,Bibb County SO GA,3,"05/07/2026, 06:00:40 PM UTC
05/07/2026, 08:00:40 PM UTC",***Redacted***,Weapons Offense (Guns/Shots Fired) - 2026-39569,,***Redacted***,"05/07/2026, 08:00:24 PM UTC",search,,
890dabd1-d39d-469a-9523-7bd0ab06f655,Kirsten Davella,Bibb County SO GA,852,"04/07/2026, 08:00:33 PM UTC
05/07/2026, 08:00:33 PM UTC",***Redacted***,Weapons Offense (Guns/Shots Fired) - 2026-39569,,***Redacted***,"05/07/2026, 08:00:40 PM UTC",lookup,,
d13fa3c5-73df-4ef6-ae82-5b6ac0d09793,Alexis Robinson,Bibb County SO GA,1,"05/03/2026, 12:00:00 AM UTC
05/03/2026, 12:30:00 AM UTC",***Redacted***,Weapons Offense (Guns/Shots Fired) - 2026-38030,,***Redacted***,"05/07/2026, 08:01:45 PM UTC",search,,
64a8801b-af51-428a-9ffc-cdf0ab87355b,Thomas Crites,Bibb County SO GA,1505,"05/07/2026, 06:30:43 PM UTC
05/07/2026, 08:30:43 PM UTC",***Redacted***,Weapons Offense (Guns/Shots Fired) - 26-39569,,***Redacted***,"05/07/2026, 08:01:46 PM UTC",search,,
c694011a-b228-41f8-be3e-f48e8ca51016,Alexis Robinson,Bibb County SO GA,1,"05/03/2026, 12:00:00 AM UTC
05/03/2026, 12:25:00 AM UTC",***Redacted***,Weapons Offense (Guns/Shots Fired) - 2026-38030,,***Redacted***,"05/07/2026, 08:02:09 PM UTC",search,,
e11e3d74-9a2a-4c13-bb06-1c5b245e4fc5,Alexis Robinson,Bibb County SO GA,1,"05/03/2026, 12:00:00 AM UTC
05/03/2026, 12:24:00 AM UTC",***Redacted***,Weapons Offense (Guns/Shots Fired) - 2026-38030,,***Redacted***,"05/07/2026, 08:03:16 PM UTC",search,,
9ffddd4c-b28a-443b-87bf-bbe955f486f8,Kirsten Davella,Bibb County SO GA,3,"04/07/2026, 08:00:33 PM UTC
05/07/2026, 08:00:33 PM UTC",***Redacted***,Weapons Offense (Guns/Shots Fired) - 2026-39569,,***Redacted***,"05/07/2026, 08:03:17 PM UTC",visual,,
31f47faa-47e3-493b-be96-758f67dcc930,Thomas Crites,Bibb County SO GA,3,"05/06/2026, 08:30:45 PM UTC
05/07/2026, 08:30:45 PM UTC",***Redacted***,Homicide/Death Investigation - 26-39343,,***Redacted***,"05/07/2026, 08:03:50 PM UTC",visual,,
58576943-0fd2-43b5-9435-00c0c599f53e,Kirsten Davella,Bibb County SO GA,3,"05/07/2026, 06:00:40 PM UTC
05/07/2026, 08:00:40 PM UTC",***Redacted***,Weapons Offense (Guns/Shots Fired) - 2026-39569,,***Redacted***,"05/07/2026, 08:04:36 PM UTC",visual,,
a55c9e8a-f374-4edc-a35d-ac300e6223e4,Charlee Gibson,Bibb County SO GA,1425,"05/07/2026, 06:00:37 PM UTC
05/07/2026, 08:00:37 PM UTC",***Redacted***,Weapons Offense (Guns/Shots Fired) - 2026-39569,,***Redacted***,"05/07/2026, 08:05:39 PM UTC",search,,
17d80780-18e5-4a64-9171-2edc7efcf33a,Kirsten Davella,Bibb County SO GA,1505,"05/07/2026, 06:00:40 PM UTC
05/07/2026, 08:00:40 PM UTC",***Redacted***,Weapons Offense (Guns/Shots Fired) - 2026-39569,,***Redacted***,"05/07/2026, 08:07:19 PM UTC",search,,
576e5e73-ef95-46d2-a399-7bf4d0be2593,Kirsten Davella,Bibb County SO GA,852,"04/07/2026, 08:07:34 PM UTC
05/07/2026, 08:07:34 PM UTC",***Redacted***,Weapons Offense (Guns/Shots Fired) - 2026-39569,,***Redacted***,"05/07/2026, 08:07:39 PM UTC",lookup,,
968d718f-98bd-40b2-923c-3a0eac5c9df8,Charlee Gibson,Bibb County SO GA,1425,"05/07/2026, 06:00:37 PM UTC
05/07/2026, 08:00:37 PM UTC",***Redacted***,Weapons Offense (Guns/Shots Fired) - 2026-39569,,***Redacted***,"05/07/2026, 08:09:34 PM UTC",search,,
84e51bfe-5952-47ac-94d9-9f1f793be0c9,Charlee Gibson,Bibb County SO GA,3,"05/07/2026, 06:00:37 PM UTC
05/07/2026, 08:00:37 PM UTC",***Redacted***,Weapons Offense (Guns/Shots Fired) - 2026-39569,,***Redacted***,"05/07/2026, 08:10:44 PM UTC",search,,
28ae2234-92e7-4f12-90ba-1919c425f585,Alexis Robinson,Bibb County SO GA,1,"05/03/2026, 12:00:00 AM UTC
05/03/2026, 12:24:00 AM UTC",***Redacted***,Weapons Offense (Guns/Shots Fired) - 2026-38030,,***Redacted***,"05/07/2026, 08:11:16 PM UTC",lookup,,
01cbe73f-e0f2-4446-b935-af63a709ee5a,Charlee Gibson,Bibb County SO GA,3,"05/07/2026, 06:00:37 PM UTC
05/07/2026, 08:00:37 PM UTC",***Redacted***,Weapons Offense (Guns/Shots Fired) - 2026-39569,,***Redacted***,"05/07/2026, 08:11:26 PM UTC",search,,
7d81a3ab-e1f5-4750-98c4-8a25696fab31,Alexis Robinson,Bibb County SO GA,1,"05/02/2026, 04:00:00 AM UTC
05/03/2026, 03:59:00 AM UTC",***Redacted***,Weapons Offense (Guns/Shots Fired) - 2026-38030,,***Redacted***,"05/07/2026, 08:11:41 PM UTC",lookup,,
5dabeac2-445d-49fe-a8da-d9f4b5032448,Alexis Robinson,Bibb County SO GA,1,"05/02/2026, 04:00:00 AM UTC
05/03/2026, 03:59:00 AM UTC",***Redacted***,Weapons Offense (Guns/Shots Fired) - 2026-38030,,***Redacted***,"05/07/2026, 08:12:09 PM UTC",lookup,,
b7132f62-b697-493d-be6b-13357601c696,Charlee Gibson,Bibb County SO GA,3,"05/07/2026, 06:00:37 PM UTC
05/07/2026, 08:00:37 PM UTC",***Redacted***,Weapons Offense (Guns/Shots Fired) - 2026-39569,,***Redacted***,"05/07/2026, 08:12:09 PM UTC",search,,
a015d9e8-9720-4ee9-99da-d87257a486a0,Alexis Robinson,Bibb County SO GA,3,"05/02/2026, 04:00:00 AM UTC
05/03/2026, 03:59:00 AM UTC",***Redacted***,Weapons Offense (Guns/Shots Fired) - 2026-38030,,***Redacted***,"05/07/2026, 08:12:16 PM UTC",lookup,,
fcd55055-3174-4a69-acfe-d492e2e20a21,Alexis Robinson,Bibb County SO GA,3,"05/02/2026, 04:00:00 AM UTC
05/03/2026, 03:59:00 AM UTC",***Redacted***,Weapons Offense (Guns/Shots Fired) - 2026-38030,,***Redacted***,"05/07/2026, 08:12:51 PM UTC",lookup,,
66294db7-513d-44ba-8e00-0bd2ae069031,Alexis Robinson,Bibb County SO GA,3,"05/02/2026, 04:00:00 AM UTC
05/03/2026, 03:59:00 AM UTC",***Redacted***,Weapons Offense (Guns/Shots Fired) - 2026-38030,,***Redacted***,"05/07/2026, 08:13:16 PM UTC",lookup,,
4a66e52d-bda0-490e-b3ed-ef4f4d72fa3f,Charlee Gibson,Bibb County SO GA,1425,"05/07/2026, 06:00:37 PM UTC
05/07/2026, 08:00:37 PM UTC",***Redacted***,Weapons Offense (Guns/Shots Fired) - 2026-39569,,***Redacted***,"05/07/2026, 08:18:03 PM UTC",search,,
11391120-6497-45af-b6c2-72ce4116765f,Charlee Gibson,Bibb County SO GA,3,"05/07/2026, 05:00:00 PM UTC
05/07/2026, 08:00:00 PM UTC",***Redacted***,Weapons Offense (Guns/Shots Fired) - 2026-39569,,***Redacted***,"05/07/2026, 08:18:37 PM UTC",search,,
d38acce3-5fc2-4728-a778-6a8bcbdde40f,Charlee Gibson,Bibb County SO GA,3,"05/07/2026, 05:00:00 PM UTC
05/07/2026, 08:00:00 PM UTC",***Redacted***,Weapons Offense (Guns/Shots Fired) - 2026-39569,,***Redacted***,"05/07/2026, 08:19:11 PM UTC",search,,
139cf1e1-0935-42ef-bc5e-b140241def28,Charlee Gibson,Bibb County SO GA,3,"05/07/2026, 05:00:00 PM UTC
05/07/2026, 08:00:00 PM UTC",***Redacted***,Weapons Offense (Guns/Shots Fired) - 2026-39569,,***Redacted***,"05/07/2026, 08:23:44 PM UTC",search,,
48db4928-5085-45bd-8a6e-50d9326bd2fc,Charlee Gibson,Bibb County SO GA,850,"04/07/2026, 08:25:09 PM UTC
05/07/2026, 08:25:09 PM UTC",***Redacted***,Weapons Offense (Guns/Shots Fired) - 2026-39569,,***Redacted***,"05/07/2026, 08:25:15 PM UTC",lookup,,
d916236f-853e-4f40-9eab-b4e50de2219b,Thomas Kent,Bibb County SO GA,11,"05/08/2026, 07:00:47 PM UTC
05/09/2026, 07:00:47 PM UTC",***Redacted***,Motor Vehicle Theft/Stolen - 2026-40146,,***Redacted***,"05/09/2026, 06:44:22 PM UTC",lookup,,
fb253dc1-d2e2-4c66-ab14-98484fac3910,Kasie Huston,Bibb County SO GA,760,"04/07/2026, 09:30:20 PM UTC
05/07/2026, 09:30:20 PM UTC",***Redacted***,Material Witness - 25cr85798,,***Redacted***,"05/07/2026, 09:10:34 PM UTC",lookup,,
d3b4d56f-f205-4be9-bbb0-210edeba8076,Alexis Robinson,Bibb County SO GA,1425,"05/01/2026, 04:00:00 AM UTC
05/02/2026, 03:59:00 AM UTC",***Redacted***,Hit and Run/Car Accident - 2026-00037611,,***Redacted***,"05/08/2026, 07:16:40 PM UTC",search,,
036109c7-a1b1-41a2-ae29-92146d15d607,Alexis Robinson,Bibb County SO GA,3,"05/01/2026, 04:00:00 PM UTC
05/01/2026, 10:00:00 PM UTC",***Redacted***,Hit and Run/Car Accident - 2026-00037611,,***Redacted***,"05/08/2026, 07:17:53 PM UTC",freeform,objectClass:vehicle Black Toyota sedan with rear window stickers,allow
9e760076-49fa-426e-a4f7-72eba52636e3,Kasie Huston,Bibb County SO GA,760,"04/07/2026, 09:30:20 PM UTC
05/07/2026, 09:30:20 PM UTC",***Redacted***,Material Witness - 25cr85798,,***Redacted***,"05/07/2026, 09:20:46 PM UTC",lookup,,
1b2112a4-4506-4489-9a5c-01f02c966799,Shane Benton,Bibb County SO GA,11,"05/07/2026, 07:30:04 PM UTC
05/07/2026, 09:30:04 PM UTC",***Redacted***,Motor Vehicle Theft/Stolen - 2026-39526,,***Redacted***,"05/07/2026, 09:24:07 PM UTC",lookup,,
f67a52a5-e192-416d-83a1-8a8e41d77385,Adam Grant,Bibb County SO GA,1358,"05/06/2026, 09:31:56 PM UTC
05/07/2026, 09:31:56 PM UTC",***Redacted***,Motor Vehicle Theft/Stolen - 2026-39526,,***Redacted***,"05/07/2026, 09:31:58 PM UTC",lookup - Mobile,,
fbc52005-9a75-456f-9c1e-a4b27bcb371a,Adam Grant,Bibb County SO GA,1358,"04/30/2026, 09:32:12 PM UTC
05/07/2026, 09:32:12 PM UTC",***Redacted***,Motor Vehicle Theft/Stolen - 2026-39526,,***Redacted***,"05/07/2026, 09:32:14 PM UTC",lookup - Mobile,,
eb484e63-1080-46c0-b866-a161eda03b58,Adam Grant,Bibb County SO GA,1358,"04/08/2026, 06:09:13 PM UTC
05/08/2026, 06:09:13 PM UTC",***Redacted***,Motor Vehicle Theft/Stolen - 2026-1296,,***Redacted***,"05/08/2026, 06:09:20 PM UTC",lookup - Mobile,,
06aa9b87-36e6-4031-ae53-ae6dba8644a2,Charlee Gibson,Bibb County SO GA,3,"05/08/2026, 04:30:20 PM UTC
05/08/2026, 06:30:20 PM UTC",***Redacted***,Hit and Run/Car Accident - CFS 757,,***Redacted***,"05/08/2026, 06:17:17 PM UTC",lookup,,
de95bad6-57b9-4c55-86e1-6473957e0678,Charlee Gibson,Bibb County SO GA,3,"05/08/2026, 04:30:20 PM UTC
05/08/2026, 06:30:20 PM UTC",***Redacted***,Hit and Run/Car Accident - CFS 757,,***Redacted***,"05/08/2026, 06:17:29 PM UTC",lookup,,
c7b16286-b6cf-4cc0-b8d0-2ad998c87be4,Joshua Benfield,Bibb County SO GA,11,"05/08/2026, 06:02:28 PM UTC
05/08/2026, 06:17:28 PM UTC",***Redacted***,Hit and Run/Car Accident - 2026-39831,,***Redacted***,"05/08/2026, 06:17:57 PM UTC",search,,
2e391b61-dbbc-4e72-b714-b333e39ae241,Joshua Benfield,Bibb County SO GA,11,"05/08/2026, 06:02:28 PM UTC
05/08/2026, 06:17:28 PM UTC",***Redacted***,Hit and Run/Car Accident - 2026-39831,,***Redacted***,"05/08/2026, 06:18:24 PM UTC",search,,
7f7b37ca-3dfb-488a-b73c-56fcf80313ff,Elijah White,Bibb County SO GA,2,"05/07/2026, 03:30:00 PM UTC
05/08/2026, 03:30:00 PM UTC",***Redacted***,Motor Vehicle Theft/Stolen - 26-39775,,***Redacted***,"05/08/2026, 03:01:19 PM UTC",lookup,,
2726f414-5790-4e98-a29a-1abb92b29633,Elijah White,Bibb County SO GA,2,"05/01/2026, 03:30:23 PM UTC
05/08/2026, 03:30:23 PM UTC",***Redacted***,Motor Vehicle Theft/Stolen - 26-39775,,***Redacted***,"05/08/2026, 03:01:25 PM UTC",lookup,,
f5579e36-56fb-44f1-94be-a7f3af17abd3,Alexis Robinson,Bibb County SO GA,3,"05/01/2026, 04:00:00 PM UTC
05/01/2026, 10:00:00 PM UTC",***Redacted***,Hit and Run/Car Accident - 2026-00037611,,***Redacted***,"05/08/2026, 03:13:35 PM UTC",freeform,objectClass:vehicle Black Toyota sedan with rear window stickers,allow
eba6a469-4bef-4a03-ad17-70755b99c7e8,Adam Grant,Bibb County SO GA,1358,"04/08/2026, 03:26:55 PM UTC
05/08/2026, 03:26:55 PM UTC",***Redacted***,Motor Vehicle Theft/Stolen - 2026-1296,,***Redacted***,"05/08/2026, 03:27:02 PM UTC",lookup - Mobile,,
f70a6b45-7081-4698-ac63-90f9520ab5c7,Adam Grant,Bibb County SO GA,3,"05/01/2026, 01:10:05 PM UTC
05/08/2026, 01:10:05 PM UTC",***Redacted***,Motor Vehicle Theft/Stolen - 2026-39526,,***Redacted***,"05/08/2026, 01:10:07 PM UTC",lookup - Mobile,,
60b8e8a6-cba6-4b06-923f-8e15d4d13516,Alexis Robinson,Bibb County SO GA,3,"05/01/2026, 12:00:00 PM UTC
05/02/2026, 02:00:00 PM UTC",***Redacted***,Motor Vehicle Theft/Stolen - 2026-00037510,,***Redacted***,"05/08/2026, 01:38:16 PM UTC",lookup,,
b7963cbc-e566-4584-bfaa-0e49009d5c87,Alexis Robinson,Bibb County SO GA,1425,"05/01/2026, 12:00:00 PM UTC
05/02/2026, 02:00:00 PM UTC",***Redacted***,Motor Vehicle Theft/Stolen - 2026-00037510,,***Redacted***,"05/08/2026, 01:38:39 PM UTC",lookup,,
bfb7bc79-f03a-4fd0-a0a5-1037d17e5b08,Alexis Robinson,Bibb County SO GA,1425,"04/08/2026, 02:00:49 PM UTC
05/08/2026, 02:00:49 PM UTC",***Redacted***,Motor Vehicle Theft/Stolen - 2026-00037510,,***Redacted***,"05/08/2026, 01:38:52 PM UTC",lookup,,
f3b85606-c9c9-4526-a3ee-ee26fd5ae795,Christian Erceg,Bibb County SO GA,11,"05/08/2026, 08:30:51 PM UTC
05/08/2026, 10:30:51 PM UTC",***Redacted***,Motor Vehicle Theft/Stolen - 2026-4206,,***Redacted***,"05/10/2026, 02:20:32 AM UTC",lookup,,
7cf96b7a-32d1-4a33-ad91-00e0ab00d7cc,Christian Erceg,Bibb County SO GA,11,"05/08/2026, 08:30:51 PM UTC
05/08/2026, 10:30:51 PM UTC",***Redacted***,Motor Vehicle Theft/Stolen - 2026-4206,,***Redacted***,"05/10/2026, 02:20:32 AM UTC",lookup,,
55d4339e-9f83-44ad-a0ec-c0e4763ef409,Shane Benton,Bibb County SO GA,11,"05/07/2026, 08:30:11 PM UTC
05/07/2026, 10:30:11 PM UTC",***Redacted***,Motor Vehicle Theft/Stolen - 2026-39526,,***Redacted***,"05/07/2026, 10:04:16 PM UTC",lookup,,
77f998d0-86ed-4f7b-bee8-ab36a6ac178a,George Witherspoon,Bibb County SO GA,3,"04/19/2026, 09:00:00 PM UTC
05/07/2026, 10:30:00 PM UTC",***Redacted***,Hit and Run/Car Accident - 2026-33541,,***Redacted***,"05/07/2026, 10:25:43 PM UTC",search,,
469c8613-344e-4205-b52c-bc2556539745,George Witherspoon,Bibb County SO GA,3,"04/19/2026, 09:00:00 PM UTC
05/07/2026, 10:30:00 PM UTC",***Redacted***,Hit and Run/Car Accident - 2026-33541,,***Redacted***,"05/07/2026, 10:26:26 PM UTC",search,,
f50b8e82-0ecb-40d8-864b-64e12405f8af,George Witherspoon,Bibb County SO GA,3,"04/19/2026, 09:00:00 PM UTC
05/07/2026, 10:30:00 PM UTC",***Redacted***,Hit and Run/Car Accident - 2026-33541,,***Redacted***,"05/07/2026, 10:27:04 PM UTC",search,,
83d328ba-f1cd-4d82-94a2-8c8400c0e879,George Witherspoon,Bibb County SO GA,3,"04/19/2026, 09:00:00 PM UTC
05/07/2026, 10:30:00 PM UTC",***Redacted***,Hit and Run/Car Accident - 2026-33541,,***Redacted***,"05/07/2026, 10:28:38 PM UTC",search,,
3c52b5fa-6c8d-4b27-884b-d938b0cf43c7,Thomas Crites,Bibb County SO GA,3,"05/07/2026, 02:30:55 PM UTC
05/07/2026, 04:30:55 PM UTC",***Redacted***,Homicide/Death Investigation - 26-39343,,***Redacted***,"05/07/2026, 04:44:32 PM UTC",visual,,
39567bb6-a19b-4a27-ac59-3ac228ddc9e3,Thomas Crites,Bibb County SO GA,3,"05/07/2026, 02:30:55 PM UTC
05/07/2026, 04:30:55 PM UTC",***Redacted***,Homicide/Death Investigation - 26-39343,,***Redacted***,"05/07/2026, 04:46:10 PM UTC",visual,,
0cee35bb-74f8-47fa-bc4b-639b09ffb2cf,Thomas Crites,Bibb County SO GA,3,"05/01/2026, 02:30:00 PM UTC
05/07/2026, 04:30:00 PM UTC",***Redacted***,Homicide/Death Investigation - 26-39343,,***Redacted***,"05/07/2026, 04:46:46 PM UTC",visual,,
c9897a27-f8c4-4867-a48a-a613498ca7fe,Thomas Crites,Bibb County SO GA,3,"05/01/2026, 02:30:00 PM UTC
05/07/2026, 04:30:00 PM UTC",***Redacted***,Homicide/Death Investigation - 26-39343,,***Redacted***,"05/07/2026, 04:49:33 PM UTC",visual,,
2aeb878f-10bb-4fb0-a12d-30f40ced3f77,Tyrelle Stephens,Bibb County SO GA,11,"05/07/2026, 12:30:00 PM UTC
05/08/2026, 02:30:00 PM UTC",***Redacted***,Hit and Run/Car Accident - Suspect ID,,***Redacted***,"05/08/2026, 02:07:29 PM UTC",lookup,,
1f721719-562c-4c63-a795-d1a797676b3a,Reginald Tillman,Bibb County SO GA,22,"05/08/2026, 12:30:33 PM UTC
05/08/2026, 02:30:33 PM UTC",***Redacted***,Hit and Run/Car Accident - 2026-39748,,***Redacted***,"05/08/2026, 02:30:10 PM UTC",lookup,,
6aae02f7-2d17-4105-9b23-4b698d2d0d40,Reginald Tillman,Bibb County SO GA,22,"05/08/2026, 11:30:00 AM UTC
05/08/2026, 02:30:00 PM UTC",***Redacted***,Hit and Run/Car Accident - 2026-39748,,***Redacted***,"05/08/2026, 02:30:30 PM UTC",lookup,,
5d77ea50-91a6-49fc-91e2-65fd0b2cbc4f,Reginald Tillman,Bibb County SO GA,22,"05/08/2026, 11:30:00 AM UTC
05/08/2026, 02:30:00 PM UTC",***Redacted***,Hit and Run/Car Accident - 2026-39748,,***Redacted***,"05/08/2026, 02:30:34 PM UTC",lookup,,
a70be559-1ca4-458d-8809-d6dc9c307645,Alexis Robinson,Bibb County SO GA,1,"05/01/2026, 04:00:00 PM UTC
05/01/2026, 10:00:00 PM UTC",***Redacted***,Hit and Run/Car Accident - 2026-00037611,,***Redacted***,"05/08/2026, 02:32:40 PM UTC",search,,
a79bd583-b153-45b1-96a3-44a1bf7f60a7,Alexis Robinson,Bibb County SO GA,1,"05/01/2026, 05:00:00 PM UTC
05/01/2026, 09:00:00 PM UTC",***Redacted***,Hit and Run/Car Accident - 2026-00037611,,***Redacted***,"05/08/2026, 02:34:18 PM UTC",search,,
04cddad5-2e9b-4aa9-ba79-fa6cd6b3be6a,Reginald Tillman,Bibb County SO GA,22,"05/07/2026, 03:00:14 PM UTC
05/08/2026, 03:00:14 PM UTC",***Redacted***,Hit and Run/Car Accident - 2026-39748,,***Redacted***,"05/08/2026, 02:35:17 PM UTC",lookup,,
756a623e-38fe-4f94-bac2-425e9ae0963e,Reginald Tillman,Bibb County SO GA,22,"05/07/2026, 03:00:14 PM UTC
05/08/2026, 03:00:14 PM UTC",***Redacted***,Hit and Run/Car Accident - 2026-39748,,***Redacted***,"05/08/2026, 02:35:35 PM UTC",lookup,,
16ca8fc3-1aca-4555-9dfc-ac517733ca27,Alex Fletcher,Bibb County SO GA,3,"05/08/2026, 10:57:34 AM UTC
05/08/2026, 04:57:34 PM UTC",***Redacted***,Drugs/Narcotics - 2026-35667,,***Redacted***,"05/08/2026, 04:57:36 PM UTC",search - Mobile,,
2efe3d57-f8a3-4c4c-b355-a3910b1c2d5f,Alex Fletcher,Bibb County SO GA,3,"05/08/2026, 10:58:09 AM UTC
05/08/2026, 04:58:09 PM UTC",***Redacted***,Drugs/Narcotics - 2026-35667,,***Redacted***,"05/08/2026, 04:58:11 PM UTC",search - Mobile,,
880ba407-16a8-4bce-9305-17e4df2ecd8a,Thomas Crites,Bibb County SO GA,1505,"05/08/2026, 04:00:00 AM UTC
05/08/2026, 06:30:00 AM UTC",***Redacted***,Robbery - 26-39667,,***Redacted***,"05/08/2026, 05:11:13 PM UTC",search,,
c08e9368-68d7-44fd-be67-f1d112592574,Thomas Crites,Bibb County SO GA,1505,"05/07/2026, 05:30:48 PM UTC
05/08/2026, 05:30:48 PM UTC",***Redacted***,Robbery - 26-39667,,***Redacted***,"05/08/2026, 05:11:49 PM UTC",search,,
70d72058-1942-4188-a29c-2a04a2b8a841,Thomas Crites,Bibb County SO GA,3,"05/07/2026, 05:30:48 PM UTC
05/08/2026, 05:30:48 PM UTC",***Redacted***,Robbery - 26-39667,,***Redacted***,"05/08/2026, 05:12:10 PM UTC",search,,
053afd78-83ab-4a0f-bfac-742f9116db53,Thomas Crites,Bibb County SO GA,3,"05/07/2026, 05:30:48 PM UTC
05/08/2026, 05:30:48 PM UTC",***Redacted***,Robbery - 26-39667,,***Redacted***,"05/08/2026, 05:15:46 PM UTC",search,,
814131f2-a1d5-4132-9727-99b393bb2a05,Adam Grant,Bibb County SO GA,3,"04/30/2026, 10:53:03 PM UTC
05/07/2026, 10:53:03 PM UTC",***Redacted***,Motor Vehicle Theft/Stolen - 2026-39526,,***Redacted***,"05/07/2026, 10:53:05 PM UTC",lookup - Mobile,,
e5b09d9b-86bd-4abd-86a3-c6abe7814af5,Dontavis Jones,Bibb County SO GA,22,"05/06/2026, 11:30:40 PM UTC
05/07/2026, 11:30:40 PM UTC",***Redacted***,Assault/Battery Offenses (Domestic) - domestic,,***Redacted***,"05/07/2026, 11:03:43 PM UTC",lookup,,
4cb993c2-d4af-42e7-bb0d-951bb2d35df7,George Witherspoon,Bibb County SO GA,3,"04/19/2026, 08:30:00 PM UTC
04/20/2026, 10:30:00 PM UTC",***Redacted***,Hit and Run/Car Accident - 2026-33541,,***Redacted***,"05/07/2026, 11:04:47 PM UTC",freeform,"objectClass:vehicle ""dark color jeep grand cherokee with Front damage""",allow
6bcd51a8-e98a-4fc1-a500-6d8dd924abcf,Dontavis Jones,Bibb County SO GA,22,"05/06/2026, 10:00:00 PM UTC
05/07/2026, 11:00:00 PM UTC",***Redacted***,Assault/Battery Offenses (Domestic) - domestic,,***Redacted***,"05/07/2026, 11:06:54 PM UTC",lookup,,
5e9ce321-b329-42e9-8efc-26bc4600b85b,George Witherspoon,Bibb County SO GA,3,"04/07/2026, 11:30:31 PM UTC
05/07/2026, 11:30:31 PM UTC",***Redacted***,Hit and Run/Car Accident - suspect,,***Redacted***,"05/07/2026, 11:13:23 PM UTC",search,,
c1f4f7f1-315f-4a0d-aa7d-723dd7d66791,George Witherspoon,Bibb County SO GA,3,"04/19/2026, 01:00:00 PM UTC
04/21/2026, 01:00:00 PM UTC",***Redacted***,Hit and Run/Car Accident - suspect,,***Redacted***,"05/07/2026, 11:16:14 PM UTC",search,,
12dc79db-27c6-4443-8b52-b0c9add354f0,Adam Grant,Bibb County SO GA,3,"05/01/2026, 12:46:19 AM UTC
05/08/2026, 12:46:19 AM UTC",***Redacted***,Motor Vehicle Theft/Stolen - 2026-39526,,***Redacted***,"05/08/2026, 12:46:20 AM UTC",lookup - Mobile,,
729aeaa2-e4f2-4911-85bd-0c1e4aff26c9,Adam Grant,Bibb County SO GA,3,"05/01/2026, 12:51:11 AM UTC
05/08/2026, 12:51:11 AM UTC",***Redacted***,Motor Vehicle Theft/Stolen - 2026-39526,,***Redacted***,"05/08/2026, 12:51:14 AM UTC",lookup - Mobile,,
7624f38a-aa89-4d04-8afb-739b7b35abda,Adam Grant,Bibb County SO GA,3,"05/01/2026, 12:53:29 AM UTC
05/08/2026, 12:53:29 AM UTC",***Redacted***,Motor Vehicle Theft/Stolen - 2026-39526,,***Redacted***,"05/08/2026, 12:53:30 AM UTC",lookup - Mobile,,
9dc6ec99-0187-42df-a01b-4292f20d156a,Adam Grant,Bibb County SO GA,3,"05/01/2026, 12:54:57 AM UTC
05/08/2026, 12:54:57 AM UTC",***Redacted***,Motor Vehicle Theft/Stolen - 2026-39526,,***Redacted***,"05/08/2026, 12:54:58 AM UTC",lookup - Mobile,,
12d21df2-3136-4ff9-80f8-b9b08ff74f72,Tyrelle Stephens,Bibb County SO GA,11,"05/07/2026, 11:25:00 PM UTC
05/08/2026, 12:50:00 AM UTC",***Redacted***,Hit and Run/Car Accident - Suspect ID,,***Redacted***,"05/08/2026, 01:03:39 AM UTC",lookup,,
b67f7f5c-e7c1-4287-abd3-4b972f989cbf,Adam Grant,Bibb County SO GA,3,"05/01/2026, 01:12:34 AM UTC
05/08/2026, 01:12:34 AM UTC",***Redacted***,Motor Vehicle Theft/Stolen - 2026-39526,,***Redacted***,"05/08/2026, 01:12:36 AM UTC",lookup - Mobile,,
28787f51-be69-4f33-a371-181bdadf9e8b,Adam Grant,Bibb County SO GA,3,"05/01/2026, 01:15:31 AM UTC
05/08/2026, 01:15:31 AM UTC",***Redacted***,Motor Vehicle Theft/Stolen - 2026-39526,,***Redacted***,"05/08/2026, 01:15:32 AM UTC",lookup - Mobile,,
a982096b-1221-4555-aa88-90a7cdcfc30d,Adam Grant,Bibb County SO GA,3,"05/01/2026, 01:21:38 AM UTC
05/08/2026, 01:21:38 AM UTC",***Redacted***,Motor Vehicle Theft/Stolen - 2026-39526,,***Redacted***,"05/08/2026, 01:21:39 AM UTC",lookup - Mobile,,
894abc94-75d6-4cf9-bbca-6a03411fb88f,Thomas Crites,Bibb County SO GA,1505,"05/08/2026, 03:30:00 AM UTC
05/08/2026, 07:00:00 AM UTC",***Redacted***,Robbery - 26-39667,,***Redacted***,"05/08/2026, 11:35:18 AM UTC",search,,
71abe67e-3ec7-451e-80a7-4620dbce6841,Thomas Crites,Bibb County SO GA,1505,"05/08/2026, 03:30:00 AM UTC
05/08/2026, 07:00:00 AM UTC",***Redacted***,Robbery - 26-39667,,***Redacted***,"05/08/2026, 11:35:58 AM UTC",search,,
c88cb06b-fab8-4a1e-a5a9-9d1acfccdd4e,Thomas Crites,Bibb County SO GA,1505,"05/08/2026, 03:30:00 AM UTC
05/08/2026, 07:00:00 AM UTC",***Redacted***,Robbery - 26-39667,,***Redacted***,"05/08/2026, 11:36:51 AM UTC",search,,
d74ea82e-c8fa-40af-9d75-bcfaba6ee5a2,Adam Grant,Bibb County SO GA,1358,"05/07/2026, 12:14:42 PM UTC
05/08/2026, 12:14:42 PM UTC",***Redacted***,Motor Vehicle Theft/Stolen - 2026-1296,,***Redacted***,"05/08/2026, 12:14:42 PM UTC",lookup - Mobile,,
0e46b9d9-c6ff-4a20-947f-a84c93a9373e,Adam Grant,Bibb County SO GA,1358,"05/01/2026, 12:14:46 PM UTC
05/08/2026, 12:14:46 PM UTC",***Redacted***,Motor Vehicle Theft/Stolen - 2026-1296,,***Redacted***,"05/08/2026, 12:14:47 PM UTC",lookup - Mobile,,
d11f75fe-63f2-438e-8729-75f71ba35580,Adam Grant,Bibb County SO GA,1358,"04/08/2026, 12:14:51 PM UTC
05/08/2026, 12:14:51 PM UTC",***Redacted***,Motor Vehicle Theft/Stolen - 2026-1296,,***Redacted***,"05/08/2026, 12:14:52 PM UTC",lookup - Mobile,,
6b86a673-ae0a-48cf-ab47-2d2685e14456,Adam Grant,Bibb County SO GA,1358,"04/08/2026, 12:55:58 PM UTC
05/08/2026, 12:55:58 PM UTC",***Redacted***,Motor Vehicle Theft/Stolen - 2026-1296,,***Redacted***,"05/08/2026, 12:56:01 PM UTC",lookup - Mobile,,
df0134ef-6524-4fff-a138-b00a48136b1b,Adam Grant,Bibb County SO GA,1358,"04/08/2026, 12:57:15 PM UTC
05/08/2026, 12:57:15 PM UTC",***Redacted***,Motor Vehicle Theft/Stolen - 2026-1296,,***Redacted***,"05/08/2026, 12:57:17 PM UTC",lookup - Mobile,,
ab63c319-fb1f-438d-b9ba-df90b4382c9f,Adam Grant,Bibb County SO GA,3,"05/01/2026, 02:28:18 AM UTC
05/08/2026, 02:28:18 AM UTC",***Redacted***,Motor Vehicle Theft/Stolen - 2026-39526,,***Redacted***,"05/08/2026, 02:28:19 AM UTC",lookup - Mobile,,
f6e8a13a-994d-45e5-a532-e62eeb5d3d2c,Adam Grant,Bibb County SO GA,3,"05/01/2026, 02:30:13 AM UTC
05/08/2026, 02:30:13 AM UTC",***Redacted***,Motor Vehicle Theft/Stolen - 2026-39526,,***Redacted***,"05/08/2026, 02:30:14 AM UTC",lookup - Mobile,,
74dcd503-36c1-46b1-9b74-63d50049cf6e,Adam Grant,Bibb County SO GA,3,"05/01/2026, 02:31:32 AM UTC
05/08/2026, 02:31:32 AM UTC",***Redacted***,Motor Vehicle Theft/Stolen - 2026-39526,,***Redacted***,"05/08/2026, 02:31:33 AM UTC",lookup - Mobile,,
cd2996fe-a334-47ac-997f-079707b911c3,Adam Grant,Bibb County SO GA,3,"05/01/2026, 02:33:34 AM UTC
05/08/2026, 02:33:34 AM UTC",***Redacted***,Motor Vehicle Theft/Stolen - 2026-39526,,***Redacted***,"05/08/2026, 02:33:36 AM UTC",lookup - Mobile,,
0558ea10-6aec-4f69-b499-7e96ae160858,Adam Grant,Bibb County SO GA,3,"05/01/2026, 02:34:22 AM UTC
05/08/2026, 02:34:22 AM UTC",***Redacted***,Motor Vehicle Theft/Stolen - 2026-39526,,***Redacted***,"05/08/2026, 02:34:24 AM UTC",lookup - Mobile,,
f433cf25-e8e8-4c30-a1bb-047236d31aa9,Adam Grant,Bibb County SO GA,3,"05/01/2026, 02:35:00 AM UTC
05/08/2026, 02:35:00 AM UTC",***Redacted***,Motor Vehicle Theft/Stolen - 2026-39526,,***Redacted***,"05/08/2026, 02:35:01 AM UTC",lookup - Mobile,,
c9658f42-f581-4660-8157-410b816ad75e,Adam Grant,Bibb County SO GA,3,"05/01/2026, 02:35:19 AM UTC
05/08/2026, 02:35:19 AM UTC",***Redacted***,Motor Vehicle Theft/Stolen - 2026-39526,,***Redacted***,"05/08/2026, 02:35:20 AM UTC",lookup - Mobile,,
84df4bbd-de80-4d00-a3ed-770b43e24473,Adam Grant,Bibb County SO GA,3,"05/01/2026, 02:36:32 AM UTC
05/08/2026, 02:36:32 AM UTC",***Redacted***,Motor Vehicle Theft/Stolen - 2026-39526,,***Redacted***,"05/08/2026, 02:36:32 AM UTC",lookup - Mobile,,
4e483eb8-3ed6-4604-a039-a6cabed76334,Adam Grant,Bibb County SO GA,3,"05/01/2026, 02:38:02 AM UTC
05/08/2026, 02:38:02 AM UTC",***Redacted***,Motor Vehicle Theft/Stolen - 2026-39526,,***Redacted***,"05/08/2026, 02:38:04 AM UTC",lookup - Mobile,,
8ba79d06-e75c-434b-9ad1-a4eb0da2a752,Adam Grant,Bibb County SO GA,3,"05/01/2026, 02:39:20 AM UTC
05/08/2026, 02:39:20 AM UTC",***Redacted***,Motor Vehicle Theft/Stolen - 2026-39526,,***Redacted***,"05/08/2026, 02:39:21 AM UTC",lookup - Mobile,,
42adec81-f5ef-4e73-ba7f-a2e32d37d985,Adam Grant,Bibb County SO GA,3,"05/01/2026, 02:40:08 AM UTC
05/08/2026, 02:40:08 AM UTC",***Redacted***,Motor Vehicle Theft/Stolen - 2026-39526,,***Redacted***,"05/08/2026, 02:40:08 AM UTC",lookup - Mobile,,
3a996ef5-fd08-45f4-8595-77fba2cd21b5,Adam Grant,Bibb County SO GA,3,"05/01/2026, 02:40:14 AM UTC
05/08/2026, 02:40:14 AM UTC",***Redacted***,Motor Vehicle Theft/Stolen - 2026-39526,,***Redacted***,"05/08/2026, 02:40:14 AM UTC",lookup - Mobile,,
58e40db3-e04c-4bfd-932a-1e4423b90292,Adam Grant,Bibb County SO GA,3,"05/01/2026, 02:42:13 AM UTC
05/08/2026, 02:42:13 AM UTC",***Redacted***,Motor Vehicle Theft/Stolen - 2026-39526,,***Redacted***,"05/08/2026, 02:42:13 AM UTC",lookup - Mobile,,
68ccf112-0dd1-49d2-a0cf-7099775e4605,Adam Grant,Bibb County SO GA,3,"05/01/2026, 02:42:54 AM UTC
05/08/2026, 02:42:54 AM UTC",***Redacted***,Motor Vehicle Theft/Stolen - 2026-39526,,***Redacted***,"05/08/2026, 02:42:55 AM UTC",lookup - Mobile,,
73ab06c6-b3de-4492-8913-2751e8c65806,Adam Grant,Bibb County SO GA,3,"05/01/2026, 02:44:05 AM UTC
05/08/2026, 02:44:05 AM UTC",***Redacted***,Motor Vehicle Theft/Stolen - 2026-39526,,***Redacted***,"05/08/2026, 02:44:06 AM UTC",lookup - Mobile,,
8ab89651-0adf-4af7-98c8-7d4b2763d0a0,Adam Grant,Bibb County SO GA,3,"05/01/2026, 02:44:35 AM UTC
05/08/2026, 02:44:35 AM UTC",***Redacted***,Motor Vehicle Theft/Stolen - 2026-39526,,***Redacted***,"05/08/2026, 02:44:35 AM UTC",lookup - Mobile,,
33cc106e-01f9-48ee-9832-5904e92c435c,Adam Grant,Bibb County SO GA,3,"05/01/2026, 02:44:37 AM UTC
05/08/2026, 02:44:37 AM UTC",***Redacted***,Motor Vehicle Theft/Stolen - 2026-39526,,***Redacted***,"05/08/2026, 02:44:38 AM UTC",lookup - Mobile,,
be5d38db-434e-4b56-aeb5-489c6f9dbdf0,Adam Grant,Bibb County SO GA,3,"05/01/2026, 02:44:39 AM UTC
05/08/2026, 02:44:39 AM UTC",***Redacted***,Motor Vehicle Theft/Stolen - 2026-39526,,***Redacted***,"05/08/2026, 02:44:40 AM UTC",lookup - Mobile,,
2f2d2260-14d6-4bab-a7a1-2d6ddc914b2f,Adam Grant,Bibb County SO GA,3,"05/01/2026, 02:44:54 AM UTC
05/08/2026, 02:44:54 AM UTC",***Redacted***,Motor Vehicle Theft/Stolen - 2026-39526,,***Redacted***,"05/08/2026, 02:44:55 AM UTC",lookup - Mobile,,
22513d43-9180-48de-90e4-bd5305f49a91,Adam Grant,Bibb County SO GA,3,"05/01/2026, 02:46:01 AM UTC
05/08/2026, 02:46:01 AM UTC",***Redacted***,Motor Vehicle Theft/Stolen - 2026-39526,,***Redacted***,"05/08/2026, 02:46:05 AM UTC",lookup - Mobile,,
fcd89515-187a-479e-8e32-12a612bd1d06,Adam Grant,Bibb County SO GA,3,"05/01/2026, 02:47:56 AM UTC
05/08/2026, 02:47:56 AM UTC",***Redacted***,Motor Vehicle Theft/Stolen - 2026-39526,,***Redacted***,"05/08/2026, 02:47:56 AM UTC",lookup - Mobile,,
920abe27-fe0b-43f0-836a-dcd5792a07ee,Adam Grant,Bibb County SO GA,3,"05/01/2026, 02:48:10 AM UTC
05/08/2026, 02:48:10 AM UTC",***Redacted***,Motor Vehicle Theft/Stolen - 2026-39526,,***Redacted***,"05/08/2026, 02:48:11 AM UTC",lookup - Mobile,,
132ff305-3619-4065-b2c2-9e2eddfa4a69,Adam Grant,Bibb County SO GA,3,"05/01/2026, 02:48:13 AM UTC
05/08/2026, 02:48:13 AM UTC",***Redacted***,Motor Vehicle Theft/Stolen - 2026-39526,,***Redacted***,"05/08/2026, 02:48:14 AM UTC",lookup - Mobile,,
5f1e1714-40b3-45a2-9001-8eebee8a171c,Adam Grant,Bibb County SO GA,3,"05/01/2026, 02:48:17 AM UTC
05/08/2026, 02:48:17 AM UTC",***Redacted***,Motor Vehicle Theft/Stolen - 2026-39526,,***Redacted***,"05/08/2026, 02:48:17 AM UTC",lookup - Mobile,,
a97a55ca-00da-419c-ab99-41c80851b6c2,Adam Grant,Bibb County SO GA,3,"05/01/2026, 02:48:36 AM UTC
05/08/2026, 02:48:36 AM UTC",***Redacted***,Motor Vehicle Theft/Stolen - 2026-39526,,***Redacted***,"05/08/2026, 02:48:36 AM UTC",lookup - Mobile,,
d9159f3a-6b14-49fb-9dda-9c80c014143a,Adam Grant,Bibb County SO GA,3,"05/01/2026, 02:50:02 AM UTC
05/08/2026, 02:50:02 AM UTC",***Redacted***,Motor Vehicle Theft/Stolen - 2026-39526,,***Redacted***,"05/08/2026, 02:50:02 AM UTC",lookup - Mobile,,
9f27060a-5dae-40d8-9acd-ccf4749fb599,Adam Grant,Bibb County SO GA,3,"05/01/2026, 02:51:11 AM UTC
05/08/2026, 02:51:11 AM UTC",***Redacted***,Motor Vehicle Theft/Stolen - 2026-39526,,***Redacted***,"05/08/2026, 02:51:12 AM UTC",lookup - Mobile,,
3c7439cd-d2f3-498b-9143-b91f39a44fdf,Adam Grant,Bibb County SO GA,3,"05/01/2026, 02:52:19 AM UTC
05/08/2026, 02:52:19 AM UTC",***Redacted***,Motor Vehicle Theft/Stolen - 2026-39526,,***Redacted***,"05/08/2026, 02:52:19 AM UTC",lookup - Mobile,,
4323fe39-3c67-4643-88ad-7dff2721408e,Adam Grant,Bibb County SO GA,3,"05/01/2026, 02:53:16 AM UTC
05/08/2026, 02:53:16 AM UTC",***Redacted***,Motor Vehicle Theft/Stolen - 2026-39526,,***Redacted***,"05/08/2026, 02:53:17 AM UTC",lookup - Mobile,,
e16fdb4a-7608-4b55-b37a-00a012a21340,Adam Grant,Bibb County SO GA,3,"05/01/2026, 02:53:32 AM UTC
05/08/2026, 02:53:32 AM UTC",***Redacted***,Motor Vehicle Theft/Stolen - 2026-39526,,***Redacted***,"05/08/2026, 02:53:33 AM UTC",lookup - Mobile,,
1257e944-7e89-4e3d-92ce-26263b219c89,Adam Grant,Bibb County SO GA,3,"05/01/2026, 02:53:55 AM UTC
05/08/2026, 02:53:55 AM UTC",***Redacted***,Motor Vehicle Theft/Stolen - 2026-39526,,***Redacted***,"05/08/2026, 02:53:56 AM UTC",lookup - Mobile,,
2422c239-fba6-4e16-8c17-140b0a5b910d,Adam Grant,Bibb County SO GA,3,"05/01/2026, 02:54:07 AM UTC
05/08/2026, 02:54:07 AM UTC",***Redacted***,Motor Vehicle Theft/Stolen - 2026-39526,,***Redacted***,"05/08/2026, 02:54:08 AM UTC",lookup - Mobile,,
4246ab29-9412-40e6-a89c-34ef251310f6,Adam Grant,Bibb County SO GA,3,"05/01/2026, 02:54:42 AM UTC
05/08/2026, 02:54:42 AM UTC",***Redacted***,Motor Vehicle Theft/Stolen - 2026-39526,,***Redacted***,"05/08/2026, 02:54:43 AM UTC",lookup - Mobile,,
65151052-b99f-4126-90a6-f2e78110822a,Adam Grant,Bibb County SO GA,3,"05/01/2026, 02:55:44 AM UTC
05/08/2026, 02:55:44 AM UTC",***Redacted***,Motor Vehicle Theft/Stolen - 2026-39526,,***Redacted***,"05/08/2026, 02:55:45 AM UTC",lookup - Mobile,,
0286c6f4-409d-4858-8a03-e25f48cbfc9a,Adam Grant,Bibb County SO GA,3,"05/01/2026, 02:56:36 AM UTC
05/08/2026, 02:56:36 AM UTC",***Redacted***,Motor Vehicle Theft/Stolen - 2026-39526,,***Redacted***,"05/08/2026, 02:56:37 AM UTC",lookup - Mobile,,
fddd0cc6-6981-4c5a-81df-b96120c01151,Adam Grant,Bibb County SO GA,3,"05/01/2026, 02:56:49 AM UTC
05/08/2026, 02:56:49 AM UTC",***Redacted***,Motor Vehicle Theft/Stolen - 2026-39526,,***Redacted***,"05/08/2026, 02:56:49 AM UTC",lookup - Mobile,,
163c2d17-ce3c-43c6-8dae-7721c699f7b8,Adam Grant,Bibb County SO GA,3,"05/01/2026, 02:57:17 AM UTC
05/08/2026, 02:57:17 AM UTC",***Redacted***,Motor Vehicle Theft/Stolen - 2026-39526,,***Redacted***,"05/08/2026, 02:57:18 AM UTC",lookup - Mobile,,
b66455c2-3294-4928-bfbe-08565224c588,Adam Grant,Bibb County SO GA,3,"05/01/2026, 02:57:36 AM UTC
05/08/2026, 02:57:36 AM UTC",***Redacted***,Motor Vehicle Theft/Stolen - 2026-39526,,***Redacted***,"05/08/2026, 02:57:37 AM UTC",lookup - Mobile,,
efb52a4e-960f-472f-8e12-3a5995c763b8,Adam Grant,Bibb County SO GA,3,"05/01/2026, 02:57:45 AM UTC
05/08/2026, 02:57:45 AM UTC",***Redacted***,Motor Vehicle Theft/Stolen - 2026-39526,,***Redacted***,"05/08/2026, 02:57:46 AM UTC",lookup - Mobile,,
d7708ee1-de92-4bbc-af7d-300d80124dfb,Adam Grant,Bibb County SO GA,3,"05/01/2026, 02:57:58 AM UTC
05/08/2026, 02:57:58 AM UTC",***Redacted***,Motor Vehicle Theft/Stolen - 2026-39526,,***Redacted***,"05/08/2026, 02:57:59 AM UTC",lookup - Mobile,,
93a1c335-5107-477c-837a-c8ee935b174e,Adam Grant,Bibb County SO GA,3,"05/01/2026, 02:58:08 AM UTC
05/08/2026, 02:58:08 AM UTC",***Redacted***,Motor Vehicle Theft/Stolen - 2026-39526,,***Redacted***,"05/08/2026, 02:58:09 AM UTC",lookup - Mobile,,
5548f720-5617-46b6-a2c9-1156dad47b55,Adam Grant,Bibb County SO GA,3,"05/01/2026, 02:58:25 AM UTC
05/08/2026, 02:58:25 AM UTC",***Redacted***,Motor Vehicle Theft/Stolen - 2026-39526,,***Redacted***,"05/08/2026, 02:58:25 AM UTC",lookup - Mobile,,
f3fdcb33-d7b5-4b37-a5d9-343570ce002e,Adam Grant,Bibb County SO GA,3,"05/01/2026, 02:59:07 AM UTC
05/08/2026, 02:59:07 AM UTC",***Redacted***,Motor Vehicle Theft/Stolen - 2026-39526,,***Redacted***,"05/08/2026, 02:59:08 AM UTC",lookup - Mobile,,
7dc51c58-d86a-4d7d-9ae4-d8a06c06d726,Adam Grant,Bibb County SO GA,3,"05/01/2026, 02:59:44 AM UTC
05/08/2026, 02:59:44 AM UTC",***Redacted***,Motor Vehicle Theft/Stolen - 2026-39526,,***Redacted***,"05/08/2026, 02:59:45 AM UTC",lookup - Mobile,,
b765fc7a-0f55-4cc6-a52e-a13ca31d294f,Jonathan Hubbard,Bibb County SO GA,2,"05/08/2026, 11:30:10 AM UTC
05/09/2026, 11:30:10 AM UTC",***Redacted***,Trespass - tag,,***Redacted***,"05/09/2026, 11:01:12 AM UTC",lookup,,
e16e6c20-372c-43ea-86cb-c01c3c88d2a5,Jonathan Hubbard,Bibb County SO GA,2,"05/08/2026, 12:00:37 PM UTC
05/09/2026, 12:00:37 PM UTC",***Redacted***,Trespass - tag,,***Redacted***,"05/09/2026, 11:34:39 AM UTC",lookup,,
4f72e6b6-75ea-498f-83c3-af3df3d1563c,Jonathan Hubbard,Bibb County SO GA,2,"05/08/2026, 12:00:30 PM UTC
05/09/2026, 12:00:30 PM UTC",***Redacted***,Trespass - tag,,***Redacted***,"05/09/2026, 11:48:33 AM UTC",lookup,,
03bd66f5-ec25-4baf-b34d-be05168c4308,Shenisha Hutchings,Bibb County SO GA,11,"05/08/2026, 12:00:00 PM UTC
05/09/2026, 02:00:00 PM UTC",***Redacted***,Motor Vehicle Theft/Stolen - Driving without consent,,***Redacted***,"05/09/2026, 01:47:09 PM UTC",lookup,,
d3c854c2-808c-4e0e-954a-10b3e7bebca1,Elijah White,Bibb County SO GA,11,"05/08/2026, 02:30:36 PM UTC
05/09/2026, 02:30:36 PM UTC",***Redacted***,Motor Vehicle Theft/Stolen - 2026-40090,,***Redacted***,"05/09/2026, 02:08:41 PM UTC",search,,
e9206f55-6270-41ee-9e8b-bc4a75344063,Elijah White,Bibb County SO GA,11,"05/08/2026, 02:30:36 PM UTC
05/09/2026, 02:30:36 PM UTC",***Redacted***,Motor Vehicle Theft/Stolen - 2026-40090,,***Redacted***,"05/09/2026, 02:09:00 PM UTC",search,,
3cb0c1e9-30e0-4f90-9874-72458efe0330,Elijah White,Bibb County SO GA,11,"05/08/2026, 02:30:36 PM UTC
05/09/2026, 02:30:36 PM UTC",***Redacted***,Motor Vehicle Theft/Stolen - 2026-40090,,***Redacted***,"05/09/2026, 02:09:18 PM UTC",search,,
a1c19340-846d-45ba-be09-c44cfe135e26,Elijah White,Bibb County SO GA,11,"05/08/2026, 02:30:36 PM UTC
05/09/2026, 02:30:36 PM UTC",***Redacted***,Motor Vehicle Theft/Stolen - 2026-40090,,***Redacted***,"05/09/2026, 02:09:22 PM UTC",search,,
5ee1ec32-0bf3-4587-9b23-ff1f8bbde7ef,Elijah White,Bibb County SO GA,11,"05/07/2026, 02:30:29 PM UTC
05/09/2026, 02:30:29 PM UTC",***Redacted***,Motor Vehicle Theft/Stolen - 2026-40090,,***Redacted***,"05/09/2026, 02:09:31 PM UTC",search,,
b193fede-f8c9-4289-b3f7-99898ef362dd,Elijah White,Bibb County SO GA,11,"05/07/2026, 02:30:29 PM UTC
05/09/2026, 02:30:29 PM UTC",***Redacted***,Motor Vehicle Theft/Stolen - 2026-40090,,***Redacted***,"05/09/2026, 02:09:46 PM UTC",search,,
e5db1e53-1cf5-4253-8718-b79d50008668,Elijah White,Bibb County SO GA,11,"05/07/2026, 02:30:29 PM UTC
05/09/2026, 02:30:29 PM UTC",***Redacted***,Motor Vehicle Theft/Stolen - 2026-40090,,***Redacted***,"05/09/2026, 02:10:16 PM UTC",search,,
9b1551fc-87c1-46ae-af92-6e8b4f90222e,Elijah White,Bibb County SO GA,11,"05/07/2026, 02:30:29 PM UTC
05/09/2026, 02:30:29 PM UTC",***Redacted***,Motor Vehicle Theft/Stolen - 2026-40090,,***Redacted***,"05/09/2026, 02:12:03 PM UTC",search,,
b729979c-e5f4-4cfb-936f-c56538dc1eda,Elijah White,Bibb County SO GA,11,"05/07/2026, 02:30:06 PM UTC
05/09/2026, 02:30:06 PM UTC",***Redacted***,Motor Vehicle Theft/Stolen - 2026-40090,,***Redacted***,"05/09/2026, 02:12:08 PM UTC",search,,
c3651d71-254a-499e-9e2d-7f1126219c06,Elijah White,Bibb County SO GA,11,"05/07/2026, 02:30:06 PM UTC
05/09/2026, 02:30:06 PM UTC",***Redacted***,Motor Vehicle Theft/Stolen - 2026-40090,,***Redacted***,"05/09/2026, 02:12:33 PM UTC",search,,
062ebb3a-db72-4ac8-becd-d71778c7064c,Elijah White,Bibb County SO GA,11,"05/08/2026, 09:30:00 PM UTC
05/09/2026, 02:30:00 PM UTC",***Redacted***,Motor Vehicle Theft/Stolen - 2026-40090,,***Redacted***,"05/09/2026, 02:12:55 PM UTC",search,,
b2eeefef-94cd-4ea3-a559-5f814c73f872,Elijah White,Bibb County SO GA,11,"05/08/2026, 09:30:00 PM UTC
05/09/2026, 02:30:00 PM UTC",***Redacted***,Motor Vehicle Theft/Stolen - 2026-40090,,***Redacted***,"05/09/2026, 02:13:53 PM UTC",search,,
86eac23b-4513-4c04-a8c6-b42e40fb7ea8,Malcolm Bryant,Bibb County SO GA,3,"05/09/2026, 09:19:25 AM UTC
05/09/2026, 03:19:25 PM UTC",***Redacted***,Burglary/Breaking & Entering - 2026-999999,,***Redacted***,"05/09/2026, 03:19:27 PM UTC",search - Mobile,,
b4566f44-fd66-4f72-9404-9156ed604da7,Malcolm Bryant,Bibb County SO GA,3,"05/09/2026, 09:20:10 AM UTC
05/09/2026, 03:20:10 PM UTC",***Redacted***,Burglary/Breaking & Entering - 2026-999999,,***Redacted***,"05/09/2026, 03:20:13 PM UTC",search - Mobile,,
023d274d-cd78-487b-8443-7c8a00d66ab9,Malcolm Bryant,Bibb County SO GA,3,"05/09/2026, 11:00:00 AM UTC
05/09/2026, 03:21:59 PM UTC",***Redacted***,Burglary/Breaking & Entering - 2026-999999,,***Redacted***,"05/09/2026, 03:23:07 PM UTC",search - Mobile,,
783b2acb-0023-4530-8cfc-31c664f87b7b,Malcolm Bryant,Bibb County SO GA,3,"05/09/2026, 11:00:00 AM UTC
05/09/2026, 12:59:59 PM UTC",***Redacted***,Burglary/Breaking & Entering - 2026-999999,,***Redacted***,"05/09/2026, 03:23:27 PM UTC",search - Mobile,,
f579163d-ebdc-4cd2-b892-37dd44801c3b,George Witherspoon,Bibb County SO GA,3,"04/19/2026, 08:00:00 PM UTC
04/19/2026, 11:30:00 PM UTC",***Redacted***,Hit and Run/Car Accident - suspect,,***Redacted***,"05/07/2026, 11:49:39 PM UTC",search,,
f6b1d1f0-b579-414b-84d4-7a6a971624a7,George Witherspoon,Bibb County SO GA,3,"04/19/2026, 08:00:00 PM UTC
04/19/2026, 11:30:00 PM UTC",***Redacted***,Hit and Run/Car Accident - suspect,,***Redacted***,"05/07/2026, 11:50:09 PM UTC",search,,
ff7cf934-b355-4971-ad03-57476ff00905,George Witherspoon,Bibb County SO GA,3,"04/19/2026, 08:00:00 PM UTC
04/19/2026, 11:30:00 PM UTC",***Redacted***,Hit and Run/Car Accident - suspect,,***Redacted***,"05/07/2026, 11:50:21 PM UTC",search,,
f28e4fc1-4bd3-4338-8267-ddc3ebcd6d8d,George Witherspoon,Bibb County SO GA,3,"04/19/2026, 08:00:00 PM UTC
04/19/2026, 11:30:00 PM UTC",***Redacted***,Hit and Run/Car Accident - suspect,,***Redacted***,"05/08/2026, 12:00:10 AM UTC",search,,
f422f4f6-385c-4fa9-b835-28449fe22e17,George Witherspoon,Bibb County SO GA,3,"04/19/2026, 08:00:00 PM UTC
04/19/2026, 11:30:00 PM UTC",***Redacted***,Hit and Run/Car Accident - suspect,,***Redacted***,"05/08/2026, 12:00:22 AM UTC",search,,
7b7901d4-1aa8-412f-a2a1-37c6276a2b82,George Witherspoon,Bibb County SO GA,3,"04/19/2026, 08:00:00 PM UTC
04/19/2026, 11:30:00 PM UTC",***Redacted***,Hit and Run/Car Accident - suspect,,***Redacted***,"05/08/2026, 12:00:45 AM UTC",search,,
a3169bd3-b111-410e-9061-bbdecd073c7a,Adam Grant,Bibb County SO GA,3,"05/01/2026, 12:01:53 AM UTC
05/08/2026, 12:01:53 AM UTC",***Redacted***,Motor Vehicle Theft/Stolen - 2026-39526,,***Redacted***,"05/08/2026, 12:01:54 AM UTC",lookup - Mobile,,
2965208e-0fde-4905-a76d-cc76096e9b5f,George Witherspoon,Bibb County SO GA,3,"04/19/2026, 07:30:00 PM UTC
04/19/2026, 11:30:00 PM UTC",***Redacted***,Hit and Run/Car Accident - suspect,,***Redacted***,"05/08/2026, 12:03:30 AM UTC",freeform,objectClass:vehicle dark gray dodge durango  with front end damage,allow
778cf068-de83-44e1-a83b-245b78cfadd5,Adam Grant,Bibb County SO GA,3,"05/01/2026, 12:09:18 AM UTC
05/08/2026, 12:09:18 AM UTC",***Redacted***,Motor Vehicle Theft/Stolen - 2026-39526,,***Redacted***,"05/08/2026, 12:09:19 AM UTC",lookup - Mobile,,
f2c55789-1fde-4786-86f1-ec32ffa51103,Tyrelle Stephens,Bibb County SO GA,11,"05/07/2026, 11:25:00 PM UTC
05/08/2026, 12:30:00 AM UTC",***Redacted***,Hit and Run/Car Accident - Suspect ID,,***Redacted***,"05/08/2026, 12:10:03 AM UTC",lookup,,
8dae0957-668c-4c58-bae4-f6b49485ef6e,Tyrelle Stephens,Bibb County SO GA,11,"05/07/2026, 11:25:00 PM UTC
05/08/2026, 12:05:00 AM UTC",***Redacted***,Hit and Run/Car Accident - Suspect ID,,***Redacted***,"05/08/2026, 12:10:25 AM UTC",lookup,,
533f156c-4c0b-4a64-8aa7-2a65baaef778,George Witherspoon,Bibb County SO GA,3,"04/19/2026, 07:30:00 PM UTC
04/19/2026, 11:30:00 PM UTC",***Redacted***,Hit and Run/Car Accident - suspect,,***Redacted***,"05/08/2026, 12:13:30 AM UTC",freeform,objectClass:vehicle dark gray jeep grand cherokee with front end damage,allow
e7242cad-5ca9-44c7-ba96-3c482f2f0414,Adam Grant,Bibb County SO GA,3,"05/01/2026, 12:17:58 AM UTC
05/08/2026, 12:17:58 AM UTC",***Redacted***,Motor Vehicle Theft/Stolen - 2026-39526,,***Redacted***,"05/08/2026, 12:17:58 AM UTC",lookup - Mobile,,
5bba9b34-952b-41fa-89f6-8556b6bebdec,Adam Grant,Bibb County SO GA,3,"05/01/2026, 12:30:00 AM UTC
05/08/2026, 12:30:00 AM UTC",***Redacted***,Motor Vehicle Theft/Stolen - 2026-39526,,***Redacted***,"05/08/2026, 12:30:05 AM UTC",lookup - Mobile,,
9120f9d1-9d59-4581-bdb8-84aadec09ac5,Adam Grant,Bibb County SO GA,1358,"04/08/2026, 03:39:01 PM UTC
05/08/2026, 03:39:01 PM UTC",***Redacted***,Motor Vehicle Theft/Stolen - 2026-1296,,***Redacted***,"05/08/2026, 03:39:06 PM UTC",lookup - Mobile,,
e21cf2ca-7e88-4131-9bf2-3eccf14d5cd0,Kasie Huston,Bibb County SO GA,759,"04/08/2026, 04:30:42 PM UTC
05/08/2026, 04:30:42 PM UTC",***Redacted***,Material Witness - 25CR85798,,***Redacted***,"05/08/2026, 04:12:48 PM UTC",lookup,,
bba97e19-b881-4d95-9ba8-c81c2b3b187a,Adam Grant,Bibb County SO GA,1358,"05/08/2026, 02:43:25 AM UTC
05/09/2026, 02:43:25 AM UTC",***Redacted***,Motor Vehicle Theft/Stolen - 2026-1296,,***Redacted***,"05/09/2026, 02:43:27 AM UTC",lookup - Mobile,,
6a7c955f-0654-4f2f-ba4e-656794020c0b,Adam Grant,Bibb County SO GA,1358,"05/08/2026, 02:59:35 AM UTC
05/09/2026, 02:59:35 AM UTC",***Redacted***,Motor Vehicle Theft/Stolen - 2026-1296,,***Redacted***,"05/09/2026, 02:59:36 AM UTC",lookup - Mobile,,
4e43fa27-3c91-41e7-a043-32c8013a7f7d,Adam Grant,Bibb County SO GA,1358,"05/08/2026, 03:45:58 AM UTC
05/09/2026, 03:45:58 AM UTC",***Redacted***,Motor Vehicle Theft/Stolen - 2026-1296,,***Redacted***,"05/09/2026, 03:46:00 AM UTC",lookup - Mobile,,
898b9a0c-db18-49d4-a2a7-7818dc5771a6,Adam Grant,Bibb County SO GA,1358,"05/08/2026, 03:54:08 AM UTC
05/09/2026, 03:54:08 AM UTC",***Redacted***,Motor Vehicle Theft/Stolen - 2026-1296,,***Redacted***,"05/09/2026, 03:54:09 AM UTC",lookup - Mobile,,
487d8a84-54f8-4e44-bbc1-3c2339af37e3,Adam Grant,Bibb County SO GA,1358,"05/08/2026, 04:07:05 AM UTC
05/09/2026, 04:07:05 AM UTC",***Redacted***,Motor Vehicle Theft/Stolen - 2026-1296,,***Redacted***,"05/09/2026, 04:07:07 AM UTC",lookup - Mobile,,
692016fa-4150-4933-991e-63b09bbee6d2,Adam Grant,Bibb County SO GA,1358,"05/08/2026, 04:16:51 AM UTC
05/09/2026, 04:16:51 AM UTC",***Redacted***,Motor Vehicle Theft/Stolen - 2026-1296,,***Redacted***,"05/09/2026, 04:16:52 AM UTC",lookup - Mobile,,
d46792e8-0d06-4390-afef-0335a4849783,Thomas Crites,Bibb County SO GA,1505,"05/07/2026, 06:00:25 PM UTC
05/07/2026, 08:00:25 PM UTC",***Redacted***,Weapons Offense (Guns/Shots Fired) - 26-39569,,***Redacted***,"05/07/2026, 07:47:41 PM UTC",search,,
f04c7132-3f6e-4e7d-a71f-74a2069446db,Thomas Crites,Bibb County SO GA,1505,"05/07/2026, 06:00:25 PM UTC
05/07/2026, 08:00:25 PM UTC",***Redacted***,Weapons Offense (Guns/Shots Fired) - 26-39569,,***Redacted***,"05/07/2026, 07:48:25 PM UTC",search,,
04b0977c-e71e-461b-a178-75394a8c7a62,Thomas Crites,Bibb County SO GA,852,"04/07/2026, 07:49:47 PM UTC
05/07/2026, 07:49:47 PM UTC",***Redacted***,Weapons Offense (Guns/Shots Fired) - 26-39569,,***Redacted***,"05/07/2026, 07:49:54 PM UTC",lookup,,
4d867757-6db2-4bcb-80fe-c5404d83f3d3,Thomas Crites,Bibb County SO GA,1505,"05/07/2026, 06:00:25 PM UTC
05/07/2026, 08:00:25 PM UTC",***Redacted***,Weapons Offense (Guns/Shots Fired) - 26-39569,,***Redacted***,"05/07/2026, 07:52:16 PM UTC",search,,
c56fcf2e-5803-427c-af26-81064d0aaf10,Thomas Crites,Bibb County SO GA,1505,"05/07/2026, 06:00:25 PM UTC
05/07/2026, 08:00:25 PM UTC",***Redacted***,Weapons Offense (Guns/Shots Fired) - 26-39569,,***Redacted***,"05/07/2026, 07:52:53 PM UTC",search,,
d03d88c2-e2ad-4483-8d65-de8abc1ee17a,Thomas Crites,Bibb County SO GA,3,"05/07/2026, 07:39:00 PM UTC
05/07/2026, 07:54:00 PM UTC",***Redacted***,Weapons Offense (Guns/Shots Fired) - 26-39569,,***Redacted***,"05/07/2026, 07:54:29 PM UTC",visual,,
656f54c8-6754-4db7-a7fe-ff3e2aa10c8f,Thomas Crites,Bibb County SO GA,5,"05/06/2026, 08:00:47 PM UTC
05/07/2026, 08:00:47 PM UTC",***Redacted***,Weapons Offense (Guns/Shots Fired) - 26-39569,,***Redacted***,"05/07/2026, 07:55:37 PM UTC",freeform,objectClass:vehicle black and gray honda accord with front end damage,allow
53dad930-b9ab-4e87-9fa1-c82b86c98c52,Kasie Huston,Bibb County SO GA,759,"04/08/2026, 06:30:34 PM UTC
05/08/2026, 06:30:34 PM UTC",***Redacted***,Material Witness - 22CR80889,,***Redacted***,"05/08/2026, 06:18:53 PM UTC",lookup,,
7ad134c9-aff6-4617-a63f-97e0d910d9a3,Joshua Benfield,Bibb County SO GA,2,"05/07/2026, 06:30:38 PM UTC
05/08/2026, 06:30:38 PM UTC",***Redacted***,Hit and Run/Car Accident - 2026-39831,,***Redacted***,"05/08/2026, 06:27:01 PM UTC",lookup,,
ce97d9e4-ec54-4264-83e2-00ee60176855,Joshua Benfield,Bibb County SO GA,2,"05/07/2026, 06:30:38 PM UTC
05/08/2026, 06:30:38 PM UTC",***Redacted***,Hit and Run/Car Accident - 2026-39831,,***Redacted***,"05/08/2026, 06:28:37 PM UTC",lookup,,
e9aacd3a-902b-416e-8921-4384f49f29c7,Joshua Benfield,Bibb County SO GA,2,"05/07/2026, 06:30:30 PM UTC
05/08/2026, 06:30:30 PM UTC",***Redacted***,Hit and Run/Car Accident - 2026-39831,,***Redacted***,"05/08/2026, 06:29:32 PM UTC",lookup,,
4ce83c0f-217e-4285-b37d-d98479525de3,Joshua Benfield,Bibb County SO GA,2,"05/07/2026, 06:30:30 PM UTC
05/08/2026, 06:30:30 PM UTC",***Redacted***,Hit and Run/Car Accident - 2026-39831,,***Redacted***,"05/08/2026, 06:30:00 PM UTC",lookup,,
521d086b-f0f1-4fa3-bced-0ceb98e0cdb3,Joshua Benfield,Bibb County SO GA,2,"05/07/2026, 06:30:30 PM UTC
05/08/2026, 06:30:30 PM UTC",***Redacted***,Hit and Run/Car Accident - 2026-39831,,***Redacted***,"05/08/2026, 06:30:50 PM UTC",lookup,,
39681ea9-9a34-4908-bf5c-aef41e07686c,Joshua Benfield,Bibb County SO GA,2,"05/07/2026, 06:30:30 PM UTC
05/08/2026, 06:30:30 PM UTC",***Redacted***,Hit and Run/Car Accident - 2026-39831,,***Redacted***,"05/08/2026, 06:32:24 PM UTC",lookup,,
c8cdc507-166f-4516-ada0-7e8970549a9a,Alexis Robinson,Bibb County SO GA,1425,"05/01/2026, 04:00:00 AM UTC
05/02/2026, 03:59:00 AM UTC",***Redacted***,Hit and Run/Car Accident - 2026-00037611,,***Redacted***,"05/08/2026, 06:47:49 PM UTC",search,,
99e7e6c3-38fd-4734-98b5-3515f8bd3fbb,Alexis Robinson,Bibb County SO GA,1425,"05/01/2026, 04:00:00 AM UTC
05/02/2026, 03:59:00 AM UTC",***Redacted***,Hit and Run/Car Accident - 2026-00037611,,***Redacted***,"05/08/2026, 06:48:16 PM UTC",lookup,,
dd91b886-01ae-4cee-84eb-ef1d6d7f6f91,Alexis Robinson,Bibb County SO GA,1425,"04/27/2026, 07:00:00 PM UTC
05/08/2026, 07:00:00 PM UTC",***Redacted***,Hit and Run/Car Accident - 2026-00037611,,***Redacted***,"05/08/2026, 06:50:02 PM UTC",lookup,,
99101d40-313a-4281-870f-fa647b1ab825,Adam Grant,Bibb County SO GA,3,"05/01/2026, 01:32:06 AM UTC
05/08/2026, 01:32:06 AM UTC",***Redacted***,Motor Vehicle Theft/Stolen - 2026-39526,,***Redacted***,"05/08/2026, 01:32:08 AM UTC",lookup - Mobile,,
c8311cd7-6062-4828-b1a6-d459446c5394,Adam Grant,Bibb County SO GA,3,"05/01/2026, 01:34:13 AM UTC
05/08/2026, 01:34:13 AM UTC",***Redacted***,Motor Vehicle Theft/Stolen - 2026-39526,,***Redacted***,"05/08/2026, 01:34:14 AM UTC",lookup - Mobile,,
49c569ad-7217-43bd-861e-daacdd9e7aa7,Adam Grant,Bibb County SO GA,3,"05/01/2026, 01:36:01 AM UTC
05/08/2026, 01:36:01 AM UTC",***Redacted***,Motor Vehicle Theft/Stolen - 2026-39526,,***Redacted***,"05/08/2026, 01:36:02 AM UTC",lookup - Mobile,,
f8579c75-858a-4167-a0c7-fc82c371ba66,Adam Grant,Bibb County SO GA,3,"05/01/2026, 01:36:06 AM UTC
05/08/2026, 01:36:06 AM UTC",***Redacted***,Motor Vehicle Theft/Stolen - 2026-39526,,***Redacted***,"05/08/2026, 01:36:07 AM UTC",lookup - Mobile,,
530aaec9-f4ae-47cd-9e9f-227fa93a2f41,Adam Grant,Bibb County SO GA,3,"05/01/2026, 01:37:50 AM UTC
05/08/2026, 01:37:50 AM UTC",***Redacted***,Motor Vehicle Theft/Stolen - 2026-39526,,***Redacted***,"05/08/2026, 01:37:51 AM UTC",lookup - Mobile,,
6e4203df-3b53-4343-8d45-2e6744865f61,Adam Grant,Bibb County SO GA,3,"05/01/2026, 01:39:38 AM UTC
05/08/2026, 01:39:38 AM UTC",***Redacted***,Motor Vehicle Theft/Stolen - 2026-39526,,***Redacted***,"05/08/2026, 01:39:39 AM UTC",lookup - Mobile,,
15ad80db-0835-4b89-9e38-f4720cda8c30,Adam Grant,Bibb County SO GA,3,"05/01/2026, 01:40:20 AM UTC
05/08/2026, 01:40:20 AM UTC",***Redacted***,Motor Vehicle Theft/Stolen - 2026-39526,,***Redacted***,"05/08/2026, 01:40:21 AM UTC",lookup - Mobile,,
b7cf5e37-2df4-4a29-8e63-fc76de9ff335,Adam Grant,Bibb County SO GA,3,"05/01/2026, 01:41:17 AM UTC
05/08/2026, 01:41:17 AM UTC",***Redacted***,Motor Vehicle Theft/Stolen - 2026-39526,,***Redacted***,"05/08/2026, 01:41:18 AM UTC",lookup - Mobile,,
a24945de-c3c3-4caf-92d8-889e04a30556,Adam Grant,Bibb County SO GA,3,"05/01/2026, 01:44:05 AM UTC
05/08/2026, 01:44:05 AM UTC",***Redacted***,Motor Vehicle Theft/Stolen - 2026-39526,,***Redacted***,"05/08/2026, 01:44:06 AM UTC",lookup - Mobile,,
cb429cf1-682f-461e-a354-0d8503f0db43,Adam Grant,Bibb County SO GA,3,"05/01/2026, 01:48:22 AM UTC
05/08/2026, 01:48:22 AM UTC",***Redacted***,Motor Vehicle Theft/Stolen - 2026-39526,,***Redacted***,"05/08/2026, 01:48:23 AM UTC",lookup - Mobile,,
dae5cdd8-f9bb-45a1-bb70-c8097546cdb2,Adam Grant,Bibb County SO GA,3,"05/01/2026, 01:49:33 AM UTC
05/08/2026, 01:49:33 AM UTC",***Redacted***,Motor Vehicle Theft/Stolen - 2026-39526,,***Redacted***,"05/08/2026, 01:49:34 AM UTC",lookup - Mobile,,
dc30521c-2776-4d1f-b276-2ac22401017d,Adam Grant,Bibb County SO GA,3,"05/01/2026, 01:49:54 AM UTC
05/08/2026, 01:49:54 AM UTC",***Redacted***,Motor Vehicle Theft/Stolen - 2026-39526,,***Redacted***,"05/08/2026, 01:49:55 AM UTC",lookup - Mobile,,
010bc4ee-0988-4dfc-ad28-7a219ae44a86,Adam Grant,Bibb County SO GA,3,"05/01/2026, 01:51:05 AM UTC
05/08/2026, 01:51:05 AM UTC",***Redacted***,Motor Vehicle Theft/Stolen - 2026-39526,,***Redacted***,"05/08/2026, 01:51:06 AM UTC",lookup - Mobile,,
389936fa-cb50-4859-8766-732956083e22,Adam Grant,Bibb County SO GA,3,"05/01/2026, 01:51:11 AM UTC
05/08/2026, 01:51:11 AM UTC",***Redacted***,Motor Vehicle Theft/Stolen - 2026-39526,,***Redacted***,"05/08/2026, 01:51:11 AM UTC",lookup - Mobile,,
570e5215-992e-4e31-880e-be6b8d040ef9,Adam Grant,Bibb County SO GA,3,"05/01/2026, 01:51:29 AM UTC
05/08/2026, 01:51:29 AM UTC",***Redacted***,Motor Vehicle Theft/Stolen - 2026-39526,,***Redacted***,"05/08/2026, 01:51:31 AM UTC",lookup - Mobile,,
a628f5ad-2743-453a-b989-532e87075eac,Adam Grant,Bibb County SO GA,3,"05/01/2026, 01:52:06 AM UTC
05/08/2026, 01:52:06 AM UTC",***Redacted***,Motor Vehicle Theft/Stolen - 2026-39526,,***Redacted***,"05/08/2026, 01:52:07 AM UTC",lookup - Mobile,,
0a26134f-9bbe-491c-8690-79dd9d43d82f,Adam Grant,Bibb County SO GA,3,"05/01/2026, 01:52:09 AM UTC
05/08/2026, 01:52:09 AM UTC",***Redacted***,Motor Vehicle Theft/Stolen - 2026-39526,,***Redacted***,"05/08/2026, 01:52:10 AM UTC",lookup - Mobile,,
ce160815-558b-42b0-b281-f3e94c85c1da,Adam Grant,Bibb County SO GA,3,"05/01/2026, 01:52:13 AM UTC
05/08/2026, 01:52:13 AM UTC",***Redacted***,Motor Vehicle Theft/Stolen - 2026-39526,,***Redacted***,"05/08/2026, 01:52:15 AM UTC",lookup - Mobile,,
9238ff19-914e-4737-8489-f8e668fdaf48,Adam Grant,Bibb County SO GA,3,"05/01/2026, 01:52:24 AM UTC
05/08/2026, 01:52:24 AM UTC",***Redacted***,Motor Vehicle Theft/Stolen - 2026-39526,,***Redacted***,"05/08/2026, 01:52:24 AM UTC",lookup - Mobile,,
204189fd-f272-4726-befd-fff5d64228dd,Adam Grant,Bibb County SO GA,3,"05/01/2026, 01:52:27 AM UTC
05/08/2026, 01:52:27 AM UTC",***Redacted***,Motor Vehicle Theft/Stolen - 2026-39526,,***Redacted***,"05/08/2026, 01:52:28 AM UTC",lookup - Mobile,,
1c08c9f7-0cae-4901-be28-ffd274cfb38d,Adam Grant,Bibb County SO GA,3,"05/01/2026, 01:52:32 AM UTC
05/08/2026, 01:52:32 AM UTC",***Redacted***,Motor Vehicle Theft/Stolen - 2026-39526,,***Redacted***,"05/08/2026, 01:52:33 AM UTC",lookup - Mobile,,
d4a47220-58e9-495d-b2d1-bddf7569c74a,Adam Grant,Bibb County SO GA,3,"05/01/2026, 01:52:36 AM UTC
05/08/2026, 01:52:36 AM UTC",***Redacted***,Motor Vehicle Theft/Stolen - 2026-39526,,***Redacted***,"05/08/2026, 01:52:36 AM UTC",lookup - Mobile,,
9467223a-1b40-4d3d-bbef-0c736c1cd274,Adam Grant,Bibb County SO GA,3,"05/01/2026, 01:52:42 AM UTC
05/08/2026, 01:52:42 AM UTC",***Redacted***,Motor Vehicle Theft/Stolen - 2026-39526,,***Redacted***,"05/08/2026, 01:52:43 AM UTC",lookup - Mobile,,
fa32a321-1f85-43be-92c4-f673789a8214,Adam Grant,Bibb County SO GA,3,"05/01/2026, 01:53:02 AM UTC
05/08/2026, 01:53:02 AM UTC",***Redacted***,Motor Vehicle Theft/Stolen - 2026-39526,,***Redacted***,"05/08/2026, 01:53:04 AM UTC",lookup - Mobile,,
83e2bed7-44f4-42e3-ab3c-f62aab1cdee7,Adam Grant,Bibb County SO GA,3,"05/01/2026, 01:53:45 AM UTC
05/08/2026, 01:53:45 AM UTC",***Redacted***,Motor Vehicle Theft/Stolen - 2026-39526,,***Redacted***,"05/08/2026, 01:53:45 AM UTC",lookup - Mobile,,
f6befb42-4a64-497b-9e47-8b6955684fb2,Adam Grant,Bibb County SO GA,3,"05/01/2026, 01:54:23 AM UTC
05/08/2026, 01:54:23 AM UTC",***Redacted***,Motor Vehicle Theft/Stolen - 2026-39526,,***Redacted***,"05/08/2026, 01:54:24 AM UTC",lookup - Mobile,,
c30117a0-d07e-4125-82c1-394026a10dcc,Adam Grant,Bibb County SO GA,3,"05/01/2026, 01:55:00 AM UTC
05/08/2026, 01:55:00 AM UTC",***Redacted***,Motor Vehicle Theft/Stolen - 2026-39526,,***Redacted***,"05/08/2026, 01:55:01 AM UTC",lookup - Mobile,,
d096384b-d950-4be6-a097-fe072c2d3bde,Adam Grant,Bibb County SO GA,3,"05/01/2026, 01:55:22 AM UTC
05/08/2026, 01:55:22 AM UTC",***Redacted***,Motor Vehicle Theft/Stolen - 2026-39526,,***Redacted***,"05/08/2026, 01:55:23 AM UTC",lookup - Mobile,,
90bf6be5-a305-47a5-a27d-ef0a88e34c3a,Adam Grant,Bibb County SO GA,3,"05/01/2026, 01:55:31 AM UTC
05/08/2026, 01:55:31 AM UTC",***Redacted***,Motor Vehicle Theft/Stolen - 2026-39526,,***Redacted***,"05/08/2026, 01:55:32 AM UTC",lookup - Mobile,,
01aa6751-87e0-4e38-bcfe-8e4b96f250d4,Adam Grant,Bibb County SO GA,3,"05/01/2026, 01:56:35 AM UTC
05/08/2026, 01:56:35 AM UTC",***Redacted***,Motor Vehicle Theft/Stolen - 2026-39526,,***Redacted***,"05/08/2026, 01:56:38 AM UTC",lookup - Mobile,,
0b75bd14-17e1-4487-ada1-8d2be514e34b,Adam Grant,Bibb County SO GA,3,"05/01/2026, 01:57:00 AM UTC
05/08/2026, 01:57:00 AM UTC",***Redacted***,Motor Vehicle Theft/Stolen - 2026-39526,,***Redacted***,"05/08/2026, 01:57:02 AM UTC",lookup - Mobile,,
30ccac02-2717-4c29-8fb1-a4b564c814f9,Adam Grant,Bibb County SO GA,3,"05/01/2026, 01:58:08 AM UTC
05/08/2026, 01:58:08 AM UTC",***Redacted***,Motor Vehicle Theft/Stolen - 2026-39526,,***Redacted***,"05/08/2026, 01:58:08 AM UTC",lookup - Mobile,,
7371c1b0-3721-4b81-9a5c-30d2d3483338,Adam Grant,Bibb County SO GA,3,"05/01/2026, 01:59:04 AM UTC
05/08/2026, 01:59:04 AM UTC",***Redacted***,Motor Vehicle Theft/Stolen - 2026-39526,,***Redacted***,"05/08/2026, 01:59:05 AM UTC",lookup - Mobile,,
3d86d009-4575-4dbb-a059-229ee8ddf115,Adam Grant,Bibb County SO GA,3,"05/01/2026, 02:00:29 AM UTC
05/08/2026, 02:00:29 AM UTC",***Redacted***,Motor Vehicle Theft/Stolen - 2026-39526,,***Redacted***,"05/08/2026, 02:00:29 AM UTC",lookup - Mobile,,
652a7f3a-d7be-4254-9e1e-29a4b929624a,Adam Grant,Bibb County SO GA,3,"05/01/2026, 02:02:31 AM UTC
05/08/2026, 02:02:31 AM UTC",***Redacted***,Motor Vehicle Theft/Stolen - 2026-39526,,***Redacted***,"05/08/2026, 02:02:33 AM UTC",lookup - Mobile,,
5900cfde-8aa5-429a-8b83-fafeae5a9537,Adam Grant,Bibb County SO GA,3,"05/01/2026, 02:03:20 AM UTC
05/08/2026, 02:03:20 AM UTC",***Redacted***,Motor Vehicle Theft/Stolen - 2026-39526,,***Redacted***,"05/08/2026, 02:03:23 AM UTC",lookup - Mobile,,
776de98a-65d4-4489-a6a9-955e8c4471cb,Adam Grant,Bibb County SO GA,3,"05/01/2026, 02:04:22 AM UTC
05/08/2026, 02:04:22 AM UTC",***Redacted***,Motor Vehicle Theft/Stolen - 2026-39526,,***Redacted***,"05/08/2026, 02:04:24 AM UTC",lookup - Mobile,,
bbe01c6b-1e76-436e-b18c-24b6b8ed44b6,Adam Grant,Bibb County SO GA,3,"05/01/2026, 02:05:15 AM UTC
05/08/2026, 02:05:15 AM UTC",***Redacted***,Motor Vehicle Theft/Stolen - 2026-39526,,***Redacted***,"05/08/2026, 02:05:16 AM UTC",lookup - Mobile,,
845a1b82-7006-4306-b203-3637f40086c8,Adam Grant,Bibb County SO GA,3,"05/01/2026, 02:06:42 AM UTC
05/08/2026, 02:06:42 AM UTC",***Redacted***,Motor Vehicle Theft/Stolen - 2026-39526,,***Redacted***,"05/08/2026, 02:06:43 AM UTC",lookup - Mobile,,
f75233af-35b2-48e5-92c7-65850a9cf9d7,Adam Grant,Bibb County SO GA,3,"05/01/2026, 02:07:48 AM UTC
05/08/2026, 02:07:48 AM UTC",***Redacted***,Motor Vehicle Theft/Stolen - 2026-39526,,***Redacted***,"05/08/2026, 02:07:48 AM UTC",lookup - Mobile,,
c1d296fc-f633-4b48-baca-0642cec8f454,Adam Grant,Bibb County SO GA,3,"05/01/2026, 02:08:48 AM UTC
05/08/2026, 02:08:48 AM UTC",***Redacted***,Motor Vehicle Theft/Stolen - 2026-39526,,***Redacted***,"05/08/2026, 02:08:49 AM UTC",lookup - Mobile,,
fd63bf29-260e-4529-8428-d8920318152c,Adam Grant,Bibb County SO GA,3,"05/01/2026, 02:08:58 AM UTC
05/08/2026, 02:08:58 AM UTC",***Redacted***,Motor Vehicle Theft/Stolen - 2026-39526,,***Redacted***,"05/08/2026, 02:08:59 AM UTC",lookup - Mobile,,
5bc12be3-7da3-4d8a-aeb3-bddeb4a67d20,Adam Grant,Bibb County SO GA,3,"05/01/2026, 02:09:15 AM UTC
05/08/2026, 02:09:15 AM UTC",***Redacted***,Motor Vehicle Theft/Stolen - 2026-39526,,***Redacted***,"05/08/2026, 02:09:16 AM UTC",lookup - Mobile,,
10b7b4e6-0cb0-4c4f-bce8-ddfd19246372,Adam Grant,Bibb County SO GA,3,"05/01/2026, 02:09:52 AM UTC
05/08/2026, 02:09:52 AM UTC",***Redacted***,Motor Vehicle Theft/Stolen - 2026-39526,,***Redacted***,"05/08/2026, 02:09:52 AM UTC",lookup - Mobile,,
68843a22-3c33-4a53-a7d1-8e2d5de368e0,Adam Grant,Bibb County SO GA,3,"05/01/2026, 02:10:04 AM UTC
05/08/2026, 02:10:04 AM UTC",***Redacted***,Motor Vehicle Theft/Stolen - 2026-39526,,***Redacted***,"05/08/2026, 02:10:04 AM UTC",lookup - Mobile,,
3b37729a-c281-48ee-b3a5-ed38c41270b3,Adam Grant,Bibb County SO GA,3,"05/01/2026, 02:10:13 AM UTC
05/08/2026, 02:10:13 AM UTC",***Redacted***,Motor Vehicle Theft/Stolen - 2026-39526,,***Redacted***,"05/08/2026, 02:10:14 AM UTC",lookup - Mobile,,
e7214f1e-22a7-4c29-87fb-6818ffea6801,Adam Grant,Bibb County SO GA,3,"05/01/2026, 02:10:53 AM UTC
05/08/2026, 02:10:53 AM UTC",***Redacted***,Motor Vehicle Theft/Stolen - 2026-39526,,***Redacted***,"05/08/2026, 02:10:54 AM UTC",lookup - Mobile,,
79c63307-0ee6-4770-ab42-5b0d9795d5a1,Adam Grant,Bibb County SO GA,3,"05/01/2026, 02:11:12 AM UTC
05/08/2026, 02:11:12 AM UTC",***Redacted***,Motor Vehicle Theft/Stolen - 2026-39526,,***Redacted***,"05/08/2026, 02:11:12 AM UTC",lookup - Mobile,,
befe53c8-0614-45df-916a-970614227be8,Adam Grant,Bibb County SO GA,3,"05/01/2026, 02:11:51 AM UTC
05/08/2026, 02:11:51 AM UTC",***Redacted***,Motor Vehicle Theft/Stolen - 2026-39526,,***Redacted***,"05/08/2026, 02:11:51 AM UTC",lookup - Mobile,,
c878f2fd-1cf4-401f-ab67-a3df8433e875,Adam Grant,Bibb County SO GA,3,"05/01/2026, 02:12:14 AM UTC
05/08/2026, 02:12:14 AM UTC",***Redacted***,Motor Vehicle Theft/Stolen - 2026-39526,,***Redacted***,"05/08/2026, 02:12:14 AM UTC",lookup - Mobile,,
2becbf4c-cdd2-4a08-935d-bf15f9a22350,Adam Grant,Bibb County SO GA,3,"05/01/2026, 02:12:24 AM UTC
05/08/2026, 02:12:24 AM UTC",***Redacted***,Motor Vehicle Theft/Stolen - 2026-39526,,***Redacted***,"05/08/2026, 02:12:25 AM UTC",lookup - Mobile,,
a40bd8d9-d473-41e1-b5ca-491101a42ab0,Adam Grant,Bibb County SO GA,3,"05/01/2026, 02:12:28 AM UTC
05/08/2026, 02:12:28 AM UTC",***Redacted***,Motor Vehicle Theft/Stolen - 2026-39526,,***Redacted***,"05/08/2026, 02:12:29 AM UTC",lookup - Mobile,,
59671268-44b8-41fb-bd74-fe0433c9c016,Adam Grant,Bibb County SO GA,3,"05/01/2026, 02:12:38 AM UTC
05/08/2026, 02:12:38 AM UTC",***Redacted***,Motor Vehicle Theft/Stolen - 2026-39526,,***Redacted***,"05/08/2026, 02:12:38 AM UTC",lookup - Mobile,,
a92a0305-7a7e-4d0f-afbf-7cb99294c85e,Adam Grant,Bibb County SO GA,3,"05/01/2026, 02:13:07 AM UTC
05/08/2026, 02:13:07 AM UTC",***Redacted***,Motor Vehicle Theft/Stolen - 2026-39526,,***Redacted***,"05/08/2026, 02:13:09 AM UTC",lookup - Mobile,,
67148ea5-9eea-48a5-9395-428e4911000e,Adam Grant,Bibb County SO GA,3,"05/01/2026, 02:13:12 AM UTC
05/08/2026, 02:13:12 AM UTC",***Redacted***,Motor Vehicle Theft/Stolen - 2026-39526,,***Redacted***,"05/08/2026, 02:13:12 AM UTC",lookup - Mobile,,
7d303be7-9f6a-41d5-bd57-ec972fe73b44,Adam Grant,Bibb County SO GA,3,"05/01/2026, 02:13:53 AM UTC
05/08/2026, 02:13:53 AM UTC",***Redacted***,Motor Vehicle Theft/Stolen - 2026-39526,,***Redacted***,"05/08/2026, 02:13:54 AM UTC",lookup - Mobile,,
9a397dd4-42c3-4c9d-9c7c-12e5385b0d4e,Adam Grant,Bibb County SO GA,3,"05/01/2026, 02:14:12 AM UTC
05/08/2026, 02:14:12 AM UTC",***Redacted***,Motor Vehicle Theft/Stolen - 2026-39526,,***Redacted***,"05/08/2026, 02:14:12 AM UTC",lookup - Mobile,,
b775fcdf-c093-4601-8594-497271c54b64,Adam Grant,Bibb County SO GA,3,"05/01/2026, 02:14:19 AM UTC
05/08/2026, 02:14:19 AM UTC",***Redacted***,Motor Vehicle Theft/Stolen - 2026-39526,,***Redacted***,"05/08/2026, 02:14:19 AM UTC",lookup - Mobile,,
0df2fb35-b307-4d71-91c5-fc1895cf9546,Adam Grant,Bibb County SO GA,3,"05/01/2026, 02:14:35 AM UTC
05/08/2026, 02:14:35 AM UTC",***Redacted***,Motor Vehicle Theft/Stolen - 2026-39526,,***Redacted***,"05/08/2026, 02:14:36 AM UTC",lookup - Mobile,,
0505bd80-2148-42d9-989a-5db92f8e783a,Adam Grant,Bibb County SO GA,3,"05/01/2026, 02:15:59 AM UTC
05/08/2026, 02:15:59 AM UTC",***Redacted***,Motor Vehicle Theft/Stolen - 2026-39526,,***Redacted***,"05/08/2026, 02:16:00 AM UTC",lookup - Mobile,,
375eaf6b-15da-406c-9645-df835dd49375,Adam Grant,Bibb County SO GA,3,"05/01/2026, 02:16:04 AM UTC
05/08/2026, 02:16:04 AM UTC",***Redacted***,Motor Vehicle Theft/Stolen - 2026-39526,,***Redacted***,"05/08/2026, 02:16:04 AM UTC",lookup - Mobile,,
51c93385-a53e-44f0-994f-f4b1d487b4d7,Adam Grant,Bibb County SO GA,3,"05/01/2026, 02:16:52 AM UTC
05/08/2026, 02:16:52 AM UTC",***Redacted***,Motor Vehicle Theft/Stolen - 2026-39526,,***Redacted***,"05/08/2026, 02:16:53 AM UTC",lookup - Mobile,,
3a497651-6c83-4d89-95d9-cd21c755db75,Adam Grant,Bibb County SO GA,3,"05/01/2026, 02:17:41 AM UTC
05/08/2026, 02:17:41 AM UTC",***Redacted***,Motor Vehicle Theft/Stolen - 2026-39526,,***Redacted***,"05/08/2026, 02:17:41 AM UTC",lookup - Mobile,,
d314694c-9f7e-49bd-8de4-957758bca0d2,Adam Grant,Bibb County SO GA,3,"05/01/2026, 02:18:16 AM UTC
05/08/2026, 02:18:16 AM UTC",***Redacted***,Motor Vehicle Theft/Stolen - 2026-39526,,***Redacted***,"05/08/2026, 02:18:16 AM UTC",lookup - Mobile,,
9b0bc253-5de5-4df3-96b4-66495d10a9b0,Adam Grant,Bibb County SO GA,3,"05/01/2026, 02:19:12 AM UTC
05/08/2026, 02:19:12 AM UTC",***Redacted***,Motor Vehicle Theft/Stolen - 2026-39526,,***Redacted***,"05/08/2026, 02:19:13 AM UTC",lookup - Mobile,,
62d5e887-4d78-40c2-a773-e0e1387e889f,Adam Grant,Bibb County SO GA,3,"05/01/2026, 02:21:30 AM UTC
05/08/2026, 02:21:30 AM UTC",***Redacted***,Motor Vehicle Theft/Stolen - 2026-39526,,***Redacted***,"05/08/2026, 02:21:30 AM UTC",lookup - Mobile,,
7b4180a5-e582-422b-901f-45b26ebfa891,Adam Grant,Bibb County SO GA,3,"05/01/2026, 02:22:39 AM UTC
05/08/2026, 02:22:39 AM UTC",***Redacted***,Motor Vehicle Theft/Stolen - 2026-39526,,***Redacted***,"05/08/2026, 02:22:40 AM UTC",lookup - Mobile,,
4df32559-d7c3-4f43-84b5-0eafb8a4ea29,Adam Grant,Bibb County SO GA,3,"05/01/2026, 02:22:43 AM UTC
05/08/2026, 02:22:43 AM UTC",***Redacted***,Motor Vehicle Theft/Stolen - 2026-39526,,***Redacted***,"05/08/2026, 02:22:44 AM UTC",lookup - Mobile,,
bfa46618-3968-49d3-82f4-3a808d8694f1,Adam Grant,Bibb County SO GA,3,"05/01/2026, 02:25:42 AM UTC
05/08/2026, 02:25:42 AM UTC",***Redacted***,Motor Vehicle Theft/Stolen - 2026-39526,,***Redacted***,"05/08/2026, 02:25:42 AM UTC",lookup - Mobile,,
0be492aa-5dbf-47d9-a29d-f6bc2e69f19f,Adam Grant,Bibb County SO GA,3,"05/01/2026, 02:27:01 AM UTC
05/08/2026, 02:27:01 AM UTC",***Redacted***,Motor Vehicle Theft/Stolen - 2026-39526,,***Redacted***,"05/08/2026, 02:27:02 AM UTC",lookup - Mobile,,
30eab870-1c36-413d-bfa5-6b428a4f8f39,Elijah White,Bibb County SO GA,11,"05/12/2026, 05:30:48 PM UTC
05/13/2026, 05:30:48 PM UTC",***Redacted***,Trespass - ,2026-41344,***Redacted***,"05/13/2026, 05:40:02 PM UTC",search,,
84c43d64-1a23-41c0-a32a-e13f66dbb750,Elijah White,Bibb County SO GA,11,"05/13/2026, 03:30:00 PM UTC
05/13/2026, 05:30:00 PM UTC",***Redacted***,Trespass - ,2026-41344,***Redacted***,"05/13/2026, 05:42:44 PM UTC",search,,
9b319cb4-d2b7-45c2-8f13-1f7ae2234bb5,Elijah White,Bibb County SO GA,11,"05/13/2026, 03:30:00 PM UTC
05/13/2026, 05:30:00 PM UTC",***Redacted***,Trespass - ,2026-41344,***Redacted***,"05/13/2026, 05:43:49 PM UTC",search,,
686b9fba-7cc0-4d39-8f36-ade7912feb37,Charlee Gibson,Bibb County SO GA,3,"05/12/2026, 03:30:45 PM UTC
05/12/2026, 05:30:45 PM UTC",***Redacted***,Motor Vehicle Theft/Stolen - ,2026-41056,***Redacted***,"05/13/2026, 05:44:11 PM UTC",lookup,,
2aab3f3b-e104-4433-8030-62d625f08d63,Elijah White,Bibb County SO GA,11,"05/13/2026, 03:30:00 PM UTC
05/13/2026, 05:30:00 PM UTC",***Redacted***,Trespass - ,2026-41344,***Redacted***,"05/13/2026, 05:48:06 PM UTC",lookup,,
3c2b1303-3cde-4a0f-8c0c-238831d6b986,Elijah White,Bibb County SO GA,11,"05/13/2026, 03:30:00 PM UTC
05/13/2026, 05:30:00 PM UTC",***Redacted***,Trespass - ,2026-41344,***Redacted***,"05/13/2026, 05:48:56 PM UTC",search,,
0fa84ef3-b2f2-4449-bbf7-cf48afaab95e,Steven Fields,Bibb County SO GA,1425,"05/06/2026, 05:30:00 PM UTC
05/13/2026, 05:30:00 PM UTC",***Redacted***,Financial Crime (Embezzlement/Fraud) - ,2026midsouthnrpyet,***Redacted***,"05/13/2026, 05:48:59 PM UTC",lookup,,
6992bde8-100a-4a89-9244-6c5598b3c6e3,Steven Fields,Bibb County SO GA,1425,"05/06/2026, 05:30:00 PM UTC
05/13/2026, 05:30:00 PM UTC",***Redacted***,Financial Crime (Embezzlement/Fraud) - ,2026midsouthnrpyet,***Redacted***,"05/13/2026, 05:49:14 PM UTC",lookup,,
bf3e11aa-4b61-4c77-b12d-8e9c180f6873,Steven Fields,Bibb County SO GA,1425,"04/13/2026, 05:30:00 PM UTC
05/13/2026, 05:30:00 PM UTC",***Redacted***,Financial Crime (Embezzlement/Fraud) - ,2026midsouthnrpyet,***Redacted***,"05/13/2026, 05:49:33 PM UTC",lookup,,
ffa1a039-cbde-45bd-80c0-3c15fd9a4c23,Elijah White,Bibb County SO GA,11,"05/13/2026, 03:00:00 PM UTC
05/13/2026, 05:30:00 PM UTC",***Redacted***,Trespass - ,2026-41344,***Redacted***,"05/13/2026, 05:52:04 PM UTC",search,,
6d13938b-0657-4c89-b907-b1f5fb64f97c,Charlee Gibson,Bibb County SO GA,3,"05/13/2026, 12:30:00 PM UTC
05/13/2026, 06:30:00 PM UTC",***Redacted***,Stolen Property Offenses - ,2026-3072,***Redacted***,"05/13/2026, 06:42:26 PM UTC",lookup,,
e72b8f1b-306c-4204-b52d-4ecd38617b8c,Charlee Gibson,Bibb County SO GA,1,"05/13/2026, 06:43:43 PM UTC
05/13/2026, 06:58:43 PM UTC",***Redacted***,Stolen Property Offenses - ,2026-3072,***Redacted***,"05/13/2026, 06:58:56 PM UTC",search,,
c1ac6038-82a9-4286-966a-5c3697684245,Charlee Gibson,Bibb County SO GA,1,"05/13/2026, 03:00:00 PM UTC
05/13/2026, 03:15:00 PM UTC",***Redacted***,Stolen Property Offenses - ,2026-3072,***Redacted***,"05/13/2026, 06:59:30 PM UTC",search,,
4b6ef48c-c0db-4d8d-bb05-e68b8214c213,Charlee Gibson,Bibb County SO GA,1,"05/13/2026, 03:00:00 PM UTC
05/13/2026, 03:15:00 PM UTC",***Redacted***,Stolen Property Offenses - ,2026-3072,***Redacted***,"05/13/2026, 06:59:48 PM UTC",search,,
dce8c778-37a8-4cc6-a64f-4432a2ff2195,Elijah White,Bibb County SO GA,11,"05/13/2026, 03:00:00 PM UTC
05/13/2026, 05:30:00 PM UTC",***Redacted***,Trespass - ,2026-41344,***Redacted***,"05/13/2026, 06:59:54 PM UTC",search,,
4081dd68-efe6-4ceb-ae93-bf2e176dabdb,Elijah White,Bibb County SO GA,11,"05/13/2026, 03:00:00 PM UTC
05/13/2026, 05:30:00 PM UTC",***Redacted***,Trespass - ,2026-41344,***Redacted***,"05/13/2026, 07:14:00 PM UTC",search,,
9fcb428d-415d-46a0-ab20-9caafc7d3842,Steven Fields,Bibb County SO GA,1425,"05/13/2026, 03:00:24 PM UTC
05/13/2026, 05:00:24 PM UTC",***Redacted***,Larceny/Theft Offenses - ,202641344,***Redacted***,"05/13/2026, 05:06:02 PM UTC",search,,
9f0a2da3-b5cb-4cf9-9bf4-0c21ca440ef3,Steven Fields,Bibb County SO GA,1425,"05/13/2026, 03:00:24 PM UTC
05/13/2026, 05:00:24 PM UTC",***Redacted***,Larceny/Theft Offenses - ,202641344,***Redacted***,"05/13/2026, 05:06:29 PM UTC",search,,
06943bbc-f3cf-481e-bdc6-5227c0b36b53,Steven Fields,Bibb County SO GA,1425,"05/12/2026, 05:30:17 PM UTC
05/13/2026, 05:30:17 PM UTC",***Redacted***,Larceny/Theft Offenses - ,202641344,***Redacted***,"05/13/2026, 05:11:32 PM UTC",lookup,,
fb1d6239-adac-4381-9627-41a62263e1e8,Steven Fields,Bibb County SO GA,1425,"05/11/2026, 05:30:47 PM UTC
05/13/2026, 05:30:47 PM UTC",***Redacted***,Larceny/Theft Offenses - ,202641344,***Redacted***,"05/13/2026, 05:15:52 PM UTC",lookup,,
e1923ccb-f27c-4416-9409-1c073e823139,Steven Fields,Bibb County SO GA,1425,"05/13/2026, 03:30:49 PM UTC
05/13/2026, 05:30:49 PM UTC",***Redacted***,Financial Crime (Embezzlement/Fraud) - ,2026midsouthnrpyet,***Redacted***,"05/13/2026, 05:20:11 PM UTC",search,,
07808fc6-60b9-4302-a050-02639a727f07,Steven Fields,Bibb County SO GA,1425,"05/13/2026, 03:30:49 PM UTC
05/13/2026, 05:30:49 PM UTC",***Redacted***,Financial Crime (Embezzlement/Fraud) - ,2026midsouthnrpyet,***Redacted***,"05/13/2026, 05:20:50 PM UTC",lookup,,
7350645f-0dc6-49ec-959b-d2db8a4dc18e,Steven Fields,Bibb County SO GA,1425,"05/13/2026, 03:30:49 PM UTC
05/13/2026, 05:30:49 PM UTC",***Redacted***,Financial Crime (Embezzlement/Fraud) - ,2026midsouthnrpyet,***Redacted***,"05/13/2026, 05:21:05 PM UTC",lookup,,
b1e56b60-9b3b-484c-8b13-716f8108d1c8,Elijah White,Bibb County SO GA,11,"05/12/2026, 05:30:48 PM UTC
05/13/2026, 05:30:48 PM UTC",***Redacted***,Trespass - ,2026-41344,***Redacted***,"05/13/2026, 05:24:50 PM UTC",lookup,,
13b8f4e3-b741-41da-b36b-eccd882536d7,Steven Fields,Bibb County SO GA,1425,"05/11/2026, 05:30:54 PM UTC
05/13/2026, 05:30:54 PM UTC",***Redacted***,Financial Crime (Embezzlement/Fraud) - ,2026midsouthnrpyet,***Redacted***,"05/13/2026, 05:24:59 PM UTC",lookup,,
6f633f04-9769-4019-9d05-1b2606fec31e,Elijah White,Bibb County SO GA,11,"05/12/2026, 07:30:19 PM UTC
05/13/2026, 07:30:19 PM UTC",***Redacted***,Trespass - ,2026-41344,***Redacted***,"05/13/2026, 07:16:21 PM UTC",search,,
f9c49c05-2c11-4cc4-87ad-ff518f0489ff,Thomas Crites,Bibb County SO GA,1423,"04/29/2026, 07:16:36 PM UTC
05/13/2026, 07:16:36 PM UTC",***Redacted***,Robbery - ,2026-39667,***Redacted***,"05/13/2026, 07:16:39 PM UTC",lookup - Mobile,,
3dcf98ac-3ed3-4d61-8bd1-0bf967ecd723,Elijah White,Bibb County SO GA,2,"05/12/2026, 07:30:04 PM UTC
05/13/2026, 07:30:04 PM UTC",***Redacted***,Trespass - ,2026-41344,***Redacted***,"05/13/2026, 07:19:12 PM UTC",lookup,,
eb85c224-bda5-4bd8-8be7-e2e4401a28e0,Elijah White,Bibb County SO GA,2,"05/12/2026, 08:00:04 PM UTC
05/13/2026, 08:00:04 PM UTC",***Redacted***,Trespass - ,2026-41344,***Redacted***,"05/13/2026, 07:35:07 PM UTC",lookup,,
12f9fe4c-dbc1-48d7-9f0e-3ce9bf33fe9a,Justin Edwards,Bibb County SO GA,3,"05/12/2026, 07:46:48 PM UTC
05/13/2026, 07:46:48 PM UTC",***Redacted***,Wanted Person (Arrest Warrant/Fugitive) - ,2024-67104,***Redacted***,"05/13/2026, 07:46:48 PM UTC",lookup - Mobile,,
86520b5b-7a3b-4793-a7bb-29ad0d5a9a6a,Justin Edwards,Bibb County SO GA,3,"05/06/2026, 07:46:49 PM UTC
05/13/2026, 07:46:49 PM UTC",***Redacted***,Wanted Person (Arrest Warrant/Fugitive) - ,2024-67104,***Redacted***,"05/13/2026, 07:46:50 PM UTC",lookup - Mobile,,
13ab41c6-2514-4daa-b7c7-997505641648,Justin Edwards,Bibb County SO GA,3,"04/13/2026, 07:46:51 PM UTC
05/13/2026, 07:46:51 PM UTC",***Redacted***,Wanted Person (Arrest Warrant/Fugitive) - ,2024-67104,***Redacted***,"05/13/2026, 07:46:51 PM UTC",lookup - Mobile,,
ab32d7e7-2c76-4bc7-8226-80c684eb964d,Justin Edwards,Bibb County SO GA,3,"05/12/2026, 07:47:07 PM UTC
05/13/2026, 07:47:07 PM UTC",***Redacted***,Wanted Person (Arrest Warrant/Fugitive) - ,2024-67104,***Redacted***,"05/13/2026, 07:47:09 PM UTC",lookup - Mobile,,
60dbd7f1-7418-43ae-9a82-cf27b67e78b3,Kirsten Davella,Bibb County SO GA,3,"05/12/2026, 02:00:00 AM UTC
05/12/2026, 02:30:00 AM UTC",***Redacted***,Assault/Battery Offenses - ,2026-32895,***Redacted***,"05/13/2026, 10:26:05 PM UTC",search,,
33846dac-c5ff-4879-8ea4-4c2bfae72229,Tyrelle Stephens,Bibb County SO GA,11,"05/07/2026, 09:00:00 PM UTC
05/13/2026, 11:00:00 PM UTC",***Redacted***,Hit and Run/Car Accident - ,2026-39620,***Redacted***,"05/13/2026, 10:40:54 PM UTC",lookup,,
f3db71f3-a4d8-406b-8b05-e85a3b0f9ab9,Tyrelle Stephens,Bibb County SO GA,11,"05/07/2026, 09:00:00 PM UTC
05/13/2026, 11:00:00 PM UTC",***Redacted***,Hit and Run/Car Accident - ,2026-39620,***Redacted***,"05/13/2026, 10:41:02 PM UTC",lookup,,
346f1311-d148-4a8b-bf15-c5e653c518b7,Tyrelle Stephens,Bibb County SO GA,11,"05/07/2026, 09:00:00 PM UTC
05/13/2026, 11:00:00 PM UTC",***Redacted***,Hit and Run/Car Accident - ,2026-39620,***Redacted***,"05/13/2026, 10:42:24 PM UTC",lookup,,
4b911867-5fea-4925-9a99-2943e9ec5510,Charlee Gibson,Bibb County SO GA,3,"05/13/2026, 04:30:47 PM UTC
05/13/2026, 06:30:47 PM UTC",***Redacted***,Stolen Property Offenses - ,2026-3072,***Redacted***,"05/13/2026, 06:16:39 PM UTC",search,,
d9f777c4-6362-4ce2-96af-c7fa03c028ab,Charlee Gibson,Bibb County SO GA,1425,"05/13/2026, 12:30:00 PM UTC
05/13/2026, 06:30:00 PM UTC",***Redacted***,Stolen Property Offenses - ,2026-3072,***Redacted***,"05/13/2026, 06:24:42 PM UTC",search,,
84a94553-9fee-4f1b-b03b-7f0fa7f7b02e,Charlee Gibson,Bibb County SO GA,3,"05/12/2026, 06:30:47 PM UTC
05/13/2026, 06:30:47 PM UTC",***Redacted***,Stolen Property Offenses - ,2026-3072,***Redacted***,"05/13/2026, 06:38:01 PM UTC",freeform,objectClass:vehicle red pickup truck ,allow
ab40dcc8-6776-4d55-a394-4a7310c8f718,Alex Fletcher,Bibb County SO GA,1425,"05/14/2026, 04:30:39 AM UTC
05/14/2026, 04:45:39 AM UTC",***Redacted***,Robbery - ,2026-41560,***Redacted***,"05/14/2026, 04:45:45 AM UTC",search,,
52860cad-5453-4ce9-9faa-fec8f00e1430,Alex Fletcher,Bibb County SO GA,3,"05/14/2026, 04:30:39 AM UTC
05/14/2026, 04:45:39 AM UTC",***Redacted***,Robbery - ,2026-41560,***Redacted***,"05/14/2026, 04:45:53 AM UTC",search,,
61c97e03-26f8-4c5b-ac75-0fc64bc65e3b,Alex Fletcher,Bibb County SO GA,3,"05/14/2026, 04:30:39 AM UTC
05/14/2026, 04:45:39 AM UTC",***Redacted***,Robbery - ,2026-41560,***Redacted***,"05/14/2026, 04:46:31 AM UTC",search,,
ea6cbb15-108d-4e0c-9298-958787c7ab26,Alex Fletcher,Bibb County SO GA,3,"05/14/2026, 04:30:39 AM UTC
05/14/2026, 04:45:39 AM UTC",***Redacted***,Robbery - ,2026-41560,***Redacted***,"05/14/2026, 04:47:34 AM UTC",search,,
ca538ccd-d253-4890-a006-561c682674f0,Alex Fletcher,Bibb County SO GA,3,"05/13/2026, 11:00:15 PM UTC
05/14/2026, 05:00:15 AM UTC",***Redacted***,Robbery - ,2026-41560,***Redacted***,"05/14/2026, 04:48:19 AM UTC",freeform,objectClass:vehicle silver honda accord with veterans tag,allow
fc670160-ad63-4178-9b27-9404b7d3b294,Alex Fletcher,Bibb County SO GA,3,"05/14/2026, 03:00:46 AM UTC
05/14/2026, 05:00:46 AM UTC",***Redacted***,Robbery - ,2026-41560,***Redacted***,"05/14/2026, 04:50:18 AM UTC",search,,
b7e07000-b67b-42be-9ff4-d71c064b4c4e,Alex Fletcher,Bibb County SO GA,3,"05/14/2026, 04:35:56 AM UTC
05/14/2026, 04:50:56 AM UTC",***Redacted***,Robbery - ,2026-41560,***Redacted***,"05/14/2026, 04:50:58 AM UTC",search,,
c802afd7-6cd2-499d-935a-516b25a481ff,Alex Fletcher,Bibb County SO GA,3,"05/14/2026, 04:35:56 AM UTC
05/14/2026, 04:50:56 AM UTC",***Redacted***,Robbery - ,2026-41560,***Redacted***,"05/14/2026, 04:51:18 AM UTC",search,,
33fb756f-e425-4cd4-a7ca-eadc6c4e64e8,Alex Fletcher,Bibb County SO GA,3,"05/14/2026, 04:37:09 AM UTC
05/14/2026, 04:52:09 AM UTC",***Redacted***,Robbery - ,2026-41560,***Redacted***,"05/14/2026, 04:52:16 AM UTC",search,,
040be96c-2676-4bc3-93e2-66a102a3de87,Alex Fletcher,Bibb County SO GA,3,"05/14/2026, 04:37:09 AM UTC
05/14/2026, 04:52:09 AM UTC",***Redacted***,Robbery - ,2026-41560,***Redacted***,"05/14/2026, 04:52:58 AM UTC",search,,
883e29e6-236a-471c-9343-aa97cafc8735,Alex Fletcher,Bibb County SO GA,3,"05/14/2026, 04:37:09 AM UTC
05/14/2026, 04:52:09 AM UTC",***Redacted***,Robbery - ,2026-41560,***Redacted***,"05/14/2026, 04:54:00 AM UTC",search,,
b46db28d-b2c8-4a52-9582-40de5f9c7ef6,Alex Fletcher,Bibb County SO GA,3,"05/14/2026, 04:37:09 AM UTC
05/14/2026, 04:52:09 AM UTC",***Redacted***,Robbery - ,2026-41560,***Redacted***,"05/14/2026, 04:56:49 AM UTC",search,,
92e6c050-2c10-4978-a451-00e17243c986,Alex Fletcher,Bibb County SO GA,3,"05/14/2026, 04:37:09 AM UTC
05/14/2026, 04:52:09 AM UTC",***Redacted***,Robbery - ,2026-41560,***Redacted***,"05/14/2026, 04:57:27 AM UTC",search,,
b2d79edc-abc6-4fb0-bfe7-ecfc44c9ae7a,Alex Fletcher,Bibb County SO GA,3,"05/14/2026, 04:37:09 AM UTC
05/14/2026, 04:52:09 AM UTC",***Redacted***,Robbery - ,2026-41560,***Redacted***,"05/14/2026, 04:58:07 AM UTC",search,,
ecc43866-8f1f-40c2-8004-ec4221e376cb,Alex Fletcher,Bibb County SO GA,3,"05/14/2026, 04:37:09 AM UTC
05/14/2026, 04:52:09 AM UTC",***Redacted***,Robbery - ,2026-41560,***Redacted***,"05/14/2026, 04:59:42 AM UTC",search,,
66be5c36-4611-45e4-b88f-2b26c2cd00bc,Wesley Durbin,Bibb County SO GA,3,"05/13/2026, 12:30:44 PM UTC
05/14/2026, 12:30:44 PM UTC",***Redacted***,Financial Crime (Embezzlement/Fraud) - ,2026-17218,***Redacted***,"05/14/2026, 12:08:47 PM UTC",lookup,,
24d49f55-3baf-4666-bba6-1357cf688687,Wesley Durbin,Bibb County SO GA,3,"05/07/2026, 12:30:51 PM UTC
05/14/2026, 12:30:51 PM UTC",***Redacted***,Financial Crime (Embezzlement/Fraud) - ,2026-17218,***Redacted***,"05/14/2026, 12:08:53 PM UTC",lookup,,
96adcca5-ec17-42c9-a81d-86083551e319,Wesley Durbin,Bibb County SO GA,776,"05/07/2026, 12:30:51 PM UTC
05/14/2026, 12:30:51 PM UTC",***Redacted***,Financial Crime (Embezzlement/Fraud) - ,2026-17218,***Redacted***,"05/14/2026, 12:09:07 PM UTC",lookup,,
419cc0af-0a27-4744-bd48-d0acbd227500,Wesley Durbin,Bibb County SO GA,3,"05/07/2026, 12:30:09 PM UTC
05/14/2026, 12:30:09 PM UTC",***Redacted***,Financial Crime (Embezzlement/Fraud) - ,2026-17218,***Redacted***,"05/14/2026, 12:10:11 PM UTC",lookup,,
a1bf159a-1bb4-48f5-bf16-2819e84df314,Wesley Durbin,Bibb County SO GA,776,"05/07/2026, 12:30:09 PM UTC
05/14/2026, 12:30:09 PM UTC",***Redacted***,Financial Crime (Embezzlement/Fraud) - ,2026-17218,***Redacted***,"05/14/2026, 12:10:25 PM UTC",lookup,,
d7eb100b-839f-4a83-9c43-e80419843cff,Dennis Terry,Bibb County SO GA,3,"05/14/2026, 12:58:23 AM UTC
05/15/2026, 12:58:23 AM UTC",***Redacted***,Larceny/Theft Offenses - ,2026-40697,***Redacted***,"05/15/2026, 12:58:24 AM UTC",search - Mobile,,
60e585e8-e52d-4452-b225-b45762f2a994,Enrique Hogan,Bibb County SO GA,731,"05/08/2026, 10:06:43 AM UTC
05/15/2026, 10:06:43 AM UTC",***Redacted***,Wanted Person (Arrest Warrant/Fugitive) - FID  11957926,FID1192341,***Redacted***,"05/15/2026, 10:06:45 AM UTC",lookup - Mobile,,
9cdd0880-3327-4385-a9bb-94ddcf67066a,Enrique Hogan,Bibb County SO GA,731,"05/08/2026, 10:10:51 AM UTC
05/15/2026, 10:10:51 AM UTC",***Redacted***,Wanted Person (Arrest Warrant/Fugitive) - FID  11957926,FID1192341,***Redacted***,"05/15/2026, 10:10:53 AM UTC",lookup - Mobile,,
f1d8d23a-ac04-4eda-af29-be87659f1f28,Enrique Hogan,Bibb County SO GA,731,"05/08/2026, 10:16:48 AM UTC
05/15/2026, 10:16:48 AM UTC",***Redacted***,Wanted Person (Arrest Warrant/Fugitive) - FID  11957926,FID1192341,***Redacted***,"05/15/2026, 10:16:49 AM UTC",lookup - Mobile,,
2deea26e-6a4f-4cdd-bb3a-292fc4a8f38d,Adam Grant,Bibb County SO GA,1358,"05/14/2026, 05:59:26 AM UTC
05/15/2026, 05:59:26 AM UTC",***Redacted***,Hit and Run/Car Accident - ,2026-1296,***Redacted***,"05/15/2026, 05:59:28 AM UTC",lookup - Mobile,,
ac97eccc-67c0-49d2-9803-c9d714762e27,Charlee Gibson,Bibb County SO GA,3,"05/13/2026, 12:30:00 PM UTC
05/13/2026, 06:30:00 PM UTC",***Redacted***,Stolen Property Offenses - ,2026-3072,***Redacted***,"05/15/2026, 01:53:27 PM UTC",lookup,,
910fe715-6869-42ee-9840-4b874e3f828f,Steven Fields,Bibb County SO GA,1425,"04/13/2026, 05:30:00 PM UTC
05/13/2026, 05:30:00 PM UTC",***Redacted***,Financial Crime (Embezzlement/Fraud) - ,2026midsouthnrpyet,***Redacted***,"05/14/2026, 06:39:45 PM UTC",lookup,,
aceb7dae-5030-4114-95a9-cce9e22c32df,Steven Fields,Bibb County SO GA,1425,"04/13/2026, 05:30:00 PM UTC
05/13/2026, 05:30:00 PM UTC",***Redacted***,Financial Crime (Embezzlement/Fraud) - ,2026midsouthnrpyet,***Redacted***,"05/14/2026, 06:44:32 PM UTC",lookup,,
4dfd8d4e-9ab5-4c88-9a46-5b9d34d915fb,Alexis Robinson,Bibb County SO GA,1425,"05/11/2026, 04:00:00 PM UTC
05/11/2026, 11:00:00 PM UTC",***Redacted***,Hit and Run/Car Accident - ,2026-00040807,***Redacted***,"05/15/2026, 03:47:47 PM UTC",search,,
10d84df8-26c4-4a8e-9923-8fa6b39f91e4,Kasie Huston,Bibb County SO GA,2,"04/15/2026, 02:50:54 PM UTC
05/15/2026, 02:50:54 PM UTC",***Redacted***,Material Witness - ,23-066800,***Redacted***,"05/15/2026, 02:50:56 PM UTC",lookup - Mobile,,
7c6f71ad-6531-4537-8763-7cfeeef3e8f1,Kasie Huston,Bibb County SO GA,2,"04/15/2026, 02:51:10 PM UTC
05/15/2026, 02:51:10 PM UTC",***Redacted***,Material Witness - ,23-066800,***Redacted***,"05/15/2026, 02:51:11 PM UTC",lookup - Mobile,,
4a55e76b-fd52-4f5d-afb6-43147ba717a6,Kasie Huston,Bibb County SO GA,2,"04/15/2026, 02:51:54 PM UTC
05/15/2026, 02:51:54 PM UTC",***Redacted***,Material Witness - ,23-066800,***Redacted***,"05/15/2026, 02:51:55 PM UTC",lookup - Mobile,,
94f8b8a4-9fad-40d2-813d-215b1628ec6c,Kasie Huston,Bibb County SO GA,2,"04/15/2026, 02:51:59 PM UTC
05/15/2026, 02:51:59 PM UTC",***Redacted***,Material Witness - ,23-066800,***Redacted***,"05/15/2026, 02:51:59 PM UTC",lookup - Mobile,,
82989168-6a65-49bd-a708-1a7d5ec34bd3,Kasie Huston,Bibb County SO GA,2,"04/15/2026, 02:52:01 PM UTC
05/15/2026, 02:52:01 PM UTC",***Redacted***,Material Witness - ,23-066800,***Redacted***,"05/15/2026, 02:52:02 PM UTC",lookup - Mobile,,
15e8d313-9402-4a8f-b7b2-2f1005de7359,Kasie Huston,Bibb County SO GA,2,"04/15/2026, 02:52:03 PM UTC
05/15/2026, 02:52:03 PM UTC",***Redacted***,Material Witness - ,23-066800,***Redacted***,"05/15/2026, 02:52:03 PM UTC",lookup - Mobile,,
83a7dfd8-042a-4df1-badd-c68f32d340a1,Kasie Huston,Bibb County SO GA,2,"04/15/2026, 02:52:05 PM UTC
05/15/2026, 02:52:05 PM UTC",***Redacted***,Material Witness - ,23-066800,***Redacted***,"05/15/2026, 02:52:05 PM UTC",lookup - Mobile,,
fe8d6205-7377-4a31-b75d-bf08addd5157,Kasie Huston,Bibb County SO GA,2,"04/15/2026, 02:52:49 PM UTC
05/15/2026, 02:52:49 PM UTC",***Redacted***,Material Witness - ,23-066800,***Redacted***,"05/15/2026, 02:52:49 PM UTC",lookup - Mobile,,
23470939-437c-431f-b8c6-209637cd95da,Kasie Huston,Bibb County SO GA,2,"04/15/2026, 02:52:50 PM UTC
05/15/2026, 02:52:50 PM UTC",***Redacted***,Material Witness - ,23-066800,***Redacted***,"05/15/2026, 02:52:51 PM UTC",lookup - Mobile,,
50e740a1-e767-4cef-804e-578242b97b09,Kasie Huston,Bibb County SO GA,2,"04/15/2026, 02:52:52 PM UTC
05/15/2026, 02:52:52 PM UTC",***Redacted***,Material Witness - ,23-066800,***Redacted***,"05/15/2026, 02:52:52 PM UTC",lookup - Mobile,,
bc9f6141-cf8d-4417-acc1-029b0ee4af39,Kasie Huston,Bibb County SO GA,2,"04/15/2026, 02:52:54 PM UTC
05/15/2026, 02:52:54 PM UTC",***Redacted***,Material Witness - ,23-066800,***Redacted***,"05/15/2026, 02:52:54 PM UTC",lookup - Mobile,,
bd492fdd-5fdc-460c-9ee8-9543695bef3e,Kasie Huston,Bibb County SO GA,2,"04/15/2026, 02:52:56 PM UTC
05/15/2026, 02:52:56 PM UTC",***Redacted***,Material Witness - ,23-066800,***Redacted***,"05/15/2026, 02:52:56 PM UTC",lookup - Mobile,,
0c8e49c9-4037-4986-848f-a34c566fc34b,Joseph Crumpler,Bibb County SO GA,11,"05/15/2026, 04:30:00 PM UTC
05/15/2026, 07:30:00 PM UTC",***Redacted***,Hit and Run/Car Accident - ,2026-42101,***Redacted***,"05/15/2026, 11:25:36 PM UTC",search,,
d7c70442-cd8b-42a6-991a-78462ed5a9c0,Joseph Crumpler,Bibb County SO GA,11,"05/15/2026, 04:30:00 PM UTC
05/15/2026, 07:30:00 PM UTC",***Redacted***,Hit and Run/Car Accident - ,2026-42101,***Redacted***,"05/15/2026, 11:26:19 PM UTC",search,,
00c35b65-7001-4425-a655-80f254e556c2,Joseph Crumpler,Bibb County SO GA,11,"05/15/2026, 04:30:00 PM UTC
05/15/2026, 07:30:00 PM UTC",***Redacted***,Hit and Run/Car Accident - ,2026-42101,***Redacted***,"05/15/2026, 11:27:02 PM UTC",search,,
5aaffdd8-2b66-43da-b26c-ef041275cdf1,Joseph Crumpler,Bibb County SO GA,11,"05/15/2026, 04:30:00 PM UTC
05/15/2026, 07:30:00 PM UTC",***Redacted***,Hit and Run/Car Accident - ,2026-42101,***Redacted***,"05/15/2026, 11:29:34 PM UTC",search,,
63f4c182-880b-4d71-8815-52b601c48bf1,Joseph Crumpler,Bibb County SO GA,11,"05/15/2026, 04:30:00 PM UTC
05/15/2026, 07:30:00 PM UTC",***Redacted***,Hit and Run/Car Accident - ,2026-42101,***Redacted***,"05/15/2026, 11:29:54 PM UTC",search,,
7b97c81e-1aea-4c35-8ec1-29c28ad207c4,Joseph Crumpler,Bibb County SO GA,11,"05/15/2026, 10:00:42 PM UTC
05/16/2026, 12:00:42 AM UTC",***Redacted***,Hit and Run/Car Accident - ,2026-42101,***Redacted***,"05/15/2026, 11:36:03 PM UTC",lookup,,
2d2f3c18-ffd3-42b6-9c45-f578159b60b7,Joseph Crumpler,Bibb County SO GA,11,"05/15/2026, 12:00:07 AM UTC
05/16/2026, 12:00:07 AM UTC",***Redacted***,Hit and Run/Car Accident - ,2026-42101,***Redacted***,"05/15/2026, 11:36:09 PM UTC",lookup,,
00d17213-7aa6-4cef-a50b-c51e4b2bf1e0,Alex Fletcher,Bibb County SO GA,1425,"05/15/2026, 01:30:45 AM UTC
05/15/2026, 03:30:45 AM UTC",***Redacted***,Motor Vehicle Theft/Stolen - ,2026-37080,***Redacted***,"05/15/2026, 03:31:08 AM UTC",lookup,,
693428a0-2dce-4f1f-b0e6-fe88732fe581,Alex Fletcher,Bibb County SO GA,1425,"05/14/2026, 04:00:13 AM UTC
05/15/2026, 04:00:13 AM UTC",***Redacted***,Motor Vehicle Theft/Stolen - ,2026-37080,***Redacted***,"05/15/2026, 03:31:15 AM UTC",lookup,,
4d068d88-3b0e-4671-9dc4-908985fb7165,Alex Fletcher,Bibb County SO GA,1425,"05/13/2026, 04:00:17 AM UTC
05/15/2026, 04:00:17 AM UTC",***Redacted***,Motor Vehicle Theft/Stolen - ,2026-37080,***Redacted***,"05/15/2026, 03:31:19 AM UTC",lookup,,
28560d61-010c-442d-9bd1-b89a4b83d60c,Alex Fletcher,Bibb County SO GA,1425,"05/14/2026, 04:00:14 AM UTC
05/15/2026, 04:00:14 AM UTC",***Redacted***,Motor Vehicle Theft/Stolen - ,2026-37080,***Redacted***,"05/15/2026, 03:32:16 AM UTC",lookup,,
4db80f19-4080-4993-a3aa-2422200d23fb,MELANIE HOFMANN,Bibb County SO GA,11,"05/11/2026, 04:00:00 AM UTC
05/14/2026, 11:00:00 PM UTC",***Redacted***,Motor Vehicle Theft/Stolen - ,2026-41821,***Redacted***,"05/14/2026, 10:37:21 PM UTC",search,,
c9832616-3f7e-43e4-9f4e-23ff71fc8351,MELANIE HOFMANN,Bibb County SO GA,11,"05/11/2026, 04:00:00 AM UTC
05/14/2026, 11:00:00 PM UTC",***Redacted***,Motor Vehicle Theft/Stolen - ,2026-41821,***Redacted***,"05/14/2026, 10:37:50 PM UTC",lookup,,
91db1b95-5175-4616-9c8b-ce44aeaa8f67,MELANIE HOFMANN,Bibb County SO GA,11,"05/11/2026, 04:00:00 AM UTC
05/14/2026, 11:00:00 PM UTC",***Redacted***,Motor Vehicle Theft/Stolen - ,2026-41821,***Redacted***,"05/14/2026, 10:38:11 PM UTC",search,,
7dd29ad6-de48-4ad8-938a-2c4a1ca11d28,MELANIE HOFMANN,Bibb County SO GA,11,"05/11/2026, 04:00:00 AM UTC
05/14/2026, 11:00:00 PM UTC",***Redacted***,Motor Vehicle Theft/Stolen - ,2026-41821,***Redacted***,"05/14/2026, 10:39:30 PM UTC",search,,
4d6f185c-ab63-4137-8e35-cd64a605d00d,MELANIE HOFMANN,Bibb County SO GA,11,"05/11/2026, 04:00:00 AM UTC
05/14/2026, 11:00:00 PM UTC",***Redacted***,Motor Vehicle Theft/Stolen - ,2026-41821,***Redacted***,"05/14/2026, 10:50:01 PM UTC",lookup,,
97557540-5f84-4fcd-98f0-c2ba5dfc436c,MELANIE HOFMANN,Bibb County SO GA,2,"05/11/2026, 04:00:00 AM UTC
05/14/2026, 11:00:00 PM UTC",***Redacted***,Motor Vehicle Theft/Stolen - ,2026-41821,***Redacted***,"05/14/2026, 10:52:36 PM UTC",lookup,,
93122bfe-c9fd-42bf-860d-9122a60ffd7b,Alexis Robinson,Bibb County SO GA,1425,"05/13/2026, 08:00:18 PM UTC
05/14/2026, 08:00:18 PM UTC",***Redacted***,Motor Vehicle Theft/Stolen - ,CFS: 641,***Redacted***,"05/14/2026, 07:50:13 PM UTC",lookup,,
b0d0fffb-9192-483e-992f-9a3c4afb7ba4,Alexis Robinson,Bibb County SO GA,5,"05/13/2026, 08:00:39 PM UTC
05/14/2026, 08:00:39 PM UTC",***Redacted***,Motor Vehicle Theft/Stolen - ,CFS: 641,***Redacted***,"05/14/2026, 07:52:26 PM UTC",freeform,objectClass:vehicle U-Haul,allow
24004fd0-9ae6-4883-bb68-0c4d4ffb1d82,Alexis Robinson,Bibb County SO GA,5,"05/13/2026, 08:00:39 PM UTC
05/14/2026, 08:00:39 PM UTC",***Redacted***,Motor Vehicle Theft/Stolen - ,CFS: 641,***Redacted***,"05/14/2026, 07:53:22 PM UTC",freeform,objectClass:vehicle U-Haul,allow
8e992b73-b953-4e41-9705-451ad38099af,Alexis Robinson,Bibb County SO GA,5,"05/13/2026, 08:00:39 PM UTC
05/14/2026, 08:00:39 PM UTC",***Redacted***,Motor Vehicle Theft/Stolen - ,CFS: 641,***Redacted***,"05/14/2026, 07:53:32 PM UTC",freeform,objectClass:vehicle U-Haul,allow
39141399-be34-4c21-8dbe-00252348a315,Alexis Robinson,Bibb County SO GA,2,"05/13/2026, 08:00:39 PM UTC
05/14/2026, 08:00:39 PM UTC",***Redacted***,Motor Vehicle Theft/Stolen - ,CFS: 641,***Redacted***,"05/14/2026, 07:55:37 PM UTC",freeform,objectClass:vehicle U-Haul,allow
54dc584f-c880-41da-880b-a13ea21e0895,Alexis Robinson,Bibb County SO GA,3,"05/13/2026, 08:00:39 PM UTC
05/14/2026, 08:00:39 PM UTC",***Redacted***,Motor Vehicle Theft/Stolen - ,CFS: 641,***Redacted***,"05/14/2026, 07:59:23 PM UTC",freeform,objectClass:vehicle U-Haul,allow
a3d2e20e-f6b6-4606-b20f-797af51f7e91,Steve Gatlin,Bibb County SO GA,776,"05/06/2026, 07:00:00 PM UTC
05/14/2026, 09:00:00 PM UTC",***Redacted***,Larceny/Theft Offenses - ,2026-40697,***Redacted***,"05/15/2026, 12:04:57 AM UTC",lookup,,
8165a819-1238-46b3-a8b6-1d8502628063,Steve Gatlin,Bibb County SO GA,776,"05/05/2026, 07:00:00 PM UTC
05/14/2026, 09:00:00 PM UTC",***Redacted***,Larceny/Theft Offenses - ,2026-40697,***Redacted***,"05/15/2026, 12:08:45 AM UTC",lookup,,
7b5e233f-40d3-4bab-b184-18bf64a2857a,Dennis Terry,Bibb County SO GA,3,"05/14/2026, 12:14:21 AM UTC
05/15/2026, 12:14:21 AM UTC",***Redacted***,Larceny/Theft Offenses - ,2026-40697,***Redacted***,"05/15/2026, 12:14:23 AM UTC",search - Mobile,,
3ca1d6b4-59ce-4dd0-bcab-95fdba775554,Dennis Terry,Bibb County SO GA,3,"05/14/2026, 12:14:57 AM UTC
05/15/2026, 12:14:57 AM UTC",***Redacted***,Larceny/Theft Offenses - ,2026-40697,***Redacted***,"05/15/2026, 12:14:58 AM UTC",search - Mobile,,
5412591c-2ab8-4205-ac7f-770d63dc1473,Dennis Terry,Bibb County SO GA,3,"05/14/2026, 12:15:52 AM UTC
05/15/2026, 12:15:52 AM UTC",***Redacted***,Larceny/Theft Offenses - ,2026-40697,***Redacted***,"05/15/2026, 12:15:53 AM UTC",search - Mobile,,
4a43cc1b-d469-4cb9-bc54-e6e07890044c,Alexis Robinson,Bibb County SO GA,3,"05/11/2026, 04:00:00 PM UTC
05/11/2026, 09:00:00 PM UTC",***Redacted***,Hit and Run/Car Accident - ,2026-00040807,***Redacted***,"05/15/2026, 06:24:26 PM UTC",search,,
f104c772-6ad0-4594-93ba-b86c7aea3946,Alexis Robinson,Bibb County SO GA,3,"05/11/2026, 04:00:00 AM UTC
05/12/2026, 03:59:00 AM UTC",***Redacted***,Hit and Run/Car Accident - ,2026-00040807,***Redacted***,"05/15/2026, 06:26:39 PM UTC",lookup,,
b0730d44-57d6-4c1b-9d04-8059c9038dbf,Alexis Robinson,Bibb County SO GA,1425,"05/11/2026, 04:00:00 AM UTC
05/12/2026, 03:59:00 AM UTC",***Redacted***,Hit and Run/Car Accident - ,2026-00040807,***Redacted***,"05/15/2026, 06:40:12 PM UTC",lookup,,
533b1a68-2e48-4bbc-818f-13d3df373d7c,Dennis Terry,Bibb County SO GA,3,"05/13/2026, 08:54:25 PM UTC
05/14/2026, 08:54:25 PM UTC",***Redacted***,Larceny/Theft Offenses - ,2026-40697,***Redacted***,"05/14/2026, 08:54:28 PM UTC",search - Mobile,,
25ce2ec2-f52d-4046-892d-cf3b0adffcd8,Dennis Terry,Bibb County SO GA,3,"05/13/2026, 08:55:20 PM UTC
05/14/2026, 08:55:20 PM UTC",***Redacted***,Larceny/Theft Offenses - ,2026-40697,***Redacted***,"05/14/2026, 08:55:24 PM UTC",search - Mobile,,
72a23d9d-18e6-4cd4-960f-00b3e15acbf1,Steve Gatlin,Bibb County SO GA,776,"05/14/2026, 07:00:02 PM UTC
05/14/2026, 09:00:02 PM UTC",***Redacted***,Larceny/Theft Offenses - ,2026-40697,***Redacted***,"05/14/2026, 08:56:04 PM UTC",lookup,,
3c553590-ae08-4125-989d-ed118814f767,Dennis Terry,Bibb County SO GA,3,"05/13/2026, 08:57:50 PM UTC
05/14/2026, 08:57:50 PM UTC",***Redacted***,Larceny/Theft Offenses - ,2026-40697,***Redacted***,"05/14/2026, 08:57:51 PM UTC",search - Mobile,,
fc330285-c795-412b-b7a9-1e07cfa6f768,Dennis Terry,Bibb County SO GA,3,"05/13/2026, 08:59:03 PM UTC
05/14/2026, 08:59:03 PM UTC",***Redacted***,Larceny/Theft Offenses - ,2026-40697,***Redacted***,"05/14/2026, 08:59:05 PM UTC",search - Mobile,,
646b3b30-a221-4b09-8cc3-667fe94f318e,Dennis Terry,Bibb County SO GA,3,"05/13/2026, 09:01:39 PM UTC
05/14/2026, 09:01:39 PM UTC",***Redacted***,Larceny/Theft Offenses - ,2026-40697,***Redacted***,"05/14/2026, 09:01:41 PM UTC",search - Mobile,,
c29ed1ca-ddf9-4f74-8b2e-27b219914b3e,Dennis Terry,Bibb County SO GA,3,"05/13/2026, 09:02:02 PM UTC
05/14/2026, 09:02:02 PM UTC",***Redacted***,Larceny/Theft Offenses - ,2026-40697,***Redacted***,"05/14/2026, 09:02:03 PM UTC",search - Mobile,,
9d3e2f56-6289-4439-af3b-c89d0c902e0a,Elijah White,Bibb County SO GA,2,"05/13/2026, 09:30:44 PM UTC
05/14/2026, 09:30:44 PM UTC",***Redacted***,Trespass - ,2026-41344,***Redacted***,"05/14/2026, 09:13:46 PM UTC",lookup,,
55076042-6b4a-4645-8aca-4ee3108a30db,Alexis Robinson,Bibb County SO GA,1425,"05/11/2026, 05:00:00 PM UTC
05/11/2026, 09:00:00 PM UTC",***Redacted***,Hit and Run/Car Accident - ,2026-00040807,***Redacted***,"05/15/2026, 05:39:40 PM UTC",search,,
0aad5d3f-3650-43af-9929-ec424099dd66,Alexis Robinson,Bibb County SO GA,1425,"05/11/2026, 07:00:00 PM UTC
05/11/2026, 09:00:00 PM UTC",***Redacted***,Hit and Run/Car Accident - ,2026-00040807,***Redacted***,"05/15/2026, 05:40:01 PM UTC",search,,
d9493904-27dc-4c86-83a1-11a5c0b555d3,Alexis Robinson,Bibb County SO GA,1425,"05/11/2026, 07:00:00 PM UTC
05/11/2026, 09:00:00 PM UTC",***Redacted***,Hit and Run/Car Accident - ,2026-00040807,***Redacted***,"05/15/2026, 05:46:04 PM UTC",search,,
c74db5c4-d089-4f2b-8455-8d8957ab12d0,Alexis Robinson,Bibb County SO GA,3,"05/11/2026, 04:00:00 PM UTC
05/11/2026, 09:00:00 PM UTC",***Redacted***,Hit and Run/Car Accident - ,2026-00040807,***Redacted***,"05/15/2026, 06:01:43 PM UTC",visual,,
9dca8375-33a3-43b0-8872-5f8e1f8a01ca,Alexis Robinson,Bibb County SO GA,3,"05/11/2026, 07:00:00 PM UTC
05/11/2026, 09:00:00 PM UTC",***Redacted***,Hit and Run/Car Accident - ,2026-00040807,***Redacted***,"05/15/2026, 06:03:49 PM UTC",visual,,
66d41dd3-f096-4322-90bf-f1c7ab071104,Alexis Robinson,Bibb County SO GA,3,"05/11/2026, 07:00:00 PM UTC
05/11/2026, 09:00:00 PM UTC",***Redacted***,Hit and Run/Car Accident - ,2026-00040807,***Redacted***,"05/15/2026, 06:05:07 PM UTC",lookup,,
edd5f3c3-13ca-4fe3-91dc-24c79f3dc418,Alexis Robinson,Bibb County SO GA,3,"05/11/2026, 07:00:00 PM UTC
05/11/2026, 09:00:00 PM UTC",***Redacted***,Hit and Run/Car Accident - ,2026-00040807,***Redacted***,"05/15/2026, 06:06:01 PM UTC",lookup,,
0e117a9f-79c6-4c30-8e11-926219443fb1,Alexis Robinson,Bibb County SO GA,3,"05/11/2026, 07:00:00 PM UTC
05/11/2026, 09:00:00 PM UTC",***Redacted***,Hit and Run/Car Accident - ,2026-00040807,***Redacted***,"05/15/2026, 06:07:38 PM UTC",lookup,,
8a6f96ba-2e42-4aef-a3db-910861408822,Alexis Robinson,Bibb County SO GA,3,"05/11/2026, 07:00:00 PM UTC
05/11/2026, 09:00:00 PM UTC",***Redacted***,Hit and Run/Car Accident - ,2026-00040807,***Redacted***,"05/15/2026, 06:07:49 PM UTC",lookup,,
74ccf18b-9568-48aa-a1e6-f5773110dc07,Alexis Robinson,Bibb County SO GA,3,"05/11/2026, 07:00:00 PM UTC
05/11/2026, 09:00:00 PM UTC",***Redacted***,Hit and Run/Car Accident - ,2026-00040807,***Redacted***,"05/15/2026, 06:09:02 PM UTC",visual,,
c94666c6-6b2a-45fe-91a0-62a12595c6e1,Alexis Robinson,Bibb County SO GA,3,"05/11/2026, 07:00:00 PM UTC
05/11/2026, 09:00:00 PM UTC",***Redacted***,Hit and Run/Car Accident - ,2026-00040807,***Redacted***,"05/15/2026, 06:11:33 PM UTC",lookup,,
028ea6da-262d-4b84-a9aa-de01d203f700,Alexis Robinson,Bibb County SO GA,3,"05/11/2026, 04:00:00 PM UTC
05/11/2026, 09:00:00 PM UTC",***Redacted***,Hit and Run/Car Accident - ,2026-00040807,***Redacted***,"05/15/2026, 06:13:30 PM UTC",lookup,,
3a3344a4-3f98-459e-891b-ecef6f8e8632,Alexis Robinson,Bibb County SO GA,1,"05/11/2026, 04:00:00 PM UTC
05/11/2026, 09:00:00 PM UTC",***Redacted***,Hit and Run/Car Accident - ,2026-00040807,***Redacted***,"05/15/2026, 06:15:04 PM UTC",search,,
406a89a7-e0ff-45a3-8403-2cfdf7f4da56,Alexis Robinson,Bibb County SO GA,1,"05/11/2026, 07:00:00 PM UTC
05/11/2026, 09:00:00 PM UTC",***Redacted***,Hit and Run/Car Accident - ,2026-00040807,***Redacted***,"05/15/2026, 06:15:41 PM UTC",search,,
bd570ecb-2189-44ca-90e3-e92e33cdd745,Alexis Robinson,Bibb County SO GA,3,"05/11/2026, 04:00:00 PM UTC
05/11/2026, 09:00:00 PM UTC",***Redacted***,Hit and Run/Car Accident - ,2026-00040807,***Redacted***,"05/15/2026, 06:19:18 PM UTC",lookup,,
f2b3e53e-c793-4757-a605-cd09dd6b3c25,Alexis Robinson,Bibb County SO GA,1,"05/11/2026, 04:00:00 PM UTC
05/11/2026, 09:00:00 PM UTC",***Redacted***,Hit and Run/Car Accident - ,2026-00040807,***Redacted***,"05/15/2026, 06:20:14 PM UTC",visual,,
99afb0c8-ad62-495f-b539-7babe00bb124,Enrique Hogan,Bibb County SO GA,731,"05/08/2026, 10:39:05 AM UTC
05/15/2026, 10:39:05 AM UTC",***Redacted***,Wanted Person (Arrest Warrant/Fugitive) - FID  11957926,FID1192341,***Redacted***,"05/15/2026, 10:39:10 AM UTC",lookup - Mobile,,
cf632655-5d79-4d2c-971b-69a5232b63d4,Enrique Hogan,Bibb County SO GA,731,"05/08/2026, 10:41:17 AM UTC
05/15/2026, 10:41:17 AM UTC",***Redacted***,Wanted Person (Arrest Warrant/Fugitive) - FID  11957926,FID1192341,***Redacted***,"05/15/2026, 10:41:19 AM UTC",lookup - Mobile,,
0879c79e-1fdb-4d5e-bb6e-ae2eb0b0ceb5,Enrique Hogan,Bibb County SO GA,731,"05/08/2026, 10:51:26 AM UTC
05/15/2026, 10:51:26 AM UTC",***Redacted***,Wanted Person (Arrest Warrant/Fugitive) - FID  11957926,FID1192341,***Redacted***,"05/15/2026, 10:51:27 AM UTC",lookup - Mobile,,
442e2faa-937d-4723-ab86-7c75799b3c24,Enrique Hogan,Bibb County SO GA,731,"05/08/2026, 10:54:14 AM UTC
05/15/2026, 10:54:14 AM UTC",***Redacted***,Wanted Person (Arrest Warrant/Fugitive) - FID  11957926,FID1192341,***Redacted***,"05/15/2026, 10:54:18 AM UTC",lookup - Mobile,,
fe69d976-3e80-4787-8619-0f21a4fb4b95,Enrique Hogan,Bibb County SO GA,731,"05/08/2026, 10:57:11 AM UTC
05/15/2026, 10:57:11 AM UTC",***Redacted***,Wanted Person (Arrest Warrant/Fugitive) - FID  11957926,FID1192341,***Redacted***,"05/15/2026, 10:57:12 AM UTC",lookup - Mobile,,
85d65de9-3577-452f-ab0d-2abf40b2d87f,Enrique Hogan,Bibb County SO GA,731,"05/08/2026, 10:58:35 AM UTC
05/15/2026, 10:58:35 AM UTC",***Redacted***,Wanted Person (Arrest Warrant/Fugitive) - FID  11957926,FID1192341,***Redacted***,"05/15/2026, 10:58:35 AM UTC",lookup - Mobile,,
e223040f-eaad-4bbb-ab61-1214e91be112,Enrique Hogan,Bibb County SO GA,731,"05/08/2026, 10:58:59 AM UTC
05/15/2026, 10:58:59 AM UTC",***Redacted***,Wanted Person (Arrest Warrant/Fugitive) - FID  11957926,FID1192341,***Redacted***,"05/15/2026, 10:59:01 AM UTC",lookup - Mobile,,
cfbc95c2-42c6-46b3-9d42-189ff95f53a4,Enrique Hogan,Bibb County SO GA,731,"05/08/2026, 11:00:14 AM UTC
05/15/2026, 11:00:14 AM UTC",***Redacted***,Wanted Person (Arrest Warrant/Fugitive) - FID  11957926,FID1192341,***Redacted***,"05/15/2026, 11:00:15 AM UTC",lookup - Mobile,,
2ee84192-9b97-4a41-a26d-96fe8ded6362,Enrique Hogan,Bibb County SO GA,731,"05/08/2026, 11:01:07 AM UTC
05/15/2026, 11:01:07 AM UTC",***Redacted***,Wanted Person (Arrest Warrant/Fugitive) - FID  11957926,FID1192341,***Redacted***,"05/15/2026, 11:01:08 AM UTC",lookup - Mobile,,
a779de0f-0f34-47cc-90a8-d9b92f64d4a0,Enrique Hogan,Bibb County SO GA,731,"05/08/2026, 11:01:26 AM UTC
05/15/2026, 11:01:26 AM UTC",***Redacted***,Wanted Person (Arrest Warrant/Fugitive) - FID  11957926,FID1192341,***Redacted***,"05/15/2026, 11:01:27 AM UTC",lookup - Mobile,,
cbac2ac1-451f-4c20-8e9d-247f36fd29ef,Enrique Hogan,Bibb County SO GA,731,"05/08/2026, 11:02:38 AM UTC
05/15/2026, 11:02:38 AM UTC",***Redacted***,Wanted Person (Arrest Warrant/Fugitive) - FID  11957926,FID1192341,***Redacted***,"05/15/2026, 11:02:40 AM UTC",lookup - Mobile,,
ec6cf854-59c3-47ff-9010-af897f27b9bd,Enrique Hogan,Bibb County SO GA,731,"05/08/2026, 11:03:11 AM UTC
05/15/2026, 11:03:11 AM UTC",***Redacted***,Wanted Person (Arrest Warrant/Fugitive) - FID  11957926,FID1192341,***Redacted***,"05/15/2026, 11:03:11 AM UTC",lookup - Mobile,,
c7b90570-f891-4d7e-aa8e-bf32e57997ce,Enrique Hogan,Bibb County SO GA,731,"05/08/2026, 11:03:29 AM UTC
05/15/2026, 11:03:29 AM UTC",***Redacted***,Wanted Person (Arrest Warrant/Fugitive) - FID  11957926,FID1192341,***Redacted***,"05/15/2026, 11:03:30 AM UTC",lookup - Mobile,,
93dfa2eb-bdb9-4e9c-931a-eb2c2ca4c3ff,Enrique Hogan,Bibb County SO GA,731,"05/08/2026, 11:03:40 AM UTC
05/15/2026, 11:03:40 AM UTC",***Redacted***,Wanted Person (Arrest Warrant/Fugitive) - FID  11957926,FID1192341,***Redacted***,"05/15/2026, 11:03:41 AM UTC",lookup - Mobile,,
d9a71f17-bf56-44b1-aeb1-4b47d0f4f5b9,Enrique Hogan,Bibb County SO GA,731,"05/08/2026, 11:04:14 AM UTC
05/15/2026, 11:04:14 AM UTC",***Redacted***,Wanted Person (Arrest Warrant/Fugitive) - FID  11957926,FID1192341,***Redacted***,"05/15/2026, 11:04:15 AM UTC",lookup - Mobile,,
7fb07076-ae2d-43bd-b12f-ca94393989a5,Enrique Hogan,Bibb County SO GA,731,"05/08/2026, 11:04:19 AM UTC
05/15/2026, 11:04:19 AM UTC",***Redacted***,Wanted Person (Arrest Warrant/Fugitive) - FID  11957926,FID1192341,***Redacted***,"05/15/2026, 11:04:21 AM UTC",lookup - Mobile,,
c3d46086-27cd-4678-bbae-b143395d7fb7,Enrique Hogan,Bibb County SO GA,731,"05/08/2026, 11:04:30 AM UTC
05/15/2026, 11:04:30 AM UTC",***Redacted***,Wanted Person (Arrest Warrant/Fugitive) - FID  11957926,FID1192341,***Redacted***,"05/15/2026, 11:04:31 AM UTC",lookup - Mobile,,
60eb6a5a-cc52-4466-823f-4f4a98935a48,Enrique Hogan,Bibb County SO GA,731,"05/08/2026, 11:04:55 AM UTC
05/15/2026, 11:04:55 AM UTC",***Redacted***,Wanted Person (Arrest Warrant/Fugitive) - FID  11957926,FID1192341,***Redacted***,"05/15/2026, 11:04:56 AM UTC",lookup - Mobile,,
8047d951-a6a2-4c43-9635-c2624410500a,Justin Edwards,Bibb County SO GA,731,"05/14/2026, 11:05:27 AM UTC
05/15/2026, 11:05:27 AM UTC",***Redacted***,Wanted Person (Arrest Warrant/Fugitive) - ,2024-67104,***Redacted***,"05/15/2026, 11:05:28 AM UTC",lookup - Mobile,,
ac18d7ef-b8dd-4b48-b22b-949afcaa97cd,Enrique Hogan,Bibb County SO GA,731,"05/08/2026, 11:06:11 AM UTC
05/15/2026, 11:06:11 AM UTC",***Redacted***,Wanted Person (Arrest Warrant/Fugitive) - FID  11957926,FID11857613,***Redacted***,"05/15/2026, 11:06:13 AM UTC",lookup - Mobile,,
488f8a5d-8bcf-415e-9303-3fb342af0951,Enrique Hogan,Bibb County SO GA,731,"05/08/2026, 11:09:06 AM UTC
05/15/2026, 11:09:06 AM UTC",***Redacted***,Wanted Person (Arrest Warrant/Fugitive) - FID  11957926,FID11857613,***Redacted***,"05/15/2026, 11:09:09 AM UTC",lookup - Mobile,,
31a9aa11-b40b-4420-aeda-0d83d0a2aaaa,Enrique Hogan,Bibb County SO GA,731,"05/08/2026, 11:09:36 AM UTC
05/15/2026, 11:09:36 AM UTC",***Redacted***,Wanted Person (Arrest Warrant/Fugitive) - FID  11957926,FID11857613,***Redacted***,"05/15/2026, 11:09:37 AM UTC",lookup - Mobile,,
843f4e81-fff1-4cbd-b73d-f346ce05eada,Enrique Hogan,Bibb County SO GA,731,"05/08/2026, 11:09:49 AM UTC
05/15/2026, 11:09:49 AM UTC",***Redacted***,Wanted Person (Arrest Warrant/Fugitive) - FID  11957926,FID11857613,***Redacted***,"05/15/2026, 11:09:50 AM UTC",lookup - Mobile,,
4d665142-5b87-4cbb-af4b-a7f31d99df91,Enrique Hogan,Bibb County SO GA,731,"05/08/2026, 11:10:04 AM UTC
05/15/2026, 11:10:04 AM UTC",***Redacted***,Wanted Person (Arrest Warrant/Fugitive) - FID  11957926,FID11857613,***Redacted***,"05/15/2026, 11:10:05 AM UTC",lookup - Mobile,,
ae00a10a-87d2-4a04-93f9-4710f7d6bc0f,Justin Edwards,Bibb County SO GA,731,"05/14/2026, 11:11:15 AM UTC
05/15/2026, 11:11:15 AM UTC",***Redacted***,Wanted Person (Arrest Warrant/Fugitive) - ,2024-67104,***Redacted***,"05/15/2026, 11:11:16 AM UTC",lookup - Mobile,,
679f293b-52a2-4bdb-a52e-7122c899e06a,Enrique Hogan,Bibb County SO GA,731,"05/08/2026, 11:11:45 AM UTC
05/15/2026, 11:11:45 AM UTC",***Redacted***,Wanted Person (Arrest Warrant/Fugitive) - FID  11957926,FID11857613,***Redacted***,"05/15/2026, 11:11:47 AM UTC",lookup - Mobile,,
4ce72bf6-7563-467a-a27c-8e266d0c4f83,Enrique Hogan,Bibb County SO GA,731,"05/08/2026, 11:12:15 AM UTC
05/15/2026, 11:12:15 AM UTC",***Redacted***,Wanted Person (Arrest Warrant/Fugitive) - FID  11957926,FID11857613,***Redacted***,"05/15/2026, 11:12:16 AM UTC",lookup - Mobile,,
43657d65-2387-4cee-b43e-33bcdd149e10,Enrique Hogan,Bibb County SO GA,731,"05/08/2026, 11:12:57 AM UTC
05/15/2026, 11:12:57 AM UTC",***Redacted***,Wanted Person (Arrest Warrant/Fugitive) - FID  11957926,FID11857613,***Redacted***,"05/15/2026, 11:12:58 AM UTC",lookup - Mobile,,
9bbe84b3-7c84-42d5-8dda-690b224a741b,Enrique Hogan,Bibb County SO GA,731,"05/08/2026, 11:13:14 AM UTC
05/15/2026, 11:13:14 AM UTC",***Redacted***,Wanted Person (Arrest Warrant/Fugitive) - FID  11957926,FID11857613,***Redacted***,"05/15/2026, 11:13:15 AM UTC",lookup - Mobile,,
92eccafd-491b-4af8-a4a9-f0c413996643,Enrique Hogan,Bibb County SO GA,731,"05/08/2026, 11:13:18 AM UTC
05/15/2026, 11:13:18 AM UTC",***Redacted***,Wanted Person (Arrest Warrant/Fugitive) - FID  11957926,FID11857613,***Redacted***,"05/15/2026, 11:13:19 AM UTC",lookup - Mobile,,
24d35d07-1132-4d2b-ae8d-9f46cb4337c8,Enrique Hogan,Bibb County SO GA,731,"05/08/2026, 11:13:24 AM UTC
05/15/2026, 11:13:24 AM UTC",***Redacted***,Wanted Person (Arrest Warrant/Fugitive) - FID  11957926,FID11857613,***Redacted***,"05/15/2026, 11:13:25 AM UTC",lookup - Mobile,,
fb116d13-4124-4256-ae22-0580c7c69418,Enrique Hogan,Bibb County SO GA,731,"05/08/2026, 11:13:32 AM UTC
05/15/2026, 11:13:32 AM UTC",***Redacted***,Wanted Person (Arrest Warrant/Fugitive) - FID  11957926,FID11857613,***Redacted***,"05/15/2026, 11:13:32 AM UTC",lookup - Mobile,,
0e5b172c-8fb4-434c-a1a2-0501827ee8db,Enrique Hogan,Bibb County SO GA,731,"05/08/2026, 11:13:38 AM UTC
05/15/2026, 11:13:38 AM UTC",***Redacted***,Wanted Person (Arrest Warrant/Fugitive) - FID  11957926,FID11857613,***Redacted***,"05/15/2026, 11:13:39 AM UTC",lookup - Mobile,,
1aa34dfa-a8ce-43d8-bdf3-906f653afd25,Enrique Hogan,Bibb County SO GA,731,"05/08/2026, 11:13:50 AM UTC
05/15/2026, 11:13:50 AM UTC",***Redacted***,Wanted Person (Arrest Warrant/Fugitive) - FID  11957926,FID11857613,***Redacted***,"05/15/2026, 11:13:51 AM UTC",lookup - Mobile,,
a70b10db-809d-44f7-89cc-01a6c0f6657d,Enrique Hogan,Bibb County SO GA,731,"05/08/2026, 11:13:54 AM UTC
05/15/2026, 11:13:54 AM UTC",***Redacted***,Wanted Person (Arrest Warrant/Fugitive) - FID  11957926,FID11857613,***Redacted***,"05/15/2026, 11:13:54 AM UTC",lookup - Mobile,,
4e0cac98-3593-4c83-9d0d-eafc29ce6c70,Enrique Hogan,Bibb County SO GA,731,"05/08/2026, 11:14:07 AM UTC
05/15/2026, 11:14:07 AM UTC",***Redacted***,Wanted Person (Arrest Warrant/Fugitive) - FID  11957926,FID11857613,***Redacted***,"05/15/2026, 11:14:09 AM UTC",lookup - Mobile,,
4b86a897-4654-4942-9a46-69db3fa69496,Enrique Hogan,Bibb County SO GA,731,"05/08/2026, 11:14:12 AM UTC
05/15/2026, 11:14:12 AM UTC",***Redacted***,Wanted Person (Arrest Warrant/Fugitive) - FID  11957926,FID11857613,***Redacted***,"05/15/2026, 11:14:13 AM UTC",lookup - Mobile,,
506c8d89-dea8-4538-974f-856699bad08c,Enrique Hogan,Bibb County SO GA,731,"05/08/2026, 11:14:27 AM UTC
05/15/2026, 11:14:27 AM UTC",***Redacted***,Wanted Person (Arrest Warrant/Fugitive) - FID  11957926,FID11857613,***Redacted***,"05/15/2026, 11:14:27 AM UTC",lookup - Mobile,,
bb8be09e-6ce9-4fc5-afa2-bb19c23f187b,Enrique Hogan,Bibb County SO GA,731,"05/08/2026, 11:14:31 AM UTC
05/15/2026, 11:14:31 AM UTC",***Redacted***,Wanted Person (Arrest Warrant/Fugitive) - FID  11957926,FID11857613,***Redacted***,"05/15/2026, 11:14:33 AM UTC",lookup - Mobile,,
10db77e5-f26c-4f4f-8f36-901accd581b3,Enrique Hogan,Bibb County SO GA,731,"05/08/2026, 11:14:36 AM UTC
05/15/2026, 11:14:36 AM UTC",***Redacted***,Wanted Person (Arrest Warrant/Fugitive) - FID  11957926,FID11857613,***Redacted***,"05/15/2026, 11:14:38 AM UTC",lookup - Mobile,,
ad9e0a46-6ad6-496d-a0e5-f0d89e6bf934,Enrique Hogan,Bibb County SO GA,731,"05/08/2026, 11:14:41 AM UTC
05/15/2026, 11:14:41 AM UTC",***Redacted***,Wanted Person (Arrest Warrant/Fugitive) - FID  11957926,FID11857613,***Redacted***,"05/15/2026, 11:14:42 AM UTC",lookup - Mobile,,
26ccd715-067f-4381-969e-4f92ba11c78c,Enrique Hogan,Bibb County SO GA,731,"05/08/2026, 11:14:45 AM UTC
05/15/2026, 11:14:45 AM UTC",***Redacted***,Wanted Person (Arrest Warrant/Fugitive) - FID  11957926,FID11857613,***Redacted***,"05/15/2026, 11:14:46 AM UTC",lookup - Mobile,,
6ad84055-3bdc-49e1-ab88-8abcdd025857,Enrique Hogan,Bibb County SO GA,731,"05/08/2026, 11:15:05 AM UTC
05/15/2026, 11:15:05 AM UTC",***Redacted***,Wanted Person (Arrest Warrant/Fugitive) - FID  11957926,FID11857613,***Redacted***,"05/15/2026, 11:15:06 AM UTC",lookup - Mobile,,
e4c870f6-745b-4a0c-969b-3901ba148041,Enrique Hogan,Bibb County SO GA,731,"05/08/2026, 11:15:14 AM UTC
05/15/2026, 11:15:14 AM UTC",***Redacted***,Wanted Person (Arrest Warrant/Fugitive) - FID  11957926,FID11857613,***Redacted***,"05/15/2026, 11:15:16 AM UTC",lookup - Mobile,,
0b8ba431-b96d-4a80-86fb-c57ccb03c32c,Enrique Hogan,Bibb County SO GA,731,"05/08/2026, 11:15:23 AM UTC
05/15/2026, 11:15:23 AM UTC",***Redacted***,Wanted Person (Arrest Warrant/Fugitive) - FID  11957926,FID11857613,***Redacted***,"05/15/2026, 11:15:25 AM UTC",lookup - Mobile,,
dc14830f-df5f-43d1-b093-2e98145ec7ca,Enrique Hogan,Bibb County SO GA,731,"05/08/2026, 11:15:33 AM UTC
05/15/2026, 11:15:33 AM UTC",***Redacted***,Wanted Person (Arrest Warrant/Fugitive) - FID  11957926,FID11857613,***Redacted***,"05/15/2026, 11:15:33 AM UTC",lookup - Mobile,,
3abae372-0d83-4528-bc1f-19f76623da6c,Justin Edwards,Bibb County SO GA,731,"05/14/2026, 11:15:36 AM UTC
05/15/2026, 11:15:36 AM UTC",***Redacted***,Wanted Person (Arrest Warrant/Fugitive) - ,2024-67104,***Redacted***,"05/15/2026, 11:15:37 AM UTC",lookup - Mobile,,
3235c059-8f56-4e0d-95c1-b99f4178cfb6,Enrique Hogan,Bibb County SO GA,731,"05/08/2026, 11:17:11 AM UTC
05/15/2026, 11:17:11 AM UTC",***Redacted***,Wanted Person (Arrest Warrant/Fugitive) - FID  11957926,FID11857613,***Redacted***,"05/15/2026, 11:17:11 AM UTC",lookup - Mobile,,
49657fd5-adce-4c98-8d52-88753dd5aad6,Enrique Hogan,Bibb County SO GA,731,"05/08/2026, 11:17:16 AM UTC
05/15/2026, 11:17:16 AM UTC",***Redacted***,Wanted Person (Arrest Warrant/Fugitive) - FID  11957926,FID11857613,***Redacted***,"05/15/2026, 11:17:17 AM UTC",lookup - Mobile,,
121c39f9-950a-42b4-b63a-a1db79373bcb,Enrique Hogan,Bibb County SO GA,731,"05/08/2026, 11:17:22 AM UTC
05/15/2026, 11:17:22 AM UTC",***Redacted***,Wanted Person (Arrest Warrant/Fugitive) - FID  11957926,FID11857613,***Redacted***,"05/15/2026, 11:17:23 AM UTC",lookup - Mobile,,
eabce7b5-89bb-49cd-9f37-7f883bd2cad9,Enrique Hogan,Bibb County SO GA,731,"05/08/2026, 11:17:28 AM UTC
05/15/2026, 11:17:28 AM UTC",***Redacted***,Wanted Person (Arrest Warrant/Fugitive) - FID  11957926,FID11857613,***Redacted***,"05/15/2026, 11:17:31 AM UTC",lookup - Mobile,,
396d3f87-9673-41a0-8580-6df74648d03d,Justin Edwards,Bibb County SO GA,731,"05/14/2026, 11:17:50 AM UTC
05/15/2026, 11:17:50 AM UTC",***Redacted***,Wanted Person (Arrest Warrant/Fugitive) - ,2024-67104,***Redacted***,"05/15/2026, 11:17:52 AM UTC",lookup - Mobile,,
b5289b11-da73-46d6-9192-442e101ad224,Enrique Hogan,Bibb County SO GA,731,"05/08/2026, 11:17:54 AM UTC
05/15/2026, 11:17:54 AM UTC",***Redacted***,Wanted Person (Arrest Warrant/Fugitive) - FID  11957926,FID11857613,***Redacted***,"05/15/2026, 11:17:55 AM UTC",lookup - Mobile,,
a7f54f6a-d71f-4ce5-ae3b-f6c69d40c6c4,Enrique Hogan,Bibb County SO GA,731,"05/08/2026, 11:17:59 AM UTC
05/15/2026, 11:17:59 AM UTC",***Redacted***,Wanted Person (Arrest Warrant/Fugitive) - FID  11957926,FID11857613,***Redacted***,"05/15/2026, 11:18:00 AM UTC",lookup - Mobile,,
5c6fbec4-576f-4dfa-97cc-8fd4fdc710b3,Enrique Hogan,Bibb County SO GA,731,"05/08/2026, 11:18:13 AM UTC
05/15/2026, 11:18:13 AM UTC",***Redacted***,Wanted Person (Arrest Warrant/Fugitive) - FID  11957926,FID11857613,***Redacted***,"05/15/2026, 11:18:14 AM UTC",lookup - Mobile,,
d103ee1b-0b66-4069-982f-3b72a78dfbf1,Enrique Hogan,Bibb County SO GA,731,"05/08/2026, 11:18:32 AM UTC
05/15/2026, 11:18:32 AM UTC",***Redacted***,Wanted Person (Arrest Warrant/Fugitive) - FID  11957926,FID11857613,***Redacted***,"05/15/2026, 11:18:32 AM UTC",lookup - Mobile,,
78d0de68-5c64-45e6-8d14-b32fb1f0c3f4,Enrique Hogan,Bibb County SO GA,731,"05/08/2026, 11:18:35 AM UTC
05/15/2026, 11:18:35 AM UTC",***Redacted***,Wanted Person (Arrest Warrant/Fugitive) - FID  11957926,FID11857613,***Redacted***,"05/15/2026, 11:18:36 AM UTC",lookup - Mobile,,
6a6d3f91-595f-4f26-b22a-e1ab19d54213,Enrique Hogan,Bibb County SO GA,731,"05/08/2026, 11:18:47 AM UTC
05/15/2026, 11:18:47 AM UTC",***Redacted***,Wanted Person (Arrest Warrant/Fugitive) - FID  11957926,FID11857613,***Redacted***,"05/15/2026, 11:18:48 AM UTC",lookup - Mobile,,
702aaa76-c954-4f1c-ad87-12d3d8f957fe,Enrique Hogan,Bibb County SO GA,731,"05/08/2026, 11:18:50 AM UTC
05/15/2026, 11:18:50 AM UTC",***Redacted***,Wanted Person (Arrest Warrant/Fugitive) - FID  11957926,FID11857613,***Redacted***,"05/15/2026, 11:18:51 AM UTC",lookup - Mobile,,
39d5e413-e65c-4889-b5a1-e6390b2a07bd,Enrique Hogan,Bibb County SO GA,731,"05/08/2026, 11:18:53 AM UTC
05/15/2026, 11:18:53 AM UTC",***Redacted***,Wanted Person (Arrest Warrant/Fugitive) - FID  11957926,FID11857613,***Redacted***,"05/15/2026, 11:18:53 AM UTC",lookup - Mobile,,
6cc3e925-c2a6-4e55-8d31-0330342be337,Enrique Hogan,Bibb County SO GA,731,"05/08/2026, 11:18:58 AM UTC
05/15/2026, 11:18:58 AM UTC",***Redacted***,Wanted Person (Arrest Warrant/Fugitive) - FID  11957926,FID11857613,***Redacted***,"05/15/2026, 11:19:00 AM UTC",lookup - Mobile,,
a1c23ce0-8f1d-4515-a650-faf104f72dee,Enrique Hogan,Bibb County SO GA,731,"05/08/2026, 11:19:02 AM UTC
05/15/2026, 11:19:02 AM UTC",***Redacted***,Wanted Person (Arrest Warrant/Fugitive) - FID  11957926,FID11857613,***Redacted***,"05/15/2026, 11:19:02 AM UTC",lookup - Mobile,,
ae03c81e-095b-4119-ad14-44f8183e0a51,Enrique Hogan,Bibb County SO GA,731,"05/08/2026, 11:19:05 AM UTC
05/15/2026, 11:19:05 AM UTC",***Redacted***,Wanted Person (Arrest Warrant/Fugitive) - FID  11957926,FID11857613,***Redacted***,"05/15/2026, 11:19:06 AM UTC",lookup - Mobile,,
dfb5d006-6d42-4339-a45f-bea028160c1c,Enrique Hogan,Bibb County SO GA,731,"05/08/2026, 11:19:08 AM UTC
05/15/2026, 11:19:08 AM UTC",***Redacted***,Wanted Person (Arrest Warrant/Fugitive) - FID  11957926,FID11857613,***Redacted***,"05/15/2026, 11:19:09 AM UTC",lookup - Mobile,,
a394e2a3-ee14-41a6-b51c-85ae3e7ef10c,Enrique Hogan,Bibb County SO GA,731,"05/08/2026, 11:19:13 AM UTC
05/15/2026, 11:19:13 AM UTC",***Redacted***,Wanted Person (Arrest Warrant/Fugitive) - FID  11957926,FID11857613,***Redacted***,"05/15/2026, 11:19:14 AM UTC",lookup - Mobile,,
2927c069-7282-427c-bbe3-5ceda9801cfc,Enrique Hogan,Bibb County SO GA,731,"05/08/2026, 11:19:20 AM UTC
05/15/2026, 11:19:20 AM UTC",***Redacted***,Wanted Person (Arrest Warrant/Fugitive) - FID  11957926,FID11857613,***Redacted***,"05/15/2026, 11:19:21 AM UTC",lookup - Mobile,,
f3cb76fc-a759-4756-abb1-1c368d873614,Enrique Hogan,Bibb County SO GA,731,"05/08/2026, 11:19:24 AM UTC
05/15/2026, 11:19:24 AM UTC",***Redacted***,Wanted Person (Arrest Warrant/Fugitive) - FID  11957926,FID11857613,***Redacted***,"05/15/2026, 11:19:25 AM UTC",lookup - Mobile,,
e72f96fa-df51-4a2e-bda4-0b3d6b1a64a3,Enrique Hogan,Bibb County SO GA,731,"05/08/2026, 11:19:31 AM UTC
05/15/2026, 11:19:31 AM UTC",***Redacted***,Wanted Person (Arrest Warrant/Fugitive) - FID  11957926,FID11857613,***Redacted***,"05/15/2026, 11:19:31 AM UTC",lookup - Mobile,,
a51e4e54-9d83-4065-afa1-d6fd17631633,Enrique Hogan,Bibb County SO GA,731,"05/08/2026, 11:19:38 AM UTC
05/15/2026, 11:19:38 AM UTC",***Redacted***,Wanted Person (Arrest Warrant/Fugitive) - FID  11957926,FID11857613,***Redacted***,"05/15/2026, 11:19:38 AM UTC",lookup - Mobile,,
73ca5bce-687a-487b-9397-dc09a131ec38,Enrique Hogan,Bibb County SO GA,731,"05/08/2026, 11:19:45 AM UTC
05/15/2026, 11:19:45 AM UTC",***Redacted***,Wanted Person (Arrest Warrant/Fugitive) - FID  11957926,FID11857613,***Redacted***,"05/15/2026, 11:19:46 AM UTC",lookup - Mobile,,
72716cf9-12dd-4f79-b174-a60bae61b0a5,Enrique Hogan,Bibb County SO GA,731,"05/08/2026, 11:19:51 AM UTC
05/15/2026, 11:19:51 AM UTC",***Redacted***,Wanted Person (Arrest Warrant/Fugitive) - FID  11957926,FID11857613,***Redacted***,"05/15/2026, 11:19:51 AM UTC",lookup - Mobile,,
ce39f732-6faa-4eb5-ab1f-1c405d8acaf8,Enrique Hogan,Bibb County SO GA,731,"05/08/2026, 11:19:54 AM UTC
05/15/2026, 11:19:54 AM UTC",***Redacted***,Wanted Person (Arrest Warrant/Fugitive) - FID  11957926,FID11857613,***Redacted***,"05/15/2026, 11:19:55 AM UTC",lookup - Mobile,,
7b3a6d2e-75e7-4607-96d7-5f67c9e0a713,Enrique Hogan,Bibb County SO GA,731,"05/08/2026, 11:20:00 AM UTC
05/15/2026, 11:20:00 AM UTC",***Redacted***,Wanted Person (Arrest Warrant/Fugitive) - FID  11957926,FID11857613,***Redacted***,"05/15/2026, 11:20:00 AM UTC",lookup - Mobile,,
c78e8cb5-2918-40a9-bef4-f20de54b5c68,Enrique Hogan,Bibb County SO GA,731,"05/08/2026, 11:20:07 AM UTC
05/15/2026, 11:20:07 AM UTC",***Redacted***,Wanted Person (Arrest Warrant/Fugitive) - FID  11957926,FID11857613,***Redacted***,"05/15/2026, 11:20:08 AM UTC",lookup - Mobile,,
5e96efed-d923-4543-8ce1-ffcf59f4b947,Enrique Hogan,Bibb County SO GA,731,"05/08/2026, 11:20:18 AM UTC
05/15/2026, 11:20:18 AM UTC",***Redacted***,Wanted Person (Arrest Warrant/Fugitive) - FID  11957926,FID11857613,***Redacted***,"05/15/2026, 11:20:19 AM UTC",lookup - Mobile,,
6f6258ec-c986-4425-8280-6e89e7c21cd7,Enrique Hogan,Bibb County SO GA,731,"05/08/2026, 11:20:24 AM UTC
05/15/2026, 11:20:24 AM UTC",***Redacted***,Wanted Person (Arrest Warrant/Fugitive) - FID  11957926,FID11857613,***Redacted***,"05/15/2026, 11:20:27 AM UTC",lookup - Mobile,,
221abdb5-8736-470f-82ae-82c525459ef7,Enrique Hogan,Bibb County SO GA,731,"05/08/2026, 11:20:35 AM UTC
05/15/2026, 11:20:35 AM UTC",***Redacted***,Wanted Person (Arrest Warrant/Fugitive) - FID  11957926,FID11857613,***Redacted***,"05/15/2026, 11:20:36 AM UTC",lookup - Mobile,,
0957275e-14b5-49cf-a74d-6af8600524ce,Enrique Hogan,Bibb County SO GA,731,"05/08/2026, 11:21:00 AM UTC
05/15/2026, 11:21:00 AM UTC",***Redacted***,Wanted Person (Arrest Warrant/Fugitive) - FID  11957926,FID11857613,***Redacted***,"05/15/2026, 11:21:00 AM UTC",lookup - Mobile,,
7fab45a8-6f9e-4839-9205-b4d70fbe8004,Enrique Hogan,Bibb County SO GA,731,"05/08/2026, 11:21:16 AM UTC
05/15/2026, 11:21:16 AM UTC",***Redacted***,Wanted Person (Arrest Warrant/Fugitive) - FID  11957926,FID11857613,***Redacted***,"05/15/2026, 11:21:17 AM UTC",lookup - Mobile,,
958c5f05-a054-4a7e-9a3f-fb0f5c13a632,Enrique Hogan,Bibb County SO GA,731,"05/08/2026, 11:21:20 AM UTC
05/15/2026, 11:21:20 AM UTC",***Redacted***,Wanted Person (Arrest Warrant/Fugitive) - FID  11957926,FID11857613,***Redacted***,"05/15/2026, 11:21:20 AM UTC",lookup - Mobile,,
f1942abf-de5b-4c12-98ed-928ae23fe3f8,Enrique Hogan,Bibb County SO GA,731,"05/08/2026, 11:21:23 AM UTC
05/15/2026, 11:21:23 AM UTC",***Redacted***,Wanted Person (Arrest Warrant/Fugitive) - FID  11957926,FID11857613,***Redacted***,"05/15/2026, 11:21:24 AM UTC",lookup - Mobile,,
a930b5d7-c731-425d-a983-53a7910b32e0,Enrique Hogan,Bibb County SO GA,731,"05/08/2026, 11:21:37 AM UTC
05/15/2026, 11:21:37 AM UTC",***Redacted***,Wanted Person (Arrest Warrant/Fugitive) - FID  11957926,FID11857613,***Redacted***,"05/15/2026, 11:21:38 AM UTC",lookup - Mobile,,
1d58b3da-fb29-4f93-8644-ab38a33d73f8,Enrique Hogan,Bibb County SO GA,731,"05/08/2026, 11:21:54 AM UTC
05/15/2026, 11:21:54 AM UTC",***Redacted***,Wanted Person (Arrest Warrant/Fugitive) - FID  11957926,FID11857613,***Redacted***,"05/15/2026, 11:21:57 AM UTC",lookup - Mobile,,
116280c8-869d-4777-afb2-6a6d369b6d44,Enrique Hogan,Bibb County SO GA,731,"05/08/2026, 11:22:01 AM UTC
05/15/2026, 11:22:01 AM UTC",***Redacted***,Wanted Person (Arrest Warrant/Fugitive) - FID  11957926,FID11857613,***Redacted***,"05/15/2026, 11:22:02 AM UTC",lookup - Mobile,,
9f1a61d7-7b36-4016-bb73-38c1cf2427c4,Enrique Hogan,Bibb County SO GA,731,"05/08/2026, 11:22:24 AM UTC
05/15/2026, 11:22:24 AM UTC",***Redacted***,Wanted Person (Arrest Warrant/Fugitive) - FID  11957926,FID11857613,***Redacted***,"05/15/2026, 11:22:26 AM UTC",lookup - Mobile,,
2dd662e5-a590-4485-88f4-792a3417bbd2,Enrique Hogan,Bibb County SO GA,731,"05/08/2026, 11:22:30 AM UTC
05/15/2026, 11:22:30 AM UTC",***Redacted***,Wanted Person (Arrest Warrant/Fugitive) - FID  11957926,FID11857613,***Redacted***,"05/15/2026, 11:22:30 AM UTC",lookup - Mobile,,
94f60f58-854b-4510-9e02-c804b4a25c1c,Enrique Hogan,Bibb County SO GA,731,"05/08/2026, 11:22:33 AM UTC
05/15/2026, 11:22:33 AM UTC",***Redacted***,Wanted Person (Arrest Warrant/Fugitive) - FID  11957926,FID11857613,***Redacted***,"05/15/2026, 11:22:33 AM UTC",lookup - Mobile,,
91e2a85b-8fda-43a6-9442-f7186bea620b,Enrique Hogan,Bibb County SO GA,731,"05/08/2026, 11:22:38 AM UTC
05/15/2026, 11:22:38 AM UTC",***Redacted***,Wanted Person (Arrest Warrant/Fugitive) - FID  11957926,FID11857613,***Redacted***,"05/15/2026, 11:22:39 AM UTC",lookup - Mobile,,
f9a863ee-8292-4cc0-b6cf-353d53940c0d,Enrique Hogan,Bibb County SO GA,731,"05/08/2026, 11:22:48 AM UTC
05/15/2026, 11:22:48 AM UTC",***Redacted***,Wanted Person (Arrest Warrant/Fugitive) - FID  11957926,FID11857613,***Redacted***,"05/15/2026, 11:22:49 AM UTC",lookup - Mobile,,
87b9d599-275c-4b4d-9489-0bf4048b28d1,Enrique Hogan,Bibb County SO GA,731,"05/08/2026, 11:22:58 AM UTC
05/15/2026, 11:22:58 AM UTC",***Redacted***,Wanted Person (Arrest Warrant/Fugitive) - FID  11957926,FID11857613,***Redacted***,"05/15/2026, 11:22:59 AM UTC",lookup - Mobile,,
c1def326-9acb-428b-ab1f-6e56a47ba719,Enrique Hogan,Bibb County SO GA,731,"05/08/2026, 11:23:08 AM UTC
05/15/2026, 11:23:08 AM UTC",***Redacted***,Wanted Person (Arrest Warrant/Fugitive) - FID  11957926,FID11857613,***Redacted***,"05/15/2026, 11:23:08 AM UTC",lookup - Mobile,,
3dcec6ea-d8d0-4a6f-bbbb-5ad5e103785d,Justin Edwards,Bibb County SO GA,731,"05/14/2026, 11:24:23 AM UTC
05/15/2026, 11:24:23 AM UTC",***Redacted***,Wanted Person (Arrest Warrant/Fugitive) - ,2024-67104,***Redacted***,"05/15/2026, 11:24:24 AM UTC",lookup - Mobile,,
d46c002d-e935-41c3-81e7-3731c61c0449,Enrique Hogan,Bibb County SO GA,731,"05/08/2026, 11:24:24 AM UTC
05/15/2026, 11:24:24 AM UTC",***Redacted***,Wanted Person (Arrest Warrant/Fugitive) - FID  11957926,FID11857613,***Redacted***,"05/15/2026, 11:24:27 AM UTC",lookup - Mobile,,
d1a20908-cf04-4558-b4a4-62e5b87251f3,Enrique Hogan,Bibb County SO GA,731,"05/08/2026, 11:25:04 AM UTC
05/15/2026, 11:25:04 AM UTC",***Redacted***,Wanted Person (Arrest Warrant/Fugitive) - FID  11957926,FID11857613,***Redacted***,"05/15/2026, 11:25:04 AM UTC",lookup - Mobile,,
e7f3d637-1b4e-4986-aa58-2598d906c4f7,Enrique Hogan,Bibb County SO GA,731,"05/08/2026, 11:25:59 AM UTC
05/15/2026, 11:25:59 AM UTC",***Redacted***,Wanted Person (Arrest Warrant/Fugitive) - FID  11957926,FID11857613,***Redacted***,"05/15/2026, 11:26:00 AM UTC",lookup - Mobile,,
03382054-e503-422d-8be3-736918c9dc91,Enrique Hogan,Bibb County SO GA,731,"05/08/2026, 11:27:25 AM UTC
05/15/2026, 11:27:25 AM UTC",***Redacted***,Wanted Person (Arrest Warrant/Fugitive) - FID  11957926,FID11857613,***Redacted***,"05/15/2026, 11:27:26 AM UTC",lookup - Mobile,,
0a13ba9c-a047-47c0-8a68-29497d34da67,Enrique Hogan,Bibb County SO GA,731,"05/08/2026, 11:27:29 AM UTC
05/15/2026, 11:27:29 AM UTC",***Redacted***,Wanted Person (Arrest Warrant/Fugitive) - FID  11957926,FID11857613,***Redacted***,"05/15/2026, 11:27:30 AM UTC",lookup - Mobile,,
f599b8d6-04d6-4e25-b167-203119f96898,Enrique Hogan,Bibb County SO GA,731,"05/08/2026, 11:27:35 AM UTC
05/15/2026, 11:27:35 AM UTC",***Redacted***,Wanted Person (Arrest Warrant/Fugitive) - FID  11957926,FID11857613,***Redacted***,"05/15/2026, 11:27:36 AM UTC",lookup - Mobile,,
0281828c-0776-493f-b012-a63cf0aacca7,Enrique Hogan,Bibb County SO GA,731,"05/08/2026, 11:27:53 AM UTC
05/15/2026, 11:27:53 AM UTC",***Redacted***,Wanted Person (Arrest Warrant/Fugitive) - FID  11957926,FID11857613,***Redacted***,"05/15/2026, 11:27:54 AM UTC",lookup - Mobile,,
79bb3926-ccb5-4c63-929a-e59776c8dae5,Enrique Hogan,Bibb County SO GA,731,"05/08/2026, 11:27:59 AM UTC
05/15/2026, 11:27:59 AM UTC",***Redacted***,Wanted Person (Arrest Warrant/Fugitive) - FID  11957926,FID11857613,***Redacted***,"05/15/2026, 11:27:59 AM UTC",lookup - Mobile,,
9f6a5429-a647-4315-8f0f-dfe391e3a57a,Enrique Hogan,Bibb County SO GA,731,"05/08/2026, 11:28:04 AM UTC
05/15/2026, 11:28:04 AM UTC",***Redacted***,Wanted Person (Arrest Warrant/Fugitive) - FID  11957926,FID11857613,***Redacted***,"05/15/2026, 11:28:05 AM UTC",lookup - Mobile,,
7e08cff0-e8bf-443a-ab1e-0ad616fa52a5,Enrique Hogan,Bibb County SO GA,731,"05/08/2026, 11:28:08 AM UTC
05/15/2026, 11:28:08 AM UTC",***Redacted***,Wanted Person (Arrest Warrant/Fugitive) - FID  11957926,FID11857613,***Redacted***,"05/15/2026, 11:28:08 AM UTC",lookup - Mobile,,
316bbd86-d107-4e2c-864e-e70ab4512ea3,Enrique Hogan,Bibb County SO GA,731,"05/08/2026, 11:28:14 AM UTC
05/15/2026, 11:28:14 AM UTC",***Redacted***,Wanted Person (Arrest Warrant/Fugitive) - FID  11957926,FID11857613,***Redacted***,"05/15/2026, 11:28:15 AM UTC",lookup - Mobile,,
748609a4-8d29-4c96-b9e1-44208199bdb4,Enrique Hogan,Bibb County SO GA,731,"05/08/2026, 11:28:21 AM UTC
05/15/2026, 11:28:21 AM UTC",***Redacted***,Wanted Person (Arrest Warrant/Fugitive) - FID  11957926,FID11857613,***Redacted***,"05/15/2026, 11:28:22 AM UTC",lookup - Mobile,,
56a21938-01a9-4533-a4e5-430c9e429303,Enrique Hogan,Bibb County SO GA,731,"05/08/2026, 11:28:32 AM UTC
05/15/2026, 11:28:32 AM UTC",***Redacted***,Wanted Person (Arrest Warrant/Fugitive) - FID  11957926,FID11857613,***Redacted***,"05/15/2026, 11:28:33 AM UTC",lookup - Mobile,,
adc16b44-0f0d-48c0-8575-73c4b3cbd71c,Enrique Hogan,Bibb County SO GA,731,"05/08/2026, 11:28:44 AM UTC
05/15/2026, 11:28:44 AM UTC",***Redacted***,Wanted Person (Arrest Warrant/Fugitive) - FID  11957926,FID11857613,***Redacted***,"05/15/2026, 11:28:45 AM UTC",lookup - Mobile,,
29e98e24-3599-4aac-8ee4-e390da11a49c,Enrique Hogan,Bibb County SO GA,731,"05/08/2026, 11:28:54 AM UTC
05/15/2026, 11:28:54 AM UTC",***Redacted***,Wanted Person (Arrest Warrant/Fugitive) - FID  11957926,FID11857613,***Redacted***,"05/15/2026, 11:28:56 AM UTC",lookup - Mobile,,
d1c11a4f-791f-4252-916d-63388e2a161b,Enrique Hogan,Bibb County SO GA,731,"05/08/2026, 11:29:31 AM UTC
05/15/2026, 11:29:31 AM UTC",***Redacted***,Wanted Person (Arrest Warrant/Fugitive) - FID  11957926,FID11857613,***Redacted***,"05/15/2026, 11:29:33 AM UTC",lookup - Mobile,,
b613de7b-10a6-4f64-80db-94816c328570,Enrique Hogan,Bibb County SO GA,731,"05/08/2026, 11:30:28 AM UTC
05/15/2026, 11:30:28 AM UTC",***Redacted***,Wanted Person (Arrest Warrant/Fugitive) - FID  11957926,FID11857613,***Redacted***,"05/15/2026, 11:30:29 AM UTC",lookup - Mobile,,
83618a68-e1dc-40f0-9457-78dfe1d3285f,Enrique Hogan,Bibb County SO GA,731,"05/08/2026, 11:30:33 AM UTC
05/15/2026, 11:30:33 AM UTC",***Redacted***,Wanted Person (Arrest Warrant/Fugitive) - FID  11957926,FID11857613,***Redacted***,"05/15/2026, 11:30:34 AM UTC",lookup - Mobile,,
9c85e6e8-5c85-4f63-874c-f706422eeab5,Enrique Hogan,Bibb County SO GA,731,"05/08/2026, 11:31:12 AM UTC
05/15/2026, 11:31:12 AM UTC",***Redacted***,Wanted Person (Arrest Warrant/Fugitive) - FID  11957926,FID11857613,***Redacted***,"05/15/2026, 11:31:13 AM UTC",lookup - Mobile,,
91166c5e-39ee-4eba-b731-e0978079804f,Enrique Hogan,Bibb County SO GA,731,"05/08/2026, 11:31:37 AM UTC
05/15/2026, 11:31:37 AM UTC",***Redacted***,Wanted Person (Arrest Warrant/Fugitive) - FID  11957926,FID11857613,***Redacted***,"05/15/2026, 11:31:38 AM UTC",lookup - Mobile,,
cb749671-ad68-48cf-9461-1b410a3dbf70,Enrique Hogan,Bibb County SO GA,731,"05/08/2026, 11:31:46 AM UTC
05/15/2026, 11:31:46 AM UTC",***Redacted***,Wanted Person (Arrest Warrant/Fugitive) - FID  11957926,FID11857613,***Redacted***,"05/15/2026, 11:31:50 AM UTC",lookup - Mobile,,
c432ace9-fabd-4451-923f-ad1a6198b4b4,Enrique Hogan,Bibb County SO GA,731,"05/08/2026, 11:32:15 AM UTC
05/15/2026, 11:32:15 AM UTC",***Redacted***,Wanted Person (Arrest Warrant/Fugitive) - FID  11957926,FID11857613,***Redacted***,"05/15/2026, 11:32:16 AM UTC",lookup - Mobile,,
350d2b8d-e5ce-4eb9-bb46-9246ec93cb10,Enrique Hogan,Bibb County SO GA,731,"05/08/2026, 11:32:38 AM UTC
05/15/2026, 11:32:38 AM UTC",***Redacted***,Wanted Person (Arrest Warrant/Fugitive) - FID  11957926,FID11857613,***Redacted***,"05/15/2026, 11:32:39 AM UTC",lookup - Mobile,,
7867c045-62cf-4f81-9be0-07ac731f51ec,Enrique Hogan,Bibb County SO GA,731,"05/08/2026, 11:32:49 AM UTC
05/15/2026, 11:32:49 AM UTC",***Redacted***,Wanted Person (Arrest Warrant/Fugitive) - FID  11957926,FID11857613,***Redacted***,"05/15/2026, 11:32:50 AM UTC",lookup - Mobile,,
d90c70e6-a6e1-4370-a375-761e7f15e206,Enrique Hogan,Bibb County SO GA,731,"05/08/2026, 11:33:08 AM UTC
05/15/2026, 11:33:08 AM UTC",***Redacted***,Wanted Person (Arrest Warrant/Fugitive) - FID  11957926,FID11857613,***Redacted***,"05/15/2026, 11:33:09 AM UTC",lookup - Mobile,,
37c148a2-54e5-403b-a366-6c015f07831b,Enrique Hogan,Bibb County SO GA,731,"05/08/2026, 11:33:11 AM UTC
05/15/2026, 11:33:11 AM UTC",***Redacted***,Wanted Person (Arrest Warrant/Fugitive) - FID  11957926,FID11857613,***Redacted***,"05/15/2026, 11:33:12 AM UTC",lookup - Mobile,,
78dadad1-670d-4a21-a959-acf24b2dd53e,Enrique Hogan,Bibb County SO GA,731,"05/08/2026, 11:33:14 AM UTC
05/15/2026, 11:33:14 AM UTC",***Redacted***,Wanted Person (Arrest Warrant/Fugitive) - FID  11957926,FID11857613,***Redacted***,"05/15/2026, 11:33:14 AM UTC",lookup - Mobile,,
8d8af124-cc60-4add-8af1-4ef0e30d34e8,Enrique Hogan,Bibb County SO GA,731,"05/08/2026, 11:33:18 AM UTC
05/15/2026, 11:33:18 AM UTC",***Redacted***,Wanted Person (Arrest Warrant/Fugitive) - FID  11957926,FID11857613,***Redacted***,"05/15/2026, 11:33:18 AM UTC",lookup - Mobile,,
3fbfbe52-bb2b-4d02-a5aa-9a49c13546f2,Enrique Hogan,Bibb County SO GA,731,"05/08/2026, 11:33:21 AM UTC
05/15/2026, 11:33:21 AM UTC",***Redacted***,Wanted Person (Arrest Warrant/Fugitive) - FID  11957926,FID11857613,***Redacted***,"05/15/2026, 11:33:22 AM UTC",lookup - Mobile,,
5fa081ce-6eb3-4068-a017-46ccb25e5540,Justin Edwards,Bibb County SO GA,731,"05/14/2026, 11:33:35 AM UTC
05/15/2026, 11:33:35 AM UTC",***Redacted***,Wanted Person (Arrest Warrant/Fugitive) - ,2024-67104,***Redacted***,"05/15/2026, 11:33:36 AM UTC",lookup - Mobile,,
191a3941-f4b6-46b4-ab57-444f1ede484b,Enrique Hogan,Bibb County SO GA,731,"05/08/2026, 11:33:39 AM UTC
05/15/2026, 11:33:39 AM UTC",***Redacted***,Wanted Person (Arrest Warrant/Fugitive) - FID  11957926,FID11857613,***Redacted***,"05/15/2026, 11:33:40 AM UTC",lookup - Mobile,,
5b119927-c402-44b1-949e-87825f5ef91a,Enrique Hogan,Bibb County SO GA,731,"05/08/2026, 11:33:56 AM UTC
05/15/2026, 11:33:56 AM UTC",***Redacted***,Wanted Person (Arrest Warrant/Fugitive) - FID  11957926,FID11857613,***Redacted***,"05/15/2026, 11:33:56 AM UTC",lookup - Mobile,,
bb929cc2-d48e-4949-b130-5eb226855420,Enrique Hogan,Bibb County SO GA,731,"05/08/2026, 11:34:04 AM UTC
05/15/2026, 11:34:04 AM UTC",***Redacted***,Wanted Person (Arrest Warrant/Fugitive) - FID  11957926,FID11857613,***Redacted***,"05/15/2026, 11:34:05 AM UTC",lookup - Mobile,,
6d4c3fc3-bf18-4e59-b277-335a7bd95900,Enrique Hogan,Bibb County SO GA,731,"05/08/2026, 11:34:29 AM UTC
05/15/2026, 11:34:29 AM UTC",***Redacted***,Wanted Person (Arrest Warrant/Fugitive) - FID  11957926,FID11857613,***Redacted***,"05/15/2026, 11:34:30 AM UTC",lookup - Mobile,,
8a1269d8-3a03-4b52-b9c2-f2b2eb083b0f,Enrique Hogan,Bibb County SO GA,731,"05/08/2026, 11:36:48 AM UTC
05/15/2026, 11:36:48 AM UTC",***Redacted***,Wanted Person (Arrest Warrant/Fugitive) - FID  11957926,FID11857613,***Redacted***,"05/15/2026, 11:36:49 AM UTC",lookup - Mobile,,
95a3e987-479c-45e5-a3aa-02655d8c2a2d,Enrique Hogan,Bibb County SO GA,731,"05/08/2026, 11:37:03 AM UTC
05/15/2026, 11:37:03 AM UTC",***Redacted***,Wanted Person (Arrest Warrant/Fugitive) - FID  11957926,FID11857613,***Redacted***,"05/15/2026, 11:37:06 AM UTC",lookup - Mobile,,
5aa2ae41-c30d-47e1-bf15-56e2d5513263,Enrique Hogan,Bibb County SO GA,731,"05/08/2026, 11:37:32 AM UTC
05/15/2026, 11:37:32 AM UTC",***Redacted***,Wanted Person (Arrest Warrant/Fugitive) - FID  11957926,FID11857613,***Redacted***,"05/15/2026, 11:37:33 AM UTC",lookup - Mobile,,
e49082a3-6742-4648-a241-82aac92b985c,Enrique Hogan,Bibb County SO GA,731,"05/08/2026, 11:37:42 AM UTC
05/15/2026, 11:37:42 AM UTC",***Redacted***,Wanted Person (Arrest Warrant/Fugitive) - FID  11957926,FID11857613,***Redacted***,"05/15/2026, 11:37:43 AM UTC",lookup - Mobile,,
f0fdd25e-c42f-4941-8bcd-f10e542e778e,Enrique Hogan,Bibb County SO GA,731,"05/08/2026, 11:37:47 AM UTC
05/15/2026, 11:37:47 AM UTC",***Redacted***,Wanted Person (Arrest Warrant/Fugitive) - FID  11957926,FID11857613,***Redacted***,"05/15/2026, 11:37:49 AM UTC",lookup - Mobile,,
0564edc2-134d-44c6-9233-2478cc0d081a,Enrique Hogan,Bibb County SO GA,731,"05/08/2026, 11:40:31 AM UTC
05/15/2026, 11:40:31 AM UTC",***Redacted***,Wanted Person (Arrest Warrant/Fugitive) - FID  11957926,FID11857613,***Redacted***,"05/15/2026, 11:40:34 AM UTC",lookup - Mobile,,
7979ed70-b15a-4c10-aff0-4e44a522df45,Enrique Hogan,Bibb County SO GA,731,"05/08/2026, 11:40:37 AM UTC
05/15/2026, 11:40:37 AM UTC",***Redacted***,Wanted Person (Arrest Warrant/Fugitive) - FID  11957926,FID11857613,***Redacted***,"05/15/2026, 11:40:38 AM UTC",lookup - Mobile,,
fbdf2ceb-4dd2-4f66-8a30-385ad9f5560b,Justin Edwards,Bibb County SO GA,731,"05/14/2026, 11:40:38 AM UTC
05/15/2026, 11:40:38 AM UTC",***Redacted***,Wanted Person (Arrest Warrant/Fugitive) - ,2024-67104,***Redacted***,"05/15/2026, 11:40:39 AM UTC",lookup - Mobile,,
12f845ac-a642-46c2-a2ed-8497d98a0c1a,Enrique Hogan,Bibb County SO GA,731,"05/08/2026, 11:40:49 AM UTC
05/15/2026, 11:40:49 AM UTC",***Redacted***,Wanted Person (Arrest Warrant/Fugitive) - FID  11957926,FID11857613,***Redacted***,"05/15/2026, 11:40:50 AM UTC",lookup - Mobile,,
406af430-1fa6-4fb1-b91d-9379e4c91f13,Enrique Hogan,Bibb County SO GA,731,"05/08/2026, 11:40:53 AM UTC
05/15/2026, 11:40:53 AM UTC",***Redacted***,Wanted Person (Arrest Warrant/Fugitive) - FID  11957926,FID11857613,***Redacted***,"05/15/2026, 11:40:54 AM UTC",lookup - Mobile,,
a1fac422-2f6b-4b6a-a69c-b1c62553a4c6,Enrique Hogan,Bibb County SO GA,731,"05/08/2026, 11:43:06 AM UTC
05/15/2026, 11:43:06 AM UTC",***Redacted***,Wanted Person (Arrest Warrant/Fugitive) - FID  11957926,FID11857613,***Redacted***,"05/15/2026, 11:43:07 AM UTC",lookup - Mobile,,
39cd14da-e177-40a8-ae98-ba97fecf1d40,Enrique Hogan,Bibb County SO GA,731,"05/08/2026, 11:43:23 AM UTC
05/15/2026, 11:43:23 AM UTC",***Redacted***,Wanted Person (Arrest Warrant/Fugitive) - FID  11957926,FID11857613,***Redacted***,"05/15/2026, 11:43:23 AM UTC",lookup - Mobile,,
74cec29b-c066-41ae-ab6e-ec66a63de5f7,Enrique Hogan,Bibb County SO GA,731,"05/08/2026, 11:44:00 AM UTC
05/15/2026, 11:44:00 AM UTC",***Redacted***,Wanted Person (Arrest Warrant/Fugitive) - FID  11957926,FID11857613,***Redacted***,"05/15/2026, 11:44:01 AM UTC",lookup - Mobile,,
8d645920-2278-4be0-849f-1114e2211779,Enrique Hogan,Bibb County SO GA,731,"05/08/2026, 11:44:03 AM UTC
05/15/2026, 11:44:03 AM UTC",***Redacted***,Wanted Person (Arrest Warrant/Fugitive) - FID  11957926,FID11857613,***Redacted***,"05/15/2026, 11:44:04 AM UTC",lookup - Mobile,,
1da43ed7-dd53-4819-9a12-43d6e747e11c,Enrique Hogan,Bibb County SO GA,731,"05/08/2026, 11:44:11 AM UTC
05/15/2026, 11:44:11 AM UTC",***Redacted***,Wanted Person (Arrest Warrant/Fugitive) - FID  11957926,FID11857613,***Redacted***,"05/15/2026, 11:44:12 AM UTC",lookup - Mobile,,
45331512-172f-4223-9e6a-ec7c72d62fd3,Enrique Hogan,Bibb County SO GA,731,"05/08/2026, 11:44:30 AM UTC
05/15/2026, 11:44:30 AM UTC",***Redacted***,Wanted Person (Arrest Warrant/Fugitive) - FID  11957926,FID11857613,***Redacted***,"05/15/2026, 11:44:31 AM UTC",lookup - Mobile,,
42a99dc7-66ba-49b3-af8d-4a1270d209f0,Enrique Hogan,Bibb County SO GA,731,"05/08/2026, 11:44:47 AM UTC
05/15/2026, 11:44:47 AM UTC",***Redacted***,Wanted Person (Arrest Warrant/Fugitive) - FID  11957926,FID11857613,***Redacted***,"05/15/2026, 11:44:48 AM UTC",lookup - Mobile,,
418468ab-b6d2-4d42-89d4-da8426a6ce20,Enrique Hogan,Bibb County SO GA,731,"05/08/2026, 11:44:52 AM UTC
05/15/2026, 11:44:52 AM UTC",***Redacted***,Wanted Person (Arrest Warrant/Fugitive) - FID  11957926,FID11857613,***Redacted***,"05/15/2026, 11:44:53 AM UTC",lookup - Mobile,,
031e735e-115c-42af-aa22-ee4d61851939,Enrique Hogan,Bibb County SO GA,731,"05/08/2026, 11:45:00 AM UTC
05/15/2026, 11:45:00 AM UTC",***Redacted***,Wanted Person (Arrest Warrant/Fugitive) - FID  11957926,FID11857613,***Redacted***,"05/15/2026, 11:45:00 AM UTC",lookup - Mobile,,
c9b13400-3f40-4b24-a301-87e1345bfe73,Enrique Hogan,Bibb County SO GA,731,"05/08/2026, 11:45:09 AM UTC
05/15/2026, 11:45:09 AM UTC",***Redacted***,Wanted Person (Arrest Warrant/Fugitive) - FID  11957926,FID11857613,***Redacted***,"05/15/2026, 11:45:10 AM UTC",lookup - Mobile,,
d51b62a6-6210-4acf-983d-f4a782a2fecd,Enrique Hogan,Bibb County SO GA,731,"05/08/2026, 11:45:12 AM UTC
05/15/2026, 11:45:12 AM UTC",***Redacted***,Wanted Person (Arrest Warrant/Fugitive) - FID  11957926,FID11857613,***Redacted***,"05/15/2026, 11:45:13 AM UTC",lookup - Mobile,,
54815f28-a6d2-448f-8de1-757bffed62e8,Enrique Hogan,Bibb County SO GA,731,"05/08/2026, 11:45:17 AM UTC
05/15/2026, 11:45:17 AM UTC",***Redacted***,Wanted Person (Arrest Warrant/Fugitive) - FID  11957926,FID11857613,***Redacted***,"05/15/2026, 11:45:17 AM UTC",lookup - Mobile,,
b4c54c10-48b5-481b-9ad9-ec91bea4c6c1,Dennis Terry,Bibb County SO GA,3,"05/14/2026, 12:33:47 PM UTC
05/15/2026, 12:33:47 PM UTC",***Redacted***,Larceny/Theft Offenses - ,2026-40697,***Redacted***,"05/15/2026, 12:33:48 PM UTC",search - Mobile,,
40d5b5fd-f102-4cb4-b12a-b08818313a70,Enrique Hogan,Bibb County SO GA,3,"04/29/2026, 11:57:31 AM UTC
05/13/2026, 11:57:31 AM UTC",***Redacted***,Wanted Person (Arrest Warrant/Fugitive) - FID  11957926,FID 11957926,***Redacted***,"05/13/2026, 11:57:33 AM UTC",lookup - Mobile,,
e7c1ebaa-2f97-4c8b-928a-5ac2966e5e62,Thomas Crites,Bibb County SO GA,1422,"04/29/2026, 12:03:32 PM UTC
05/13/2026, 12:03:32 PM UTC",***Redacted***,Robbery - ,2026-39667,***Redacted***,"05/13/2026, 12:03:36 PM UTC",lookup - Mobile,,
d4f4296d-98d6-459f-833c-a834ee31f58d,Alexis Robinson,Bibb County SO GA,3,"05/13/2026, 11:30:26 AM UTC
05/13/2026, 01:30:26 PM UTC",***Redacted***,Hit and Run/Car Accident - ,2026-40732,***Redacted***,"05/13/2026, 02:35:44 PM UTC",lookup,,
dd62a012-2bc3-4b08-998e-6939cd7fdf3e,Alexis Robinson,Bibb County SO GA,1,"05/15/2026, 07:30:00 PM UTC
05/15/2026, 07:35:00 PM UTC",***Redacted***,Weapons Offense (Guns/Shots Fired) - ,CFS: 438,***Redacted***,"05/15/2026, 08:33:22 PM UTC",search,,
8fe96650-9e93-4acd-a964-e408907d2a44,Alexis Robinson,Bibb County SO GA,1,"05/15/2026, 07:30:00 PM UTC
05/15/2026, 07:35:00 PM UTC",***Redacted***,Weapons Offense (Guns/Shots Fired) - ,CFS: 438,***Redacted***,"05/15/2026, 08:33:46 PM UTC",search,,
55409da7-87b9-4cdd-9a9d-4b0d350797fa,Alexis Robinson,Bibb County SO GA,1,"05/15/2026, 07:30:00 PM UTC
05/15/2026, 07:50:00 PM UTC",***Redacted***,Weapons Offense (Guns/Shots Fired) - ,CFS: 438,***Redacted***,"05/15/2026, 08:37:19 PM UTC",search,,
4e3ca49a-6a8d-409a-a51d-f6bea6ff0a5d,Alexis Robinson,Bibb County SO GA,3,"05/15/2026, 07:30:00 PM UTC
05/15/2026, 07:50:00 PM UTC",***Redacted***,Weapons Offense (Guns/Shots Fired) - ,CFS: 438,***Redacted***,"05/15/2026, 08:42:30 PM UTC",lookup,,
ca49bcb5-c6ea-42dc-8b8e-e0dd32e113d2,Alexis Robinson,Bibb County SO GA,3,"05/15/2026, 07:30:00 PM UTC
05/15/2026, 07:50:00 PM UTC",***Redacted***,Weapons Offense (Guns/Shots Fired) - ,CFS: 438,***Redacted***,"05/15/2026, 08:42:43 PM UTC",lookup,,
ce491f18-cf93-4cec-af07-2b8c4fdc11f2,Alexis Robinson,Bibb County SO GA,3,"05/15/2026, 07:00:00 PM UTC
05/15/2026, 07:50:00 PM UTC",***Redacted***,Weapons Offense (Guns/Shots Fired) - ,CFS: 438,***Redacted***,"05/15/2026, 08:43:04 PM UTC",lookup,,
5a3c18eb-f482-4100-9669-ba366179bf74,Alexis Robinson,Bibb County SO GA,3,"05/15/2026, 07:00:00 PM UTC
05/15/2026, 07:50:00 PM UTC",***Redacted***,Weapons Offense (Guns/Shots Fired) - ,CFS: 438,***Redacted***,"05/15/2026, 08:44:28 PM UTC",lookup,,
f9f255d1-5a17-4db7-9a85-00b25e436d04,George Witherspoon,Bibb County SO GA,1358,"05/15/2026, 11:32:57 PM UTC
05/16/2026, 05:32:57 AM UTC",***Redacted***,Larceny/Theft Offenses - ,2026-42404,***Redacted***,"05/16/2026, 05:32:58 AM UTC",lookup - Mobile,,
eaf8e0d3-f1f3-40e0-88af-f9c55d9da5c4,George Witherspoon,Bibb County SO GA,1355,"05/15/2026, 11:34:00 PM UTC
05/16/2026, 05:34:00 AM UTC",***Redacted***,Larceny/Theft Offenses - ,2026-42404,***Redacted***,"05/16/2026, 05:34:01 AM UTC",lookup - Mobile,,
f3c59129-3380-4fb7-a4b8-8a9512fb871d,George Witherspoon,Bibb County SO GA,3,"05/15/2026, 05:34:11 AM UTC
05/16/2026, 05:34:11 AM UTC",***Redacted***,Larceny/Theft Offenses - ,2026-42404,***Redacted***,"05/16/2026, 05:34:11 AM UTC",lookup - Mobile,,
0a0775a8-dcd2-4077-a381-a85519995fa7,George Witherspoon,Bibb County SO GA,3,"05/15/2026, 05:34:15 AM UTC
05/16/2026, 05:34:15 AM UTC",***Redacted***,Larceny/Theft Offenses - ,2026-42404,***Redacted***,"05/16/2026, 05:34:16 AM UTC",lookup - Mobile,,
fbbc1d06-b60a-4c94-aa33-5985a0938d40,George Witherspoon,Bibb County SO GA,849,"05/15/2026, 05:47:37 AM UTC
05/16/2026, 05:47:37 AM UTC",***Redacted***,Larceny/Theft Offenses - ,2026-42404,***Redacted***,"05/16/2026, 05:47:40 AM UTC",lookup - Mobile,,
753677b2-4543-421b-843c-4c31090ca45c,George Witherspoon,Bibb County SO GA,1,"05/15/2026, 05:49:19 AM UTC
05/16/2026, 05:49:19 AM UTC",***Redacted***,Larceny/Theft Offenses - ,2026-42404,***Redacted***,"05/16/2026, 05:49:19 AM UTC",lookup - Mobile,,
e09ea35d-2092-491a-9b7c-ca9b6072285d,George Witherspoon,Bibb County SO GA,1,"05/09/2026, 05:49:21 AM UTC
05/16/2026, 05:49:21 AM UTC",***Redacted***,Larceny/Theft Offenses - ,2026-42404,***Redacted***,"05/16/2026, 05:49:21 AM UTC",lookup - Mobile,,
1528c886-f42c-4b97-89ed-95ebd84838de,George Witherspoon,Bibb County SO GA,1,"05/02/2026, 05:49:23 AM UTC
05/16/2026, 05:49:23 AM UTC",***Redacted***,Larceny/Theft Offenses - ,2026-42404,***Redacted***,"05/16/2026, 05:49:24 AM UTC",lookup - Mobile,,
362bb9e8-13eb-4704-a1f0-d52a1f897eb2,George Witherspoon,Bibb County SO GA,1,"04/16/2026, 05:49:25 AM UTC
05/16/2026, 05:49:25 AM UTC",***Redacted***,Larceny/Theft Offenses - ,2026-42404,***Redacted***,"05/16/2026, 05:49:25 AM UTC",lookup - Mobile,,
20f53edf-2146-4303-815c-5efda47a8523,George Witherspoon,Bibb County SO GA,3,"04/16/2026, 05:49:27 AM UTC
05/16/2026, 05:49:27 AM UTC",***Redacted***,Larceny/Theft Offenses - ,2026-42404,***Redacted***,"05/16/2026, 05:49:28 AM UTC",lookup - Mobile,,
48493bc2-816b-43e6-b47e-d83f4c3b37fe,Adam Grant,Bibb County SO GA,1358,"04/17/2026, 01:53:03 PM UTC
05/17/2026, 01:53:03 PM UTC",***Redacted***,Larceny/Theft Offenses - ,2026-1296,***Redacted***,"05/17/2026, 01:53:05 PM UTC",lookup - Mobile,,
323ba131-257f-4fa5-8260-58ce635e78f7,Min Ha,Bibb County SO GA,11,"05/17/2026, 12:30:27 PM UTC
05/17/2026, 02:30:27 PM UTC",***Redacted***,Motor Vehicle Theft/Stolen - ,2026-42704,***Redacted***,"05/17/2026, 02:27:54 PM UTC",lookup,,
4134b682-8023-46a2-ab0b-e9960c395a67,Min Ha,Bibb County SO GA,11,"05/16/2026, 02:30:00 PM UTC
05/17/2026, 02:30:00 PM UTC",***Redacted***,Motor Vehicle Theft/Stolen - ,2026-42704,***Redacted***,"05/17/2026, 02:28:03 PM UTC",lookup,,
7b099f55-b597-4c03-88d9-c80e705bcc67,George Witherspoon,Bibb County SO GA,3,"05/16/2026, 02:31:04 PM UTC
05/17/2026, 02:31:04 PM UTC",***Redacted***,Motor Vehicle Theft/Stolen - ,2026-42704,***Redacted***,"05/17/2026, 02:31:06 PM UTC",search - Mobile,,
02714535-88d6-4f87-931d-58d4da2d09f8,George Witherspoon,Bibb County SO GA,3,"05/16/2026, 02:36:37 PM UTC
05/17/2026, 02:36:37 PM UTC",***Redacted***,Motor Vehicle Theft/Stolen - ,2026-42704,***Redacted***,"05/17/2026, 02:36:38 PM UTC",lookup - Mobile,,
45c4ce96-6a0d-4cce-aff5-5a159357842a,Alex Fletcher,Bibb County SO GA,1358,"05/17/2026, 08:22:04 PM UTC
05/18/2026, 02:22:04 AM UTC",***Redacted***,Drugs/Narcotics - ,2026-999999 GDC prison drop,***Redacted***,"05/18/2026, 02:22:04 AM UTC",lookup - Mobile,,
ba2bbced-4e14-4943-b536-e6d5c49e26a0,Adam Grant,Bibb County SO GA,3,"04/18/2026, 02:34:35 AM UTC
05/18/2026, 02:34:35 AM UTC",***Redacted***,Larceny/Theft Offenses - ,2026-1296,***Redacted***,"05/18/2026, 02:34:36 AM UTC",lookup - Mobile,,
9665c33d-6ed8-4f53-8846-9dcc8b15e04b,Alex Fletcher,Bibb County SO GA,1425,"05/18/2026, 01:00:44 AM UTC
05/18/2026, 03:00:44 AM UTC",***Redacted***,Larceny/Theft Offenses - ,2026-42853,***Redacted***,"05/18/2026, 02:48:21 AM UTC",lookup,,
c90e6839-4fa1-41a3-85fb-a645824185ad,Alex Fletcher,Bibb County SO GA,1425,"05/18/2026, 01:00:44 AM UTC
05/18/2026, 03:00:44 AM UTC",***Redacted***,Larceny/Theft Offenses - ,2026-42853,***Redacted***,"05/18/2026, 02:49:24 AM UTC",lookup,,
5b89d579-fb0f-4a21-b72b-854e4d19f4ed,Alex Fletcher,Bibb County SO GA,1425,"05/18/2026, 01:00:44 AM UTC
05/18/2026, 03:00:44 AM UTC",***Redacted***,Larceny/Theft Offenses - ,2026-42853,***Redacted***,"05/18/2026, 02:52:05 AM UTC",lookup,,
59c47826-eac1-4ae3-abe7-25d9c641d2b5,Alex Fletcher,Bibb County SO GA,1425,"05/18/2026, 01:00:44 AM UTC
05/18/2026, 03:00:44 AM UTC",***Redacted***,Larceny/Theft Offenses - ,2026-42853,***Redacted***,"05/18/2026, 02:55:22 AM UTC",lookup,,
517dfd5f-bbc2-4246-b1e4-e41328bbdcb4,Alex Fletcher,Bibb County SO GA,1425,"05/17/2026, 03:00:24 AM UTC
05/18/2026, 03:00:24 AM UTC",***Redacted***,Larceny/Theft Offenses - ,2026-42853,***Redacted***,"05/18/2026, 02:55:26 AM UTC",lookup,,
18b693e9-0f02-4c5e-ab33-c8c05c66e309,Alex Fletcher,Bibb County SO GA,1425,"05/18/2026, 01:30:37 AM UTC
05/18/2026, 03:30:37 AM UTC",***Redacted***,Larceny/Theft Offenses - ,2026-42853,***Redacted***,"05/18/2026, 03:02:39 AM UTC",lookup,,
deadd884-f52a-41ef-878c-d75c8f42c24a,Alex Fletcher,Bibb County SO GA,1425,"05/18/2026, 01:30:37 AM UTC
05/18/2026, 03:30:37 AM UTC",***Redacted***,Larceny/Theft Offenses - ,2026-42853,***Redacted***,"05/18/2026, 03:07:10 AM UTC",lookup,,
5fb8cbfc-8c6f-4ab1-bf7c-e62bbdb84d2d,Alex Fletcher,Bibb County SO GA,1425,"05/16/2026, 03:30:02 AM UTC
05/18/2026, 03:30:02 AM UTC",***Redacted***,Larceny/Theft Offenses - ,2026-42853,***Redacted***,"05/18/2026, 03:08:04 AM UTC",lookup,,
22c4b28e-0960-4453-82e3-1d8f0cc6bd1e,Alex Fletcher,Bibb County SO GA,1425,"05/18/2026, 01:30:10 AM UTC
05/18/2026, 03:30:10 AM UTC",***Redacted***,Larceny/Theft Offenses - ,2026-42853,***Redacted***,"05/18/2026, 03:08:12 AM UTC",lookup,,
bb652fe3-4600-43a2-947d-3d04bc438183,Alex Fletcher,Bibb County SO GA,1425,"05/18/2026, 01:30:10 AM UTC
05/18/2026, 03:30:10 AM UTC",***Redacted***,Larceny/Theft Offenses - ,2026-42853,***Redacted***,"05/18/2026, 03:11:19 AM UTC",lookup,,
3358cbeb-fe77-47aa-bed4-b5fc5582494c,Alex Fletcher,Bibb County SO GA,1425,"05/18/2026, 01:30:10 AM UTC
05/18/2026, 03:30:10 AM UTC",***Redacted***,Larceny/Theft Offenses - ,2026-42853,***Redacted***,"05/18/2026, 03:14:32 AM UTC",lookup,,
6df2c832-4d57-4ed9-a122-ae83cb8dda78,Alex Fletcher,Bibb County SO GA,1425,"05/18/2026, 01:30:10 AM UTC
05/18/2026, 03:30:10 AM UTC",***Redacted***,Larceny/Theft Offenses - ,2026-42853,***Redacted***,"05/18/2026, 03:19:58 AM UTC",lookup,,
68ad6dd8-1576-404f-acbb-e8e6d8d143b9,Alex Fletcher,Bibb County SO GA,1425,"05/17/2026, 03:30:51 AM UTC
05/18/2026, 03:30:51 AM UTC",***Redacted***,Larceny/Theft Offenses - ,2026-42853,***Redacted***,"05/18/2026, 03:25:53 AM UTC",lookup,,
bf948cb6-e572-4a64-b1a8-b63c8177bf53,Alex Fletcher,Bibb County SO GA,1425,"05/17/2026, 03:30:51 AM UTC
05/18/2026, 03:30:51 AM UTC",***Redacted***,Larceny/Theft Offenses - ,2026-42853,***Redacted***,"05/18/2026, 03:29:11 AM UTC",lookup,,
11a706a8-78a8-4e3c-95d3-f263471ed432,Alexis Robinson,Bibb County SO GA,1,"05/18/2026, 11:20:00 AM UTC
05/18/2026, 11:25:00 AM UTC",***Redacted***,Weapons Offense (Guns/Shots Fired) - ,2026-42593,***Redacted***,"05/18/2026, 03:08:41 PM UTC",search,,
19eebfc6-e415-4cec-862e-db31e89c3345,Alexis Robinson,Bibb County SO GA,3,"05/18/2026, 11:20:00 AM UTC
05/18/2026, 11:25:00 AM UTC",***Redacted***,Weapons Offense (Guns/Shots Fired) - ,2026-42593,***Redacted***,"05/18/2026, 03:11:38 PM UTC",search,,
d0c2e253-aab0-40b1-8bf0-a4d886f2d621,Alexis Robinson,Bibb County SO GA,1,"05/18/2026, 11:20:00 AM UTC
05/18/2026, 11:30:00 AM UTC",***Redacted***,Weapons Offense (Guns/Shots Fired) - ,2026-42593,***Redacted***,"05/18/2026, 03:13:04 PM UTC",search,,
a21c610a-7e7c-45fc-8836-d287977f3277,Alexis Robinson,Bibb County SO GA,1,"05/18/2026, 11:15:00 AM UTC
05/18/2026, 11:20:00 AM UTC",***Redacted***,Weapons Offense (Guns/Shots Fired) - ,2026-42593,***Redacted***,"05/18/2026, 03:16:40 PM UTC",search,,
6af3415f-e2f6-43b5-bd21-03460c04a394,Charlee Gibson,Bibb County SO GA,1,"05/17/2026, 11:10:30 PM UTC
05/17/2026, 11:10:36 PM UTC",***Redacted***,Weapons Offense (Guns/Shots Fired) - ,2026-42958,***Redacted***,"05/18/2026, 03:17:23 PM UTC",search,,
1c8dba7f-4238-490b-b837-f6f17f8e2c18,Charlee Gibson,Bibb County SO GA,3,"05/17/2026, 11:10:30 PM UTC
05/17/2026, 11:10:36 PM UTC",***Redacted***,Weapons Offense (Guns/Shots Fired) - ,2026-42958,***Redacted***,"05/18/2026, 03:17:53 PM UTC",visual,,
e3e72568-5a1c-4c50-acf4-95eed9475bd1,Alexis Robinson,Bibb County SO GA,1,"05/18/2026, 10:00:00 AM UTC
05/18/2026, 03:30:00 PM UTC",***Redacted***,Weapons Offense (Guns/Shots Fired) - ,2026-42593,***Redacted***,"05/18/2026, 03:17:57 PM UTC",search,,
31838b74-cc33-4bce-9175-e6304701d8c5,Charlee Gibson,Bibb County SO GA,3,"05/17/2026, 11:10:30 PM UTC
05/17/2026, 11:10:36 PM UTC",***Redacted***,Weapons Offense (Guns/Shots Fired) - ,2026-42958,***Redacted***,"05/18/2026, 03:18:04 PM UTC",visual,,
81ef36e2-6314-4437-9ada-ace8a735ef3e,Charlee Gibson,Bibb County SO GA,1,"05/17/2026, 11:10:30 PM UTC
05/17/2026, 11:10:36 PM UTC",***Redacted***,Weapons Offense (Guns/Shots Fired) - ,2026-42958,***Redacted***,"05/18/2026, 03:18:23 PM UTC",search,,
5a0a5e8d-eda6-4129-8d81-f61e32a4d5eb,Alexis Robinson,Bibb County SO GA,1,"05/18/2026, 10:00:00 AM UTC
05/18/2026, 03:30:00 PM UTC",***Redacted***,Weapons Offense (Guns/Shots Fired) - ,2026-42593,***Redacted***,"05/18/2026, 03:18:42 PM UTC",search,,
04673339-3521-4d3f-b930-aaba4aa58dd7,Alexis Robinson,Bibb County SO GA,3,"05/17/2026, 11:05:00 PM UTC
05/17/2026, 11:15:00 PM UTC",***Redacted***,Weapons Offense (Guns/Shots Fired) - ,2026-42593,***Redacted***,"05/18/2026, 03:32:03 PM UTC",search,,
9307c4f7-3999-4722-9736-680f5c09e788,Alexis Robinson,Bibb County SO GA,3,"05/17/2026, 11:09:00 PM UTC
05/17/2026, 11:12:00 PM UTC",***Redacted***,Weapons Offense (Guns/Shots Fired) - ,2026-42593,***Redacted***,"05/18/2026, 03:32:23 PM UTC",search,,
327492a3-713e-4618-a528-09d0064b8977,Alexis Robinson,Bibb County SO GA,1,"05/17/2026, 11:09:00 PM UTC
05/17/2026, 11:12:00 PM UTC",***Redacted***,Weapons Offense (Guns/Shots Fired) - ,2026-42593,***Redacted***,"05/18/2026, 03:33:17 PM UTC",search,,
f76906d6-20c0-44ba-9178-1d4e7bd43d21,Alexis Robinson,Bibb County SO GA,1,"05/17/2026, 11:09:00 PM UTC
05/17/2026, 11:12:00 PM UTC",***Redacted***,Weapons Offense (Guns/Shots Fired) - ,2026-42593,***Redacted***,"05/18/2026, 03:33:30 PM UTC",search,,
cdc648f9-29d6-48e6-a5eb-ba19bfb9fbe4,Alexis Robinson,Bibb County SO GA,3,"05/17/2026, 11:09:00 PM UTC
05/17/2026, 11:12:00 PM UTC",***Redacted***,Weapons Offense (Guns/Shots Fired) - ,2026-42593,***Redacted***,"05/18/2026, 03:35:09 PM UTC",visual,,
a2b1193c-e5c8-42d6-93c7-7e84c2b26823,Alexis Robinson,Bibb County SO GA,3,"05/17/2026, 04:00:25 PM UTC
05/18/2026, 04:00:25 PM UTC",***Redacted***,Weapons Offense (Guns/Shots Fired) - ,2026-42593,***Redacted***,"05/18/2026, 03:35:52 PM UTC",visual,,
d2a280c7-64d4-420a-9669-7cfc59fbbf6a,Justin Edwards,Bibb County SO GA,3,"05/11/2026, 09:38:37 PM UTC
05/18/2026, 09:38:37 PM UTC",***Redacted***,Wanted Person (Arrest Warrant/Fugitive) - ,2024-67104,***Redacted***,"05/18/2026, 09:38:38 PM UTC",lookup - Mobile,,
918f95f7-8e95-4321-bc8b-d2842e50179d,Justin Edwards,Bibb County SO GA,3,"05/11/2026, 09:38:52 PM UTC
05/18/2026, 09:38:52 PM UTC",***Redacted***,Wanted Person (Arrest Warrant/Fugitive) - ,2024-67104,***Redacted***,"05/18/2026, 09:38:53 PM UTC",lookup - Mobile,,
db6b6767-336c-4676-981c-3d61fa05342a,Adam Grant,Bibb County SO GA,1358,"04/17/2026, 05:58:11 AM UTC
05/17/2026, 05:58:11 AM UTC",***Redacted***,Larceny/Theft Offenses - ,2026-1296,***Redacted***,"05/17/2026, 05:58:12 AM UTC",lookup - Mobile,,
e8d8dcab-7315-463b-ad3f-f725d2b6aa1f,Adam Grant,Bibb County SO GA,1358,"04/17/2026, 06:05:20 AM UTC
05/17/2026, 06:05:20 AM UTC",***Redacted***,Larceny/Theft Offenses - ,2026-1296,***Redacted***,"05/17/2026, 06:05:22 AM UTC",lookup - Mobile,,
138ce279-ebc4-4b8d-9552-7d46c32f62de,Adam Grant,Bibb County SO GA,1358,"05/10/2026, 06:05:41 AM UTC
05/17/2026, 06:05:41 AM UTC",***Redacted***,Larceny/Theft Offenses - ,2026-1296,***Redacted***,"05/17/2026, 06:05:42 AM UTC",lookup - Mobile,,
12192b60-2313-4faa-ae4c-1e40a357995c,Adam Grant,Bibb County SO GA,1358,"05/10/2026, 06:08:06 AM UTC
05/17/2026, 06:08:06 AM UTC",***Redacted***,Larceny/Theft Offenses - ,2026-1296,***Redacted***,"05/17/2026, 06:08:08 AM UTC",lookup - Mobile,,
44726240-c987-4ded-b536-8cee1e0b8ea6,Adam Grant,Bibb County SO GA,1358,"04/17/2026, 06:08:36 AM UTC
05/17/2026, 06:08:36 AM UTC",***Redacted***,Larceny/Theft Offenses - ,2026-1296,***Redacted***,"05/17/2026, 06:08:37 AM UTC",lookup - Mobile,,
42eb3b68-25d6-4791-9afb-baef5c162be0,Adam Grant,Bibb County SO GA,1358,"05/10/2026, 06:15:33 AM UTC
05/17/2026, 06:15:33 AM UTC",***Redacted***,Larceny/Theft Offenses - ,2026-1296,***Redacted***,"05/17/2026, 06:15:34 AM UTC",lookup - Mobile,,
8c85c766-b674-44b7-8752-aceabe828633,Adam Grant,Bibb County SO GA,3,"05/16/2026, 06:16:16 AM UTC
05/17/2026, 06:16:16 AM UTC",***Redacted***,Larceny/Theft Offenses - ,2026-1296,***Redacted***,"05/17/2026, 06:16:17 AM UTC",lookup - Mobile,,
4d4fc802-a4ca-4bd8-92c1-041eda7e6385,Adam Grant,Bibb County SO GA,1358,"04/17/2026, 06:18:58 AM UTC
05/17/2026, 06:18:58 AM UTC",***Redacted***,Larceny/Theft Offenses - ,2026-1296,***Redacted***,"05/17/2026, 06:18:59 AM UTC",lookup - Mobile,,
53987881-739b-4393-8011-1d728b5adfbb,Adam Grant,Bibb County SO GA,1358,"04/17/2026, 06:58:34 AM UTC
05/17/2026, 06:58:34 AM UTC",***Redacted***,Larceny/Theft Offenses - ,2026-1296,***Redacted***,"05/17/2026, 06:58:35 AM UTC",lookup - Mobile,,
4c69183f-3422-407f-9c15-9fc50bbe8e5f,Adam Grant,Bibb County SO GA,1358,"04/18/2026, 12:09:55 PM UTC
05/18/2026, 12:09:55 PM UTC",***Redacted***,Larceny/Theft Offenses - ,2026-1296,***Redacted***,"05/18/2026, 12:09:57 PM UTC",lookup - Mobile,,
f0fd677d-2986-4d16-8deb-407a287aba32,Alexis Robinson,Bibb County SO GA,11,"05/18/2026, 11:00:00 AM UTC
05/18/2026, 12:00:00 PM UTC",***Redacted***,Weapons Offense (Guns/Shots Fired) - ,2026-42953,***Redacted***,"05/18/2026, 02:35:57 PM UTC",visual,,
53a2692d-0eeb-4c53-80fc-f8d045cc0adf,Alexis Robinson,Bibb County SO GA,3,"05/18/2026, 11:00:00 AM UTC
05/18/2026, 12:00:00 PM UTC",***Redacted***,Weapons Offense (Guns/Shots Fired) - ,2026-42953,***Redacted***,"05/18/2026, 02:36:24 PM UTC",visual,,
7072e12e-e352-4c60-816c-c5aca82b09e9,Alexis Robinson,Bibb County SO GA,1425,"05/18/2026, 10:00:00 AM UTC
05/18/2026, 01:00:00 PM UTC",***Redacted***,Weapons Offense (Guns/Shots Fired) - ,2026-42953,***Redacted***,"05/18/2026, 02:40:00 PM UTC",search,,
23475420-edb3-42ca-834e-03e93aebc590,Alexis Robinson,Bibb County SO GA,1425,"05/18/2026, 10:00:00 AM UTC
05/18/2026, 01:00:00 PM UTC",***Redacted***,Weapons Offense (Guns/Shots Fired) - ,2026-42953,***Redacted***,"05/18/2026, 02:40:14 PM UTC",search,,
735cc5ab-d94c-4e60-8bad-793a84d7c590,Alexis Robinson,Bibb County SO GA,1425,"05/18/2026, 10:00:00 AM UTC
05/18/2026, 01:00:00 PM UTC",***Redacted***,Weapons Offense (Guns/Shots Fired) - ,2026-42953,***Redacted***,"05/18/2026, 02:40:22 PM UTC",search,,
8b1a3049-c740-4aad-8cb3-f8bdb4a87d7d,Charlee Gibson,Bibb County SO GA,3,"05/17/2026, 03:00:27 PM UTC
05/18/2026, 03:00:27 PM UTC",***Redacted***,Weapons Offense (Guns/Shots Fired) - ,2026-42958,***Redacted***,"05/18/2026, 02:41:37 PM UTC",visual,,
e3568cb3-f879-496a-870b-bda692c6193b,Charlee Gibson,Bibb County SO GA,3,"05/17/2026, 03:00:27 PM UTC
05/18/2026, 03:00:27 PM UTC",***Redacted***,Weapons Offense (Guns/Shots Fired) - ,2026-42958,***Redacted***,"05/18/2026, 02:44:06 PM UTC",visual,,
cd1e1ad3-64d5-443f-b151-1c068ff54478,Alexis Robinson,Bibb County SO GA,1425,"05/18/2026, 10:00:00 AM UTC
05/18/2026, 01:00:00 PM UTC",***Redacted***,Weapons Offense (Guns/Shots Fired) - ,2026-42953,***Redacted***,"05/18/2026, 02:44:36 PM UTC",search,,
9fc9a35a-7aaa-4133-8720-c486214df68d,Alexis Robinson,Bibb County SO GA,1425,"05/18/2026, 10:00:00 AM UTC
05/18/2026, 01:00:00 PM UTC",***Redacted***,Weapons Offense (Guns/Shots Fired) - ,2026-42953,***Redacted***,"05/18/2026, 02:44:55 PM UTC",search,,
ca436954-417c-4d30-9881-98962763546d,Alexis Robinson,Bibb County SO GA,1425,"05/18/2026, 10:00:00 AM UTC
05/18/2026, 01:00:00 PM UTC",***Redacted***,Weapons Offense (Guns/Shots Fired) - ,2026-42953,***Redacted***,"05/18/2026, 02:45:19 PM UTC",search,,
ad971d43-e1b5-464d-bad8-2969f01f8c77,Alexis Robinson,Bibb County SO GA,1425,"05/18/2026, 10:00:00 AM UTC
05/18/2026, 01:00:00 PM UTC",***Redacted***,Weapons Offense (Guns/Shots Fired) - ,2026-42953,***Redacted***,"05/18/2026, 02:45:29 PM UTC",search,,
447bad27-2dfb-4343-af99-1c7d1cd81ea4,Alexis Robinson,Bibb County SO GA,1425,"05/18/2026, 10:00:00 AM UTC
05/18/2026, 01:00:00 PM UTC",***Redacted***,Weapons Offense (Guns/Shots Fired) - ,2026-42953,***Redacted***,"05/18/2026, 02:45:43 PM UTC",search,,
982f3446-837a-47d2-b9fc-27a8e532093b,Alexis Robinson,Bibb County SO GA,1,"05/18/2026, 11:30:00 AM UTC
05/18/2026, 11:35:00 AM UTC",***Redacted***,Weapons Offense (Guns/Shots Fired) - ,2026-42953,***Redacted***,"05/18/2026, 02:56:33 PM UTC",search,,
7172a880-88c9-463d-a7bc-60ac5767cf11,Alexis Robinson,Bibb County SO GA,1,"05/18/2026, 11:30:00 AM UTC
05/18/2026, 11:35:00 AM UTC",***Redacted***,Weapons Offense (Guns/Shots Fired) - ,2026-42953,***Redacted***,"05/18/2026, 02:56:39 PM UTC",search,,
0dea989a-c19c-4403-8cd8-7c07f9b5bd24,Alexis Robinson,Bibb County SO GA,1,"05/18/2026, 11:25:00 AM UTC
05/18/2026, 11:35:00 AM UTC",***Redacted***,Weapons Offense (Guns/Shots Fired) - ,2026-42953,***Redacted***,"05/18/2026, 02:57:10 PM UTC",search,,
df146653-ad6c-4268-897b-fb6fafca2e2b,Alexis Robinson,Bibb County SO GA,1425,"05/18/2026, 11:25:00 AM UTC
05/18/2026, 11:35:00 AM UTC",***Redacted***,Weapons Offense (Guns/Shots Fired) - ,2026-42953,***Redacted***,"05/18/2026, 02:57:46 PM UTC",search,,
57256634-67be-47bd-a685-a34621adbdca,Alexis Robinson,Bibb County SO GA,1425,"05/18/2026, 11:20:00 AM UTC
05/18/2026, 11:35:00 AM UTC",***Redacted***,Weapons Offense (Guns/Shots Fired) - ,2026-42953,***Redacted***,"05/18/2026, 02:58:15 PM UTC",search,,
6ccc1172-ce83-48a1-ae49-23e730fe4566,Alexis Robinson,Bibb County SO GA,1,"05/18/2026, 11:00:00 AM UTC
05/18/2026, 12:00:00 PM UTC",***Redacted***,Weapons Offense (Guns/Shots Fired) - ,2026-42593,***Redacted***,"05/18/2026, 02:59:59 PM UTC",search,,
ccee0a1b-a716-4f13-9374-7f441fcba8a5,Alexis Robinson,Bibb County SO GA,1,"05/18/2026, 11:25:00 AM UTC
05/18/2026, 11:35:00 AM UTC",***Redacted***,Weapons Offense (Guns/Shots Fired) - ,2026-42593,***Redacted***,"05/18/2026, 03:01:36 PM UTC",search,,
2efe110b-cdd1-4d02-a397-bb4df21f9b2e,Alexis Robinson,Bibb County SO GA,1,"05/18/2026, 11:25:00 AM UTC
05/18/2026, 11:35:00 AM UTC",***Redacted***,Weapons Offense (Guns/Shots Fired) - ,2026-42593,***Redacted***,"05/18/2026, 03:04:55 PM UTC",search,,
d0090271-09b9-41ad-b5fe-2bd54c82e019,Adam Grant,Bibb County SO GA,3,"05/16/2026, 05:16:45 AM UTC
05/17/2026, 05:16:45 AM UTC",***Redacted***,Larceny/Theft Offenses - ,2026-1296,***Redacted***,"05/17/2026, 05:16:46 AM UTC",lookup - Mobile,,
558a6546-0ae3-40b5-a990-990bb958096c,Adam Grant,Bibb County SO GA,1425,"05/17/2026, 04:20:00 AM UTC
05/17/2026, 04:44:59 AM UTC",***Redacted***,Larceny/Theft Offenses - ,2026-1296,***Redacted***,"05/17/2026, 05:21:53 AM UTC",search - Mobile,,
20ce3f02-6920-4ba6-9ff5-961a60a2139e,Adam Grant,Bibb County SO GA,1425,"05/17/2026, 04:20:00 AM UTC
05/17/2026, 04:44:59 AM UTC",***Redacted***,Larceny/Theft Offenses - ,2026-1296,***Redacted***,"05/17/2026, 05:23:36 AM UTC",search - Mobile,,
ebfcda33-bdea-478e-bfcf-2f6f35f987f4,Adam Grant,Bibb County SO GA,1358,"05/16/2026, 11:29:30 PM UTC
05/17/2026, 05:29:30 AM UTC",***Redacted***,Larceny/Theft Offenses - ,2026-1296,***Redacted***,"05/17/2026, 05:29:32 AM UTC",lookup - Mobile,,
2bb06785-fe73-4824-ae88-b95bb187edfb,Adam Grant,Bibb County SO GA,1358,"05/16/2026, 05:30:14 AM UTC
05/17/2026, 05:30:14 AM UTC",***Redacted***,Larceny/Theft Offenses - ,2026-1296,***Redacted***,"05/17/2026, 05:30:16 AM UTC",lookup - Mobile,,
76ec1f4c-11da-4327-b536-d4cb230ef4f4,Adam Grant,Bibb County SO GA,1425,"05/17/2026, 04:20:00 AM UTC
05/17/2026, 04:44:59 AM UTC",***Redacted***,Larceny/Theft Offenses - ,2026-1296,***Redacted***,"05/17/2026, 05:31:48 AM UTC",search - Mobile,,
62835992-a0fb-4250-96e4-4f7292d52051,Adam Grant,Bibb County SO GA,1358,"05/16/2026, 11:32:45 PM UTC
05/17/2026, 05:32:45 AM UTC",***Redacted***,Larceny/Theft Offenses - ,2026-1296,***Redacted***,"05/17/2026, 05:32:47 AM UTC",lookup - Mobile,,
b86727b6-f74d-45a1-a8aa-1d4dd79e7c24,Adam Grant,Bibb County SO GA,1358,"05/16/2026, 05:36:05 AM UTC
05/17/2026, 05:36:05 AM UTC",***Redacted***,Larceny/Theft Offenses - ,2026-1296,***Redacted***,"05/17/2026, 05:36:07 AM UTC",lookup - Mobile,,
e88b2201-238e-426f-9827-eea4c41c7438,Adam Grant,Bibb County SO GA,1358,"05/10/2026, 05:38:56 AM UTC
05/17/2026, 05:38:56 AM UTC",***Redacted***,Larceny/Theft Offenses - ,2026-1296,***Redacted***,"05/17/2026, 05:38:57 AM UTC",lookup - Mobile,,
ab8c295e-5fa6-47ea-96c8-8b60b20525d1,Adam Grant,Bibb County SO GA,1358,"05/16/2026, 05:40:03 AM UTC
05/17/2026, 05:40:03 AM UTC",***Redacted***,Larceny/Theft Offenses - ,2026-1296,***Redacted***,"05/17/2026, 05:40:03 AM UTC",lookup - Mobile,,
6cfe0ddd-4e93-4110-be1f-39c136b02c6d,Adam Grant,Bibb County SO GA,1358,"04/17/2026, 05:42:57 AM UTC
05/17/2026, 05:42:57 AM UTC",***Redacted***,Larceny/Theft Offenses - ,2026-1296,***Redacted***,"05/17/2026, 05:43:00 AM UTC",lookup - Mobile,,
bef8b2a7-74a3-4357-9e27-12e6667e2055,MELANIE HOFMANN,Bibb County SO GA,11,"04/18/2026, 01:00:48 AM UTC
05/18/2026, 01:00:48 AM UTC",***Redacted***,Motor Vehicle Theft/Stolen - ,2026-42861,***Redacted***,"05/18/2026, 12:45:50 AM UTC",lookup,,
f746ceda-3ef1-4688-9e24-c6247999ae25,MELANIE HOFMANN,Bibb County SO GA,11,"04/18/2026, 01:00:48 AM UTC
05/18/2026, 01:00:48 AM UTC",***Redacted***,Motor Vehicle Theft/Stolen - ,2026-42861,***Redacted***,"05/18/2026, 12:46:19 AM UTC",lookup,,
5cf20fef-b71a-4cb7-b300-0fbb45a505c5,MELANIE HOFMANN,Bibb County SO GA,11,"04/18/2026, 01:00:48 AM UTC
05/18/2026, 01:00:48 AM UTC",***Redacted***,Motor Vehicle Theft/Stolen - ,2026-42861,***Redacted***,"05/18/2026, 12:46:28 AM UTC",lookup,,
f8f1dc51-faf1-42db-851b-655be1a34bdd,Charlee Gibson,Bibb County SO GA,1425,"05/18/2026, 10:00:00 AM UTC
05/18/2026, 01:00:00 PM UTC",***Redacted***,Weapons Offense (Guns/Shots Fired) - ,2026-42958,***Redacted***,"05/18/2026, 12:54:43 PM UTC",search,,
78caa4ef-3d8a-4977-8e87-274daddad856,Charlee Gibson,Bibb County SO GA,1425,"05/18/2026, 10:00:00 AM UTC
05/18/2026, 01:00:00 PM UTC",***Redacted***,Weapons Offense (Guns/Shots Fired) - ,2026-42958,***Redacted***,"05/18/2026, 12:56:38 PM UTC",search,,
fc4dcbdc-0ad0-4d86-bc5e-c405232f1b7c,Charlee Gibson,Bibb County SO GA,1425,"05/18/2026, 10:00:00 AM UTC
05/18/2026, 01:00:00 PM UTC",***Redacted***,Weapons Offense (Guns/Shots Fired) - ,2026-42958,***Redacted***,"05/18/2026, 12:58:14 PM UTC",search,,
bde1cd1c-ceb3-4eef-90d2-d694c2159def,Charlee Gibson,Bibb County SO GA,1425,"05/18/2026, 10:00:00 AM UTC
05/18/2026, 01:00:00 PM UTC",***Redacted***,Weapons Offense (Guns/Shots Fired) - ,2026-42958,***Redacted***,"05/18/2026, 12:58:31 PM UTC",search,,
c1ff8b57-9a18-4ddc-b35b-fcd573f361cf,Charlee Gibson,Bibb County SO GA,1425,"05/18/2026, 10:00:00 AM UTC
05/18/2026, 01:00:00 PM UTC",***Redacted***,Weapons Offense (Guns/Shots Fired) - ,2026-42958,***Redacted***,"05/18/2026, 01:09:58 PM UTC",search,,
aaee26f3-6afc-41de-91f2-071db8ee0aea,Charlee Gibson,Bibb County SO GA,1425,"05/18/2026, 10:00:00 AM UTC
05/18/2026, 01:00:00 PM UTC",***Redacted***,Weapons Offense (Guns/Shots Fired) - ,2026-42958,***Redacted***,"05/18/2026, 01:11:33 PM UTC",search,,
33f0938b-4b21-4407-b86a-aff5dd3c364c,Charlee Gibson,Bibb County SO GA,1,"05/18/2026, 10:30:00 AM UTC
05/18/2026, 12:00:00 PM UTC",***Redacted***,Weapons Offense (Guns/Shots Fired) - ,2026-42958,***Redacted***,"05/18/2026, 01:13:31 PM UTC",freeform,objectClass:vehicle silver/grey sedan with green paper in back window,allow
af7700e8-84c0-4277-a9c7-89996b35f185,Charlee Gibson,Bibb County SO GA,1425,"05/18/2026, 10:45:00 AM UTC
05/18/2026, 12:00:00 PM UTC",***Redacted***,Weapons Offense (Guns/Shots Fired) - ,2026-42958,***Redacted***,"05/18/2026, 01:16:10 PM UTC",search,,
28dfd3a3-4c9e-4e7f-81ea-f9a3ee28b4eb,Kirsten Davella,Bibb County SO GA,1,"05/17/2026, 11:25:00 AM UTC
05/18/2026, 11:40:00 AM UTC",***Redacted***,Weapons Offense (Guns/Shots Fired) - ,2026-42983,***Redacted***,"05/18/2026, 04:08:23 PM UTC",search,,
2767f2a7-11ac-41c3-ba5f-a2ee540d8e28,Kirsten Davella,Bibb County SO GA,1,"05/17/2026, 11:25:00 AM UTC
05/18/2026, 11:40:00 AM UTC",***Redacted***,Weapons Offense (Guns/Shots Fired) - ,2026-42983,***Redacted***,"05/18/2026, 04:08:47 PM UTC",search,,
9765ebf7-26bb-4946-9f7f-ca3727e97b86,Kirsten Davella,Bibb County SO GA,1,"05/17/2026, 11:25:00 AM UTC
05/18/2026, 11:40:00 AM UTC",***Redacted***,Weapons Offense (Guns/Shots Fired) - ,2026-42983,***Redacted***,"05/18/2026, 04:09:11 PM UTC",search,,
27c489e3-3ab5-402c-891c-1c1c2e40e15e,Kirsten Davella,Bibb County SO GA,1,"05/17/2026, 09:00:00 PM UTC
05/18/2026, 11:40:00 AM UTC",***Redacted***,Weapons Offense (Guns/Shots Fired) - ,2026-42983,***Redacted***,"05/18/2026, 04:09:45 PM UTC",search,,
1e2aa2bd-5d63-4e7a-8b75-7577cb94bc19,Alexis Robinson,Bibb County SO GA,1425,"04/18/2026, 04:30:58 PM UTC
05/18/2026, 04:30:58 PM UTC",***Redacted***,Weapons Offense (Guns/Shots Fired) - ,2026-42593,***Redacted***,"05/18/2026, 04:10:25 PM UTC",search,,
e44052ab-98eb-488d-9b4c-05eb486fece0,Alexis Robinson,Bibb County SO GA,1425,"04/18/2026, 04:30:58 PM UTC
05/18/2026, 04:30:58 PM UTC",***Redacted***,Weapons Offense (Guns/Shots Fired) - ,2026-42593,***Redacted***,"05/18/2026, 04:10:42 PM UTC",search,,
974964b1-06ac-4a34-b790-d1e55c44deae,Kirsten Davella,Bibb County SO GA,1,"05/17/2026, 07:00:00 PM UTC
05/17/2026, 10:30:00 PM UTC",***Redacted***,Weapons Offense (Guns/Shots Fired) - ,2026-42983,***Redacted***,"05/18/2026, 04:13:20 PM UTC",search,,
7238ffcb-c618-4e3b-ba02-58376b635bc6,Kirsten Davella,Bibb County SO GA,1,"05/17/2026, 07:00:00 PM UTC
05/17/2026, 10:30:00 PM UTC",***Redacted***,Weapons Offense (Guns/Shots Fired) - ,2026-42983,***Redacted***,"05/18/2026, 04:13:34 PM UTC",search,,
63ecd3b3-8225-498d-81cc-540cc2b9f44a,Kirsten Davella,Bibb County SO GA,1,"05/17/2026, 07:00:00 PM UTC
05/17/2026, 10:30:00 PM UTC",***Redacted***,Weapons Offense (Guns/Shots Fired) - ,2026-42983,***Redacted***,"05/18/2026, 04:13:52 PM UTC",search,,
cd04d8d2-6312-43a3-a69a-ffd601676b2a,Kirsten Davella,Bibb County SO GA,1,"05/17/2026, 07:00:00 PM UTC
05/17/2026, 10:30:00 PM UTC",***Redacted***,Weapons Offense (Guns/Shots Fired) - ,2026-42983,***Redacted***,"05/18/2026, 04:13:59 PM UTC",search,,
09b716b6-ccdc-4218-9f4a-dbd3afde4134,Kirsten Davella,Bibb County SO GA,1,"05/17/2026, 07:00:00 PM UTC
05/17/2026, 10:30:00 PM UTC",***Redacted***,Weapons Offense (Guns/Shots Fired) - ,2026-42983,***Redacted***,"05/18/2026, 04:14:06 PM UTC",search,,
1cbf972d-818d-4cdb-b7d3-2594fb003e9c,Kirsten Davella,Bibb County SO GA,1,"05/17/2026, 07:00:00 PM UTC
05/17/2026, 10:30:00 PM UTC",***Redacted***,Weapons Offense (Guns/Shots Fired) - ,2026-42983,***Redacted***,"05/18/2026, 04:14:24 PM UTC",search,,
e91accdf-37fb-42c9-90e3-9eaa20f4086c,Kirsten Davella,Bibb County SO GA,1,"05/17/2026, 07:00:00 PM UTC
05/17/2026, 10:30:00 PM UTC",***Redacted***,Weapons Offense (Guns/Shots Fired) - ,2026-42983,***Redacted***,"05/18/2026, 04:14:30 PM UTC",search,,
27a5bb94-52d1-4880-898e-c1e5e80a77a2,Justin Edwards,Bibb County SO GA,776,"04/19/2026, 04:00:00 AM UTC
05/18/2026, 04:13:59 PM UTC",***Redacted***,Wanted Person (Arrest Warrant/Fugitive) - ,2024-67104,***Redacted***,"05/18/2026, 04:14:40 PM UTC",search - Mobile,,
0391ab68-5191-458e-9644-dbdf4c0b3bab,Kirsten Davella,Bibb County SO GA,1,"05/17/2026, 07:00:00 PM UTC
05/17/2026, 10:30:00 PM UTC",***Redacted***,Weapons Offense (Guns/Shots Fired) - ,2026-42983,***Redacted***,"05/18/2026, 04:14:51 PM UTC",search,,
78e5cdfa-738d-4742-91de-7fb1069cedd7,Justin Edwards,Bibb County SO GA,776,"04/19/2026, 04:00:00 AM UTC
05/18/2026, 04:13:59 PM UTC",***Redacted***,Wanted Person (Arrest Warrant/Fugitive) - ,2024-67104,***Redacted***,"05/18/2026, 04:15:12 PM UTC",search - Mobile,,
db41c694-0ab2-448e-9de2-90cbfee6904f,Alexis Robinson,Bibb County SO GA,1425,"04/18/2026, 04:30:58 PM UTC
05/18/2026, 04:30:58 PM UTC",***Redacted***,Weapons Offense (Guns/Shots Fired) - ,2026-42593,***Redacted***,"05/18/2026, 04:16:01 PM UTC",lookup,,
ba30e446-cd7d-40b6-8bd5-d7d469c40f74,Alexis Robinson,Bibb County SO GA,1425,"04/18/2026, 04:30:58 PM UTC
05/18/2026, 04:30:58 PM UTC",***Redacted***,Weapons Offense (Guns/Shots Fired) - ,2026-42593,***Redacted***,"05/18/2026, 04:16:16 PM UTC",lookup,,
bbcab4a9-c51e-49ca-a90b-97e4c386d0f7,Justin Edwards,Bibb County SO GA,776,"04/19/2026, 04:00:00 AM UTC
05/18/2026, 04:13:59 PM UTC",***Redacted***,Wanted Person (Arrest Warrant/Fugitive) - ,2024-67104,***Redacted***,"05/18/2026, 04:17:34 PM UTC",search - Mobile,,
88014715-b32d-4cf2-9d0c-58be7f4f9130,Sharon Howard,Bibb County SO GA,11,"05/17/2026, 04:30:18 PM UTC
05/18/2026, 04:30:18 PM UTC",***Redacted***,Hit and Run/Car Accident - ,26-43026,***Redacted***,"05/18/2026, 04:29:48 PM UTC",lookup,,
7f9c87de-c0e2-4b20-8d04-2eca3441b50c,Sharon Howard,Bibb County SO GA,11,"04/18/2026, 04:30:57 PM UTC
05/18/2026, 04:30:57 PM UTC",***Redacted***,Hit and Run/Car Accident - ,26-43026,***Redacted***,"05/18/2026, 04:30:07 PM UTC",lookup,,
01627454-4771-4233-8939-351c8d50a232,Sharon Howard,Bibb County SO GA,2,"05/18/2026, 04:00:00 AM UTC
05/18/2026, 04:30:00 PM UTC",***Redacted***,Hit and Run/Car Accident - ,26-43026,***Redacted***,"05/18/2026, 04:31:03 PM UTC",lookup,,
18872673-c374-4a9d-ad28-615268c15073,Sharon Howard,Bibb County SO GA,2,"05/17/2026, 04:00:00 AM UTC
05/18/2026, 04:30:00 PM UTC",***Redacted***,Hit and Run/Car Accident - ,26-43026,***Redacted***,"05/18/2026, 04:31:30 PM UTC",lookup,,
d24df3de-7ad1-4a55-a245-6e377084731c,Joseph Crumpler,Bibb County SO GA,11,"05/17/2026, 05:00:58 PM UTC
05/18/2026, 05:00:58 PM UTC",***Redacted***,Hit and Run/Car Accident - ,2026-43026,***Redacted***,"05/18/2026, 04:32:00 PM UTC",lookup,,
8e7e8666-8358-4333-857a-f5b35e2b1a67,Charlee Gibson,Bibb County SO GA,849,"04/18/2026, 04:33:02 PM UTC
05/18/2026, 04:33:02 PM UTC",***Redacted***,Weapons Offense (Guns/Shots Fired) - ,2026-42958,***Redacted***,"05/18/2026, 04:33:16 PM UTC",lookup,,
63dad468-a8e3-4417-b840-7c18b874e73b,Justin Edwards,Bibb County SO GA,3,"05/11/2026, 08:16:04 PM UTC
05/18/2026, 08:16:04 PM UTC",***Redacted***,Wanted Person (Arrest Warrant/Fugitive) - ,2024-67104,***Redacted***,"05/18/2026, 08:16:06 PM UTC",lookup - Mobile,,
69291536-cfbd-4aad-8e1f-e8ae9e4a5006,Adam Grant,Bibb County SO GA,1358,"04/19/2026, 01:31:41 AM UTC
05/19/2026, 01:31:41 AM UTC",***Redacted***,Larceny/Theft Offenses - ,2026-1296,***Redacted***,"05/19/2026, 01:31:43 AM UTC",lookup - Mobile,,
6411a77a-4388-4297-af05-adf24dddd97c,Adam Grant,Bibb County SO GA,1358,"05/18/2026, 01:32:46 AM UTC
05/19/2026, 01:32:46 AM UTC",***Redacted***,Larceny/Theft Offenses - ,2026-1296,***Redacted***,"05/19/2026, 01:32:49 AM UTC",search - Mobile,,
da9861f7-687b-496b-93d5-3fbb52fe0a87,Adam Grant,Bibb County SO GA,3,"05/18/2026, 01:33:20 AM UTC
05/19/2026, 01:33:20 AM UTC",***Redacted***,Larceny/Theft Offenses - ,2026-1296,***Redacted***,"05/19/2026, 01:33:23 AM UTC",search - Mobile,,
8f9ba79d-b8ec-4090-b687-1898b68cdd37,Adam Grant,Bibb County SO GA,1358,"05/18/2026, 01:33:41 AM UTC
05/19/2026, 01:33:41 AM UTC",***Redacted***,Larceny/Theft Offenses - ,2026-1296,***Redacted***,"05/19/2026, 01:33:43 AM UTC",search - Mobile,,
3baea19b-5ffd-4ade-83aa-142ae5c98858,Adam Grant,Bibb County SO GA,1358,"05/18/2026, 01:34:02 AM UTC
05/19/2026, 01:34:02 AM UTC",***Redacted***,Larceny/Theft Offenses - ,2026-1296,***Redacted***,"05/19/2026, 01:34:04 AM UTC",search - Mobile,,
94eb6d83-4094-40b8-9b00-f7d1e4e9ba6a,Thomas Crites,Bibb County SO GA,3,"05/07/2026, 07:30:00 PM UTC
05/08/2026, 09:30:00 PM UTC",***Redacted***,Robbery - ,26-39667,***Redacted***,"05/18/2026, 01:12:02 AM UTC",lookup,,
aa24906f-3827-412b-b792-8eb15b3e8eb9,Enrique Hogan,Bibb County SO GA,731,"05/11/2026, 01:36:53 AM UTC
05/18/2026, 01:36:53 AM UTC",***Redacted***,Wanted Person (Arrest Warrant/Fugitive) - FID  11957926,FID1192341,***Redacted***,"05/18/2026, 01:36:59 AM UTC",lookup - Mobile,,
56af2628-ec7d-4e96-843c-913c52e6647c,Enrique Hogan,Bibb County SO GA,731,"05/11/2026, 01:37:15 AM UTC
05/18/2026, 01:37:15 AM UTC",***Redacted***,Wanted Person (Arrest Warrant/Fugitive) - FID  11957926,FID1192341,***Redacted***,"05/18/2026, 01:37:19 AM UTC",lookup - Mobile,,
b9fa9b8e-64e5-4f9a-946e-dc5901352cf1,Enrique Hogan,Bibb County SO GA,731,"05/11/2026, 01:41:24 AM UTC
05/18/2026, 01:41:24 AM UTC",***Redacted***,Wanted Person (Arrest Warrant/Fugitive) - FID  11957926,FID1192341,***Redacted***,"05/18/2026, 01:41:25 AM UTC",lookup - Mobile,,
53a820fc-92ac-41bf-afb1-e6e09f49a405,George Witherspoon,Bibb County SO GA,3,"05/17/2026, 01:41:52 AM UTC
05/18/2026, 01:41:52 AM UTC",***Redacted***,Drugs/Narcotics - ,Pulaski,***Redacted***,"05/18/2026, 01:41:53 AM UTC",lookup - Mobile,,
368269a2-8c52-40ca-a934-a4eaafe72a11,George Witherspoon,Bibb County SO GA,3,"05/17/2026, 01:43:58 AM UTC
05/18/2026, 01:43:58 AM UTC",***Redacted***,Drugs/Narcotics - ,Pulaski,***Redacted***,"05/18/2026, 01:43:59 AM UTC",lookup - Mobile,,
0c640afd-a225-4a4b-a941-e2dd9f8b3859,Alex Fletcher,Bibb County SO GA,1358,"05/17/2026, 07:44:20 PM UTC
05/18/2026, 01:44:20 AM UTC",***Redacted***,Drugs/Narcotics - ,2026-999999 GDC prison drop,***Redacted***,"05/18/2026, 01:44:21 AM UTC",lookup - Mobile,,
40dab269-4afa-4941-bad4-6ad4fa73c7f8,Alex Fletcher,Bibb County SO GA,1358,"05/17/2026, 07:44:44 PM UTC
05/18/2026, 01:44:44 AM UTC",***Redacted***,Drugs/Narcotics - ,2026-999999 GDC prison drop,***Redacted***,"05/18/2026, 01:44:45 AM UTC",lookup - Mobile,,
6ff44fc9-83ce-4f09-bcd5-a058d453e051,Enrique Hogan,Bibb County SO GA,731,"05/11/2026, 01:44:47 AM UTC
05/18/2026, 01:44:47 AM UTC",***Redacted***,Wanted Person (Arrest Warrant/Fugitive) - FID  11957926,FID1192341,***Redacted***,"05/18/2026, 01:44:48 AM UTC",lookup - Mobile,,
5b72babe-b073-4175-8639-4b43896bb8b8,Alex Fletcher,Bibb County SO GA,1358,"05/17/2026, 07:45:45 PM UTC
05/18/2026, 01:45:45 AM UTC",***Redacted***,Drugs/Narcotics - ,2026-999999 GDC prison drop,***Redacted***,"05/18/2026, 01:45:46 AM UTC",lookup - Mobile,,
d5bddb48-d610-4a49-b353-324ca2a30426,Enrique Hogan,Bibb County SO GA,731,"05/11/2026, 01:45:46 AM UTC
05/18/2026, 01:45:46 AM UTC",***Redacted***,Wanted Person (Arrest Warrant/Fugitive) - FID  11957926,FID1192341,***Redacted***,"05/18/2026, 01:45:48 AM UTC",lookup - Mobile,,
9c7a355b-c3c4-4213-988d-60d5e7e5efa3,Alex Fletcher,Bibb County SO GA,1358,"05/17/2026, 07:47:57 PM UTC
05/18/2026, 01:47:57 AM UTC",***Redacted***,Drugs/Narcotics - ,2026-999999 GDC prison drop,***Redacted***,"05/18/2026, 01:47:58 AM UTC",lookup - Mobile,,
652250f0-d75a-4747-872f-e3fea534aa4e,Alex Fletcher,Bibb County SO GA,1358,"05/17/2026, 07:49:26 PM UTC
05/18/2026, 01:49:26 AM UTC",***Redacted***,Drugs/Narcotics - ,2026-999999 GDC prison drop,***Redacted***,"05/18/2026, 01:49:26 AM UTC",lookup - Mobile,,
48dbc58d-689e-4381-93e5-60b77b5cdb25,George Witherspoon,Bibb County SO GA,3,"05/17/2026, 01:49:37 AM UTC
05/18/2026, 01:49:37 AM UTC",***Redacted***,Drugs/Narcotics - ,Pulaski,***Redacted***,"05/18/2026, 01:49:38 AM UTC",lookup - Mobile,,
2c9845ad-e5c8-4ccc-8886-b9e33e252cee,Alex Fletcher,Bibb County SO GA,1358,"05/17/2026, 07:50:07 PM UTC
05/18/2026, 01:50:07 AM UTC",***Redacted***,Drugs/Narcotics - ,2026-999999 GDC prison drop,***Redacted***,"05/18/2026, 01:50:08 AM UTC",lookup - Mobile,,
ccfb4c5a-bbc8-4638-b9f2-b81e81015c2e,Alex Fletcher,Bibb County SO GA,1358,"05/17/2026, 07:50:57 PM UTC
05/18/2026, 01:50:57 AM UTC",***Redacted***,Drugs/Narcotics - ,2026-999999 GDC prison drop,***Redacted***,"05/18/2026, 01:50:59 AM UTC",lookup - Mobile,,
f1787ec8-2e21-4f93-a7ac-80d30eb3d926,Alex Fletcher,Bibb County SO GA,1358,"05/17/2026, 07:52:31 PM UTC
05/18/2026, 01:52:31 AM UTC",***Redacted***,Drugs/Narcotics - ,2026-999999 GDC prison drop,***Redacted***,"05/18/2026, 01:52:32 AM UTC",lookup - Mobile,,
7070e294-de56-4f85-8840-873b7a460502,Alex Fletcher,Bibb County SO GA,1358,"05/17/2026, 07:53:16 PM UTC
05/18/2026, 01:53:16 AM UTC",***Redacted***,Drugs/Narcotics - ,2026-999999 GDC prison drop,***Redacted***,"05/18/2026, 01:53:17 AM UTC",lookup - Mobile,,
01d43a37-d3d9-4443-802c-264b0bf18633,Alex Fletcher,Bibb County SO GA,1358,"05/17/2026, 07:53:34 PM UTC
05/18/2026, 01:53:34 AM UTC",***Redacted***,Drugs/Narcotics - ,2026-999999 GDC prison drop,***Redacted***,"05/18/2026, 01:53:35 AM UTC",lookup - Mobile,,
c14ed0fe-cc1a-4b16-b0a2-0e8c472a1b31,Alex Fletcher,Bibb County SO GA,1358,"05/17/2026, 07:53:51 PM UTC
05/18/2026, 01:53:51 AM UTC",***Redacted***,Drugs/Narcotics - ,2026-999999 GDC prison drop,***Redacted***,"05/18/2026, 01:53:52 AM UTC",lookup - Mobile,,
ef56ecd6-bab2-400b-b25c-6fd3cd9aed46,Alex Fletcher,Bibb County SO GA,1358,"05/17/2026, 07:54:25 PM UTC
05/18/2026, 01:54:25 AM UTC",***Redacted***,Drugs/Narcotics - ,2026-999999 GDC prison drop,***Redacted***,"05/18/2026, 01:54:26 AM UTC",lookup - Mobile,,
0e4be077-2911-4289-a306-6b1630a0cd24,Alex Fletcher,Bibb County SO GA,1358,"05/17/2026, 07:54:53 PM UTC
05/18/2026, 01:54:53 AM UTC",***Redacted***,Drugs/Narcotics - ,2026-999999 GDC prison drop,***Redacted***,"05/18/2026, 01:54:53 AM UTC",lookup - Mobile,,
3f9c3464-d507-4640-a769-6d6fbd638ddf,Alex Fletcher,Bibb County SO GA,1358,"05/17/2026, 07:56:16 PM UTC
05/18/2026, 01:56:16 AM UTC",***Redacted***,Drugs/Narcotics - ,2026-999999 GDC prison drop,***Redacted***,"05/18/2026, 01:56:17 AM UTC",lookup - Mobile,,
0971c737-8da6-4a31-939a-864a1dbccb23,Alex Fletcher,Bibb County SO GA,1358,"05/17/2026, 08:01:26 PM UTC
05/18/2026, 02:01:26 AM UTC",***Redacted***,Drugs/Narcotics - ,2026-999999 GDC prison drop,***Redacted***,"05/18/2026, 02:01:27 AM UTC",lookup - Mobile,,
18a59855-cff4-4ba4-b15d-cb048f7575ee,Alex Fletcher,Bibb County SO GA,1358,"05/17/2026, 08:03:43 PM UTC
05/18/2026, 02:03:43 AM UTC",***Redacted***,Drugs/Narcotics - ,2026-999999 GDC prison drop,***Redacted***,"05/18/2026, 02:03:44 AM UTC",lookup - Mobile,,
3c722af4-e790-4119-89c4-e2d739e36e9b,Alex Fletcher,Bibb County SO GA,1358,"05/17/2026, 08:04:04 PM UTC
05/18/2026, 02:04:04 AM UTC",***Redacted***,Drugs/Narcotics - ,2026-999999 GDC prison drop,***Redacted***,"05/18/2026, 02:04:05 AM UTC",lookup - Mobile,,
9388b6f6-9f76-4fc0-87c8-7cc01432ce03,Alex Fletcher,Bibb County SO GA,1358,"05/17/2026, 08:04:24 PM UTC
05/18/2026, 02:04:24 AM UTC",***Redacted***,Drugs/Narcotics - ,2026-999999 GDC prison drop,***Redacted***,"05/18/2026, 02:04:24 AM UTC",lookup - Mobile,,
79561ce9-c9b0-4b74-a71a-5941e89ed7e1,Alex Fletcher,Bibb County SO GA,1358,"05/17/2026, 08:05:22 PM UTC
05/18/2026, 02:05:22 AM UTC",***Redacted***,Drugs/Narcotics - ,2026-999999 GDC prison drop,***Redacted***,"05/18/2026, 02:05:23 AM UTC",lookup - Mobile,,
d95737f6-0a44-4ae0-94a3-6639ca6e6a4d,Alex Fletcher,Bibb County SO GA,1358,"05/17/2026, 08:05:31 PM UTC
05/18/2026, 02:05:31 AM UTC",***Redacted***,Drugs/Narcotics - ,2026-999999 GDC prison drop,***Redacted***,"05/18/2026, 02:05:32 AM UTC",lookup - Mobile,,
c07aec65-25e7-4290-8787-d83c42e40546,Alex Fletcher,Bibb County SO GA,1358,"05/17/2026, 08:07:01 PM UTC
05/18/2026, 02:07:01 AM UTC",***Redacted***,Drugs/Narcotics - ,2026-999999 GDC prison drop,***Redacted***,"05/18/2026, 02:07:02 AM UTC",lookup - Mobile,,
18c7599f-02ef-41a1-8df0-3bba82bd1ffa,Enrique Hogan,Bibb County SO GA,731,"05/11/2026, 02:10:30 AM UTC
05/18/2026, 02:10:30 AM UTC",***Redacted***,Wanted Person (Arrest Warrant/Fugitive) - FID  11957926,FID1192341,***Redacted***,"05/18/2026, 02:10:34 AM UTC",lookup - Mobile,,
539eb2f8-ecc5-4e2c-a79b-91291b562001,Alex Fletcher,Bibb County SO GA,1358,"05/17/2026, 08:11:08 PM UTC
05/18/2026, 02:11:08 AM UTC",***Redacted***,Drugs/Narcotics - ,2026-999999 GDC prison drop,***Redacted***,"05/18/2026, 02:11:09 AM UTC",lookup - Mobile,,
59fad2ce-dc26-4e05-9945-bca85fc89802,Alex Fletcher,Bibb County SO GA,1358,"05/17/2026, 08:13:04 PM UTC
05/18/2026, 02:13:04 AM UTC",***Redacted***,Drugs/Narcotics - ,2026-999999 GDC prison drop,***Redacted***,"05/18/2026, 02:13:05 AM UTC",lookup - Mobile,,
b4993705-021f-48b5-8506-99cd455b6cd8,Alex Fletcher,Bibb County SO GA,1358,"05/17/2026, 08:13:27 PM UTC
05/18/2026, 02:13:27 AM UTC",***Redacted***,Drugs/Narcotics - ,2026-999999 GDC prison drop,***Redacted***,"05/18/2026, 02:13:28 AM UTC",lookup - Mobile,,
28ea2192-a29c-43ca-bf07-43c5b8c09de6,Alex Fletcher,Bibb County SO GA,1358,"05/17/2026, 08:13:29 PM UTC
05/18/2026, 02:13:29 AM UTC",***Redacted***,Drugs/Narcotics - ,2026-999999 GDC prison drop,***Redacted***,"05/18/2026, 02:13:30 AM UTC",lookup - Mobile,,
acc01b52-319c-4e5e-9298-a81518be18fb,Alex Fletcher,Bibb County SO GA,1358,"05/17/2026, 08:14:27 PM UTC
05/18/2026, 02:14:27 AM UTC",***Redacted***,Drugs/Narcotics - ,2026-999999 GDC prison drop,***Redacted***,"05/18/2026, 02:14:27 AM UTC",lookup - Mobile,,
ac1bcaaf-1cb9-4ca8-a944-4428f84189c1,Alex Fletcher,Bibb County SO GA,1358,"05/17/2026, 08:14:52 PM UTC
05/18/2026, 02:14:52 AM UTC",***Redacted***,Drugs/Narcotics - ,2026-999999 GDC prison drop,***Redacted***,"05/18/2026, 02:14:53 AM UTC",lookup - Mobile,,
051cf8eb-4a3d-4e48-bc77-8ce7483d4470,Alex Fletcher,Bibb County SO GA,1358,"05/17/2026, 08:15:37 PM UTC
05/18/2026, 02:15:37 AM UTC",***Redacted***,Drugs/Narcotics - ,2026-999999 GDC prison drop,***Redacted***,"05/18/2026, 02:15:38 AM UTC",lookup - Mobile,,
e92ed791-1967-468e-8a51-9d0f08222242,Alex Fletcher,Bibb County SO GA,1358,"05/17/2026, 08:19:42 PM UTC
05/18/2026, 02:19:42 AM UTC",***Redacted***,Drugs/Narcotics - ,2026-999999 GDC prison drop,***Redacted***,"05/18/2026, 02:19:43 AM UTC",lookup - Mobile,,
080fa60b-7cbf-42dc-9a8a-434ca7c4748f,Charlee Gibson,Bibb County SO GA,1425,"05/18/2026, 10:45:00 AM UTC
05/18/2026, 12:00:00 PM UTC",***Redacted***,Weapons Offense (Guns/Shots Fired) - ,2026-42958,***Redacted***,"05/18/2026, 01:17:18 PM UTC",search,,
4d3e2852-8bfe-4cad-ba1f-bc97973ad873,Charlee Gibson,Bibb County SO GA,1425,"05/18/2026, 10:45:00 AM UTC
05/18/2026, 12:00:00 PM UTC",***Redacted***,Weapons Offense (Guns/Shots Fired) - ,2026-42958,***Redacted***,"05/18/2026, 01:17:42 PM UTC",search,,
204aec1f-d035-4de2-a102-efadc9b19e93,Charlee Gibson,Bibb County SO GA,1425,"05/18/2026, 10:45:00 AM UTC
05/18/2026, 12:00:00 PM UTC",***Redacted***,Weapons Offense (Guns/Shots Fired) - ,2026-42958,***Redacted***,"05/18/2026, 01:19:17 PM UTC",search,,
89e64de2-b692-4f56-bbde-c959d00a3b55,Charlee Gibson,Bibb County SO GA,1425,"05/18/2026, 10:45:00 AM UTC
05/18/2026, 12:00:00 PM UTC",***Redacted***,Weapons Offense (Guns/Shots Fired) - ,2026-42958,***Redacted***,"05/18/2026, 01:19:42 PM UTC",search,,
140cead4-cfbd-45b6-b8bf-783e1cd2821c,Charlee Gibson,Bibb County SO GA,1,"05/18/2026, 10:30:00 AM UTC
05/18/2026, 12:00:00 PM UTC",***Redacted***,Weapons Offense (Guns/Shots Fired) - ,2026-42958,***Redacted***,"05/18/2026, 01:33:49 PM UTC",visual,,
0000a35b-50ea-469c-9200-631b5b3cf897,Charlee Gibson,Bibb County SO GA,1,"05/18/2026, 10:30:00 AM UTC
05/18/2026, 12:00:00 PM UTC",***Redacted***,Weapons Offense (Guns/Shots Fired) - ,2026-42958,***Redacted***,"05/18/2026, 01:40:46 PM UTC",freeform,objectClass:vehicle lincoln sedan with sunroof,allow
c3a3d99a-ef89-447d-8d20-b006bf8b5474,Charlee Gibson,Bibb County SO GA,1,"05/18/2026, 01:26:58 PM UTC
05/18/2026, 01:41:58 PM UTC",***Redacted***,Weapons Offense (Guns/Shots Fired) - ,2026-42958,***Redacted***,"05/18/2026, 01:42:19 PM UTC",search,,
e093616a-115c-45ae-88da-ea5086594c71,Charlee Gibson,Bibb County SO GA,1,"05/18/2026, 10:30:00 AM UTC
05/18/2026, 12:00:00 PM UTC",***Redacted***,Weapons Offense (Guns/Shots Fired) - ,2026-42958,***Redacted***,"05/18/2026, 01:42:34 PM UTC",search,,
fa813526-ab63-4313-946f-f6410ab5e6a1,Charlee Gibson,Bibb County SO GA,1,"05/18/2026, 10:30:00 AM UTC
05/18/2026, 12:00:00 PM UTC",***Redacted***,Weapons Offense (Guns/Shots Fired) - ,2026-42958,***Redacted***,"05/18/2026, 01:43:03 PM UTC",search,,
56deb214-7dce-4351-806d-c4eac4d32aa9,Thomas Crites,Bibb County SO GA,12,"05/17/2026, 12:00:00 PM UTC
05/18/2026, 12:00:00 AM UTC",***Redacted***,Robbery - ,26-39667,***Redacted***,"05/18/2026, 01:45:13 PM UTC",multiGeo,,
58001bb5-ec5e-45af-8515-3e89f547eee6,Thomas Crites,Bibb County SO GA,851,"04/18/2026, 01:46:13 PM UTC
05/18/2026, 01:46:13 PM UTC",***Redacted***,Robbery - ,26-39667,***Redacted***,"05/18/2026, 01:46:19 PM UTC",lookup,,
2e8fc5ee-e6a3-4bfb-a151-911bfddef178,Charlee Gibson,Bibb County SO GA,1425,"05/18/2026, 10:45:00 AM UTC
05/18/2026, 12:00:00 PM UTC",***Redacted***,Weapons Offense (Guns/Shots Fired) - ,2026-42958,***Redacted***,"05/18/2026, 01:53:17 PM UTC",search,,
2c18b0cb-0115-481d-9e3d-9f32146b78b3,Charlee Gibson,Bibb County SO GA,1425,"05/18/2026, 10:45:00 AM UTC
05/18/2026, 12:00:00 PM UTC",***Redacted***,Weapons Offense (Guns/Shots Fired) - ,2026-42958,***Redacted***,"05/18/2026, 01:54:00 PM UTC",search,,
efcafb5c-c96f-430e-ac2f-2b07e6b0a460,Charlee Gibson,Bibb County SO GA,1,"05/18/2026, 01:40:44 PM UTC
05/18/2026, 01:55:44 PM UTC",***Redacted***,Weapons Offense (Guns/Shots Fired) - ,2026-42958,***Redacted***,"05/18/2026, 01:56:00 PM UTC",search,,
f9cfeb4b-fc03-4009-8181-91e489713228,Charlee Gibson,Bibb County SO GA,1,"05/18/2026, 11:00:00 AM UTC
05/18/2026, 11:30:00 AM UTC",***Redacted***,Weapons Offense (Guns/Shots Fired) - ,2026-42958,***Redacted***,"05/18/2026, 01:56:30 PM UTC",search,,
87622245-a049-42e1-b94d-b88631b33c25,Thomas Crites,Bibb County SO GA,851,"05/17/2026, 02:00:36 PM UTC
05/18/2026, 02:00:36 PM UTC",***Redacted***,Robbery - ,26-39667,***Redacted***,"05/18/2026, 01:56:37 PM UTC",lookup,,
77eac0a0-8ecb-4643-85a1-b7722f3c6d86,Charlee Gibson,Bibb County SO GA,1,"05/18/2026, 01:42:29 PM UTC
05/18/2026, 01:57:29 PM UTC",***Redacted***,Weapons Offense (Guns/Shots Fired) - ,2026-42958,***Redacted***,"05/18/2026, 01:57:47 PM UTC",search,,
47a3c5bc-bf6e-45db-b36b-8eb5d8f88d68,Charlee Gibson,Bibb County SO GA,1,"05/18/2026, 11:00:00 AM UTC
05/18/2026, 12:00:00 PM UTC",***Redacted***,Weapons Offense (Guns/Shots Fired) - ,2026-42958,***Redacted***,"05/18/2026, 01:58:00 PM UTC",search,,
fa7be56f-7727-40ca-939e-2cf2e9dd239f,Thomas Crites,Bibb County SO GA,13,"05/18/2026, 11:00:00 AM UTC
05/18/2026, 02:00:00 PM UTC",***Redacted***,Robbery - ,26-39667,***Redacted***,"05/18/2026, 01:59:03 PM UTC",multiGeo,,
23bd3588-1987-4e5b-b04a-64b337484399,Justin Edwards,Bibb County SO GA,731,"05/14/2026, 12:00:00 PM UTC
05/14/2026, 03:58:59 PM UTC",***Redacted***,Wanted Person (Arrest Warrant/Fugitive) - ,2024-67104,***Redacted***,"05/18/2026, 07:56:00 PM UTC",search - Mobile,,
6670dc84-51f1-4264-9992-25aa3e0292b7,Justin Edwards,Bibb County SO GA,3,"05/14/2026, 12:00:00 PM UTC
05/14/2026, 03:58:59 PM UTC",***Redacted***,Wanted Person (Arrest Warrant/Fugitive) - ,2024-67104,***Redacted***,"05/18/2026, 07:56:34 PM UTC",search - Mobile,,
c9c05aec-074b-49f9-8bbe-c2fe45658994,Justin Edwards,Bibb County SO GA,3,"05/14/2026, 12:00:00 PM UTC
05/14/2026, 03:58:59 PM UTC",***Redacted***,Wanted Person (Arrest Warrant/Fugitive) - ,2024-67104,***Redacted***,"05/18/2026, 07:56:43 PM UTC",search - Mobile,,
417d61ef-e1cf-4b0f-956b-f7eca8b5f9b1,Justin Edwards,Bibb County SO GA,3,"05/14/2026, 12:00:00 PM UTC
05/14/2026, 03:58:59 PM UTC",***Redacted***,Wanted Person (Arrest Warrant/Fugitive) - ,2024-67104,***Redacted***,"05/18/2026, 07:58:33 PM UTC",search - Mobile,,
7fefc37f-2005-4265-a3d6-c6b4959cd5b9,Justin Edwards,Bibb County SO GA,3,"05/14/2026, 12:00:00 PM UTC
05/14/2026, 03:58:59 PM UTC",***Redacted***,Wanted Person (Arrest Warrant/Fugitive) - ,2024-67104,***Redacted***,"05/18/2026, 07:58:42 PM UTC",search - Mobile,,
dd00cb51-7d27-4985-966a-90a4509e15ab,Sharon Howard,Bibb County SO GA,11,"05/17/2026, 03:00:00 AM UTC
05/19/2026, 03:30:00 AM UTC",***Redacted***,Hit and Run/Car Accident - ,26-43026,***Redacted***,"05/19/2026, 02:59:46 AM UTC",lookup,,
85af0013-5721-4641-ac62-9fc433c7c552,Sharon Howard,Bibb County SO GA,11,"04/19/2026, 03:30:44 AM UTC
05/19/2026, 03:30:44 AM UTC",***Redacted***,Hit and Run/Car Accident - ,26-43026,***Redacted***,"05/19/2026, 03:00:52 AM UTC",lookup,,
d3a852fb-5438-430b-a6d3-9f978c9c1a7c,Adam Grant,Bibb County SO GA,3,"04/19/2026, 03:09:23 AM UTC
05/19/2026, 03:09:23 AM UTC",***Redacted***,Larceny/Theft Offenses - ,2026-1296,***Redacted***,"05/19/2026, 03:09:26 AM UTC",lookup - Mobile,,
6a314cff-954a-4eba-abf4-db1e0bbeb17a,Adam Grant,Bibb County SO GA,1358,"05/18/2026, 03:10:21 AM UTC
05/19/2026, 03:10:21 AM UTC",***Redacted***,Larceny/Theft Offenses - ,2026-1296,***Redacted***,"05/19/2026, 03:10:23 AM UTC",search - Mobile,,
0d10b6c6-deaa-4570-936d-7f2aa971cc30,Adam Grant,Bibb County SO GA,1358,"05/18/2026, 03:29:16 AM UTC
05/19/2026, 03:29:16 AM UTC",***Redacted***,Larceny/Theft Offenses - ,2026-1296,***Redacted***,"05/19/2026, 03:29:19 AM UTC",search - Mobile,,
8ba15934-a9f7-4528-bd08-a42262472aa7,George Witherspoon,Bibb County SO GA,3,"05/15/2026, 05:12:57 AM UTC
05/16/2026, 05:12:57 AM UTC",***Redacted***,Larceny/Theft Offenses - ,2026-42404,***Redacted***,"05/16/2026, 05:12:58 AM UTC",lookup - Mobile,,
308d0dcc-e780-4d24-b831-ae466428d402,George Witherspoon,Bibb County SO GA,1358,"05/15/2026, 05:13:19 AM UTC
05/16/2026, 05:13:19 AM UTC",***Redacted***,Larceny/Theft Offenses - ,2026-42404,***Redacted***,"05/16/2026, 05:13:20 AM UTC",lookup - Mobile,,
745c71b0-a132-40e4-8e88-92f9d4b07032,George Witherspoon,Bibb County SO GA,1425,"05/09/2026, 05:14:11 AM UTC
05/16/2026, 05:14:11 AM UTC",***Redacted***,Larceny/Theft Offenses - ,2026-42404,***Redacted***,"05/16/2026, 05:14:12 AM UTC",lookup - Mobile,,
e9e9874f-40fd-4989-998e-5fdb8a498867,Fred Gray,Bibb County SO GA,2,"05/16/2026, 09:00:45 PM UTC
05/17/2026, 09:00:45 PM UTC",***Redacted***,Hit and Run/Car Accident - ,2026-42789,***Redacted***,"05/17/2026, 08:51:49 PM UTC",lookup,,
6a0d1700-45f7-427e-91d4-eb149ef08ccc,Fred Gray,Bibb County SO GA,2,"05/16/2026, 09:00:45 PM UTC
05/17/2026, 09:00:45 PM UTC",***Redacted***,Hit and Run/Car Accident - ,2026-42789,***Redacted***,"05/17/2026, 08:52:09 PM UTC",lookup,,
a3c290b5-5c48-41b9-af6b-06f5f0e5e293,Fred Gray,Bibb County SO GA,2,"05/16/2026, 09:00:45 PM UTC
05/17/2026, 09:00:45 PM UTC",***Redacted***,Hit and Run/Car Accident - ,2026-42789,***Redacted***,"05/17/2026, 08:52:13 PM UTC",search,,
aed93db2-e367-4d32-968e-b5e9f8d8f5ef,Thomas Crites,Bibb County SO GA,3,"05/07/2026, 07:30:00 PM UTC
05/08/2026, 09:30:00 PM UTC",***Redacted***,Robbery - ,26-39667,***Redacted***,"05/17/2026, 09:09:13 PM UTC",lookup,,
ec3e3a05-7f1d-4764-9615-9736aa187550,MELANIE HOFMANN,Bibb County SO GA,11,"05/16/2026, 10:00:09 PM UTC
05/17/2026, 10:00:09 PM UTC",***Redacted***,Motor Vehicle Theft/Stolen - ,CFS 929,***Redacted***,"05/17/2026, 09:49:12 PM UTC",lookup,,
b18063b1-3bf9-4f10-8c02-3f6d8ce74b20,MELANIE HOFMANN,Bibb County SO GA,11,"05/10/2026, 10:00:16 PM UTC
05/17/2026, 10:00:16 PM UTC",***Redacted***,Motor Vehicle Theft/Stolen - ,CFS 929,***Redacted***,"05/17/2026, 09:49:28 PM UTC",lookup,,
8bf0fbd8-bbe2-4ca8-ac1f-d69540742cc2,MELANIE HOFMANN,Bibb County SO GA,11,"05/16/2026, 10:30:41 PM UTC
05/17/2026, 10:30:41 PM UTC",***Redacted***,Motor Vehicle Theft/Stolen - ,2026-42766,***Redacted***,"05/17/2026, 10:09:44 PM UTC",lookup,,
59154e98-9c33-413a-8aaa-a668f8df94f4,Min Ha,Bibb County SO GA,11,"05/16/2026, 06:30:59 PM UTC
05/16/2026, 08:30:59 PM UTC",***Redacted***,Larceny/Theft Offenses - ,2026-39042,***Redacted***,"05/16/2026, 08:09:03 PM UTC",search,,
7523da33-9528-4209-b0d4-d6eb15154a6d,Charlee Gibson,Bibb County SO GA,1425,"05/18/2026, 10:45:00 AM UTC
05/18/2026, 12:00:00 PM UTC",***Redacted***,Weapons Offense (Guns/Shots Fired) - ,2026-42958,***Redacted***,"05/18/2026, 02:02:48 PM UTC",search,,
37434c90-426d-4dc0-ac7a-e69d696ae090,Charlee Gibson,Bibb County SO GA,1425,"05/18/2026, 10:45:00 AM UTC
05/18/2026, 12:00:00 PM UTC",***Redacted***,Weapons Offense (Guns/Shots Fired) - ,2026-42958,***Redacted***,"05/18/2026, 02:03:10 PM UTC",search,,
4cd79a31-1eb2-4330-8ba4-5e0427507d98,Charlee Gibson,Bibb County SO GA,1425,"05/18/2026, 11:00:00 AM UTC
05/18/2026, 12:00:00 PM UTC",***Redacted***,Weapons Offense (Guns/Shots Fired) - ,2026-42958,***Redacted***,"05/18/2026, 02:03:51 PM UTC",search,,
32d00bda-a7f0-41e4-ac4c-978d21a6d643,Thomas Crites,Bibb County SO GA,14,"05/18/2026, 11:00:00 AM UTC
05/18/2026, 02:00:00 PM UTC",***Redacted***,Robbery - ,26-39667,***Redacted***,"05/18/2026, 02:06:43 PM UTC",multiGeo,,
2d1c4507-4f84-4e13-978a-b15270d27a50,Thomas Crites,Bibb County SO GA,14,"05/18/2026, 12:00:00 PM UTC
05/18/2026, 02:00:00 PM UTC",***Redacted***,Robbery - ,26-39667,***Redacted***,"05/18/2026, 02:07:14 PM UTC",multiGeo,,
144e8ed1-8f6c-4270-967a-7a330d8540a5,Alexis Robinson,Bibb County SO GA,1425,"05/18/2026, 11:00:00 AM UTC
05/18/2026, 12:00:00 PM UTC",***Redacted***,Weapons Offense (Guns/Shots Fired) - ,2026-42953,***Redacted***,"05/18/2026, 02:10:07 PM UTC",search,,
23811435-b630-442c-91d3-2cfa15eef622,Alexis Robinson,Bibb County SO GA,1425,"05/18/2026, 10:00:00 AM UTC
05/18/2026, 01:00:00 PM UTC",***Redacted***,Weapons Offense (Guns/Shots Fired) - ,2026-42953,***Redacted***,"05/18/2026, 02:10:55 PM UTC",search,,
8a25cc58-5ec3-4024-bfed-c79da198fb8e,Alexis Robinson,Bibb County SO GA,1,"05/18/2026, 11:00:00 AM UTC
05/18/2026, 02:00:00 PM UTC",***Redacted***,Weapons Offense (Guns/Shots Fired) - ,2026-42953,***Redacted***,"05/18/2026, 02:13:06 PM UTC",visual,,
abdaf430-66cf-46d5-9b1d-c4a4df6ccb88,Alexis Robinson,Bibb County SO GA,1,"05/18/2026, 11:00:00 AM UTC
05/18/2026, 12:00:00 PM UTC",***Redacted***,Weapons Offense (Guns/Shots Fired) - ,2026-42953,***Redacted***,"05/18/2026, 02:13:22 PM UTC",visual,,
b3b4f292-1c77-4653-822c-bcd6e872e6a5,Alexis Robinson,Bibb County SO GA,1,"05/18/2026, 11:00:00 AM UTC
05/18/2026, 12:00:00 PM UTC",***Redacted***,Weapons Offense (Guns/Shots Fired) - ,2026-42953,***Redacted***,"05/18/2026, 02:13:51 PM UTC",visual,,
7ac9471c-2a2a-4e87-a75b-9f5d31492695,Alexis Robinson,Bibb County SO GA,11,"05/18/2026, 11:00:00 AM UTC
05/18/2026, 12:00:00 PM UTC",***Redacted***,Weapons Offense (Guns/Shots Fired) - ,2026-42953,***Redacted***,"05/18/2026, 02:15:42 PM UTC",visual,,
6cb4f30e-af38-477c-86c3-4db8184d26d1,Alexis Robinson,Bibb County SO GA,3,"05/18/2026, 11:00:00 AM UTC
05/18/2026, 01:00:00 PM UTC",***Redacted***,Weapons Offense (Guns/Shots Fired) - ,2026-42593,***Redacted***,"05/18/2026, 02:30:08 PM UTC",freeform,objectClass:vehicle Sedan with sunroof,allow
882cc7bc-12c2-46ef-bbff-f49b9f201869,Alexis Robinson,Bibb County SO GA,3,"05/18/2026, 11:00:00 AM UTC
05/18/2026, 01:00:00 PM UTC",***Redacted***,Weapons Offense (Guns/Shots Fired) - ,2026-42593,***Redacted***,"05/18/2026, 02:30:44 PM UTC",freeform,objectClass:vehicle lincoln with sunroof,allow
b17e2b37-2591-4116-a9b1-198b6ea1a4c8,Alexis Robinson,Bibb County SO GA,1,"05/18/2026, 11:00:00 AM UTC
05/18/2026, 01:00:00 PM UTC",***Redacted***,Weapons Offense (Guns/Shots Fired) - ,2026-42593,***Redacted***,"05/18/2026, 02:31:25 PM UTC",freeform,objectClass:vehicle Sedan with sunroof,allow
5e5579f3-ce30-415f-8633-78d516e8c27b,Alexis Robinson,Bibb County SO GA,1,"05/18/2026, 11:00:00 AM UTC
05/18/2026, 12:00:00 PM UTC",***Redacted***,Weapons Offense (Guns/Shots Fired) - ,2026-42593,***Redacted***,"05/18/2026, 02:31:55 PM UTC",freeform,objectClass:vehicle Sedan with sunroof,allow
8a832f44-a556-490c-a759-294e6c37f09d,Justin Edwards,Bibb County SO GA,3,"05/14/2026, 04:00:00 AM UTC
05/16/2026, 03:59:59 AM UTC",***Redacted***,Wanted Person (Arrest Warrant/Fugitive) - ,2024-67104,***Redacted***,"05/18/2026, 07:22:31 PM UTC",lookup - Mobile,,
4d239aac-5f5e-4c5f-a033-568ed0e49cdd,Justin Edwards,Bibb County SO GA,776,"05/14/2026, 04:00:00 AM UTC
05/16/2026, 03:59:59 AM UTC",***Redacted***,Wanted Person (Arrest Warrant/Fugitive) - ,2024-67104,***Redacted***,"05/18/2026, 07:30:42 PM UTC",search - Mobile,,
b6402bbf-e170-4a28-990c-393647642a09,Justin Edwards,Bibb County SO GA,3,"05/14/2026, 12:00:00 PM UTC
05/14/2026, 03:58:59 PM UTC",***Redacted***,Wanted Person (Arrest Warrant/Fugitive) - ,2024-67104,***Redacted***,"05/18/2026, 07:34:15 PM UTC",search - Mobile,,
8b52af38-1359-427a-b423-28d1ad1b0786,Justin Edwards,Bibb County SO GA,3,"05/14/2026, 12:00:00 PM UTC
05/14/2026, 03:58:59 PM UTC",***Redacted***,Wanted Person (Arrest Warrant/Fugitive) - ,2024-67104,***Redacted***,"05/18/2026, 07:36:24 PM UTC",search - Mobile,,
c490bba6-394a-4bfa-a982-46e4864bfa69,Justin Edwards,Bibb County SO GA,776,"05/13/2026, 04:00:00 AM UTC
05/16/2026, 03:59:59 AM UTC",***Redacted***,Wanted Person (Arrest Warrant/Fugitive) - ,2024-67104,***Redacted***,"05/18/2026, 07:39:02 PM UTC",search - Mobile,,
bd539bfb-d596-4b73-8ea7-f85b1982583a,Adam Grant,Bibb County SO GA,1358,"05/16/2026, 02:05:25 AM UTC
05/17/2026, 02:05:25 AM UTC",***Redacted***,Motor Vehicle Theft/Stolen - ,2026-1296,***Redacted***,"05/17/2026, 02:22:13 AM UTC",lookup - Mobile,,
f9b7bb0d-0075-427e-a78d-6c5250066b84,Adam Grant,Bibb County SO GA,1358,"05/16/2026, 02:05:52 AM UTC
05/17/2026, 02:05:52 AM UTC",***Redacted***,Motor Vehicle Theft/Stolen - ,2026-1296,***Redacted***,"05/17/2026, 02:22:14 AM UTC",lookup - Mobile,,
ede09750-3de3-4e3a-83e7-6a06378cd157,Dontavis Jones,Bibb County SO GA,22,"05/18/2026, 06:00:49 AM UTC
05/18/2026, 08:00:49 AM UTC",***Redacted***,Motor Vehicle Theft/Stolen - ,stolen,***Redacted***,"05/18/2026, 07:37:18 AM UTC",lookup,,
6ffc8699-2eea-4d5b-96c3-0e72bbdec591,Alexis Robinson,Bibb County SO GA,3,"05/11/2026, 04:00:53 PM UTC
05/18/2026, 04:00:53 PM UTC",***Redacted***,Weapons Offense (Guns/Shots Fired) - ,2026-42593,***Redacted***,"05/18/2026, 03:39:06 PM UTC",visual,,
7da46f3a-2c58-4155-ad23-db30cbf4e993,Kirsten Davella,Bibb County SO GA,3,"05/16/2026, 04:00:06 PM UTC
05/18/2026, 04:00:06 PM UTC",***Redacted***,Weapons Offense (Guns/Shots Fired) - ,2026-42983,***Redacted***,"05/18/2026, 03:39:07 PM UTC",search,,
f79b3976-1c7d-49c4-be49-72e27a0a8e83,Kirsten Davella,Bibb County SO GA,3,"05/16/2026, 04:00:06 PM UTC
05/18/2026, 04:00:06 PM UTC",***Redacted***,Weapons Offense (Guns/Shots Fired) - ,2026-42983,***Redacted***,"05/18/2026, 03:39:16 PM UTC",search,,
ea5f4672-601c-43ed-886a-dee944a4fe4d,Charlee Gibson,Bibb County SO GA,3,"04/18/2026, 04:00:20 PM UTC
05/18/2026, 04:00:20 PM UTC",***Redacted***,Weapons Offense (Guns/Shots Fired) - ,2026-42958,***Redacted***,"05/18/2026, 03:44:25 PM UTC",search,,
b7354e37-7565-4e1d-af97-fcec281adaf1,Charlee Gibson,Bibb County SO GA,3,"04/18/2026, 04:00:20 PM UTC
05/18/2026, 04:00:20 PM UTC",***Redacted***,Weapons Offense (Guns/Shots Fired) - ,2026-42958,***Redacted***,"05/18/2026, 03:45:19 PM UTC",search,,
421bfa13-fa2a-41c3-b32a-6173bc8b7f8b,Alexis Robinson,Bibb County SO GA,3,"04/18/2026, 04:00:43 PM UTC
05/18/2026, 04:00:43 PM UTC",***Redacted***,Weapons Offense (Guns/Shots Fired) - ,2026-42593,***Redacted***,"05/18/2026, 03:45:21 PM UTC",search,,
142d623d-9548-4acd-8b93-ddc5cb8900da,Justin Edwards,Bibb County SO GA,3,"04/19/2026, 04:00:00 AM UTC
05/18/2026, 03:44:59 PM UTC",***Redacted***,Wanted Person (Arrest Warrant/Fugitive) - ,2024-67104,***Redacted***,"05/18/2026, 03:45:30 PM UTC",search - Mobile,,
bfca7eeb-8e63-4140-85ff-0f71200c77f1,Charlee Gibson,Bibb County SO GA,3,"04/18/2026, 04:00:20 PM UTC
05/18/2026, 04:00:20 PM UTC",***Redacted***,Weapons Offense (Guns/Shots Fired) - ,2026-42958,***Redacted***,"05/18/2026, 03:45:56 PM UTC",search,,
fc697713-47f8-494f-a8cb-4f819b242478,Alexis Robinson,Bibb County SO GA,3,"04/18/2026, 04:00:43 PM UTC
05/18/2026, 04:00:43 PM UTC",***Redacted***,Weapons Offense (Guns/Shots Fired) - ,2026-42593,***Redacted***,"05/18/2026, 03:45:56 PM UTC",search,,
6fa63bc0-4884-4505-816a-7a652ca84447,Alexis Robinson,Bibb County SO GA,3,"04/18/2026, 04:00:43 PM UTC
05/18/2026, 04:00:43 PM UTC",***Redacted***,Weapons Offense (Guns/Shots Fired) - ,2026-42593,***Redacted***,"05/18/2026, 03:46:10 PM UTC",search,,
9e840fff-98bf-4720-b277-9bdfc4fdc221,Alexis Robinson,Bibb County SO GA,3,"04/18/2026, 04:00:43 PM UTC
05/18/2026, 04:00:43 PM UTC",***Redacted***,Weapons Offense (Guns/Shots Fired) - ,2026-42593,***Redacted***,"05/18/2026, 03:46:30 PM UTC",search,,
747d4ebc-4eb5-4676-8911-67ab0905d0d8,Alexis Robinson,Bibb County SO GA,3,"04/18/2026, 04:00:43 PM UTC
05/18/2026, 04:00:43 PM UTC",***Redacted***,Weapons Offense (Guns/Shots Fired) - ,2026-42593,***Redacted***,"05/18/2026, 03:46:55 PM UTC",search,,
8bc50c59-6b1d-432e-9014-a9df45abc5a4,Alexis Robinson,Bibb County SO GA,3,"04/18/2026, 04:00:43 PM UTC
05/18/2026, 04:00:43 PM UTC",***Redacted***,Weapons Offense (Guns/Shots Fired) - ,2026-42593,***Redacted***,"05/18/2026, 03:47:07 PM UTC",search,,
c4b12751-8f4c-4350-9c6b-9e31131fedae,Alexis Robinson,Bibb County SO GA,3,"04/18/2026, 04:00:43 PM UTC
05/18/2026, 04:00:43 PM UTC",***Redacted***,Weapons Offense (Guns/Shots Fired) - ,2026-42593,***Redacted***,"05/18/2026, 03:47:21 PM UTC",search,,
623819b0-b522-4b75-98d2-57354d0aaeeb,Justin Edwards,Bibb County SO GA,776,"04/19/2026, 04:00:00 AM UTC
05/18/2026, 03:44:59 PM UTC",***Redacted***,Wanted Person (Arrest Warrant/Fugitive) - ,2024-67104,***Redacted***,"05/18/2026, 03:47:28 PM UTC",search - Mobile,,
9e55acae-0820-4d17-b80f-90f84f950e09,Alexis Robinson,Bibb County SO GA,3,"04/18/2026, 04:00:43 PM UTC
05/18/2026, 04:00:43 PM UTC",***Redacted***,Weapons Offense (Guns/Shots Fired) - ,2026-42593,***Redacted***,"05/18/2026, 03:48:13 PM UTC",search,,
e02fcf18-12c3-43fa-9e2d-668fecab3739,Charlee Gibson,Bibb County SO GA,3,"04/18/2026, 04:00:20 PM UTC
05/18/2026, 04:00:20 PM UTC",***Redacted***,Weapons Offense (Guns/Shots Fired) - ,2026-42958,***Redacted***,"05/18/2026, 03:48:15 PM UTC",search,,
8e26c3a4-ea46-461f-9e14-d4195492731b,Charlee Gibson,Bibb County SO GA,3,"04/18/2026, 04:00:20 PM UTC
05/18/2026, 04:00:20 PM UTC",***Redacted***,Weapons Offense (Guns/Shots Fired) - ,2026-42958,***Redacted***,"05/18/2026, 03:48:21 PM UTC",search,,
a4c28052-2040-4642-bf43-a717f04f8618,Alexis Robinson,Bibb County SO GA,1425,"04/18/2026, 04:00:43 PM UTC
05/18/2026, 04:00:43 PM UTC",***Redacted***,Weapons Offense (Guns/Shots Fired) - ,2026-42593,***Redacted***,"05/18/2026, 03:48:32 PM UTC",search,,
3c7612af-5782-4cb9-9384-efbf0f35687e,Charlee Gibson,Bibb County SO GA,3,"04/18/2026, 04:00:20 PM UTC
05/18/2026, 04:00:20 PM UTC",***Redacted***,Weapons Offense (Guns/Shots Fired) - ,2026-42958,***Redacted***,"05/18/2026, 03:49:08 PM UTC",search,,
6ed1f640-6516-40f4-96f1-388ef05126bd,Alexis Robinson,Bibb County SO GA,3,"04/18/2026, 04:00:58 PM UTC
05/18/2026, 04:00:58 PM UTC",***Redacted***,Weapons Offense (Guns/Shots Fired) - ,2026-42593,***Redacted***,"05/18/2026, 03:50:15 PM UTC",visual,,
bf6cbb65-c922-499b-9bc6-d63f45444f6a,Kirsten Davella,Bibb County SO GA,3,"05/16/2026, 04:00:06 PM UTC
05/18/2026, 04:00:06 PM UTC",***Redacted***,Weapons Offense (Guns/Shots Fired) - ,2026-42983,***Redacted***,"05/18/2026, 03:50:37 PM UTC",search,,
5a04d16a-299e-4412-9d70-d6f0ddaacce4,Kirsten Davella,Bibb County SO GA,3,"05/16/2026, 04:00:06 PM UTC
05/18/2026, 04:00:06 PM UTC",***Redacted***,Weapons Offense (Guns/Shots Fired) - ,2026-42983,***Redacted***,"05/18/2026, 03:50:43 PM UTC",search,,
1606134b-b8e2-40fb-a959-ec8f41763692,Kirsten Davella,Bibb County SO GA,3,"04/18/2026, 04:00:52 PM UTC
05/18/2026, 04:00:52 PM UTC",***Redacted***,Weapons Offense (Guns/Shots Fired) - ,2026-42983,***Redacted***,"05/18/2026, 03:50:54 PM UTC",search,,
972abfe6-814b-4036-a3cb-eafb24f20185,Kirsten Davella,Bibb County SO GA,3,"04/18/2026, 04:00:52 PM UTC
05/18/2026, 04:00:52 PM UTC",***Redacted***,Weapons Offense (Guns/Shots Fired) - ,2026-42983,***Redacted***,"05/18/2026, 03:51:03 PM UTC",search,,
3532aeec-7cf2-4366-b851-5d55a24fe35b,Charlee Gibson,Bibb County SO GA,3,"05/18/2026, 03:03:21 PM UTC
05/18/2026, 03:18:21 PM UTC",***Redacted***,Weapons Offense (Guns/Shots Fired) - ,2026-42958,***Redacted***,"05/18/2026, 03:51:53 PM UTC",visual,,
f1ccdaa1-64f5-4508-aac5-cb29765413ba,Kirsten Davella,Bibb County SO GA,1,"05/18/2026, 11:25:00 AM UTC
05/18/2026, 11:40:00 AM UTC",***Redacted***,Weapons Offense (Guns/Shots Fired) - ,2026-42983,***Redacted***,"05/18/2026, 03:52:05 PM UTC",search,,
cb4118d0-d1ce-4295-8c34-98a70559faff,Charlee Gibson,Bibb County SO GA,3,"05/11/2026, 04:00:32 PM UTC
05/18/2026, 04:00:32 PM UTC",***Redacted***,Weapons Offense (Guns/Shots Fired) - ,2026-42958,***Redacted***,"05/18/2026, 03:52:41 PM UTC",visual,,
1036905f-8982-482e-b696-e4690a2ca554,Alexis Robinson,Bibb County SO GA,3,"05/11/2026, 04:00:00 PM UTC
05/18/2026, 04:00:00 PM UTC",***Redacted***,Weapons Offense (Guns/Shots Fired) - ,2026-42593,***Redacted***,"05/18/2026, 03:54:52 PM UTC",visual,,
d747a981-2a90-4f3a-8193-76c74d1efafb,Alexis Robinson,Bibb County SO GA,2,"05/11/2026, 04:00:00 PM UTC
05/18/2026, 04:00:00 PM UTC",***Redacted***,Weapons Offense (Guns/Shots Fired) - ,2026-42593,***Redacted***,"05/18/2026, 03:55:37 PM UTC",visual,,
26302112-6492-4830-9be3-c2185a270da5,Alexis Robinson,Bibb County SO GA,3,"05/17/2026, 04:00:00 PM UTC
05/18/2026, 04:00:00 PM UTC",***Redacted***,Weapons Offense (Guns/Shots Fired) - ,2026-42593,***Redacted***,"05/18/2026, 03:59:33 PM UTC",visual,,
bbd5ab0b-c15f-4df3-9de4-b4911f8b1bda,Alexis Robinson,Bibb County SO GA,3,"05/11/2026, 04:00:00 PM UTC
05/12/2026, 04:00:00 PM UTC",***Redacted***,Weapons Offense (Guns/Shots Fired) - ,2026-42593,***Redacted***,"05/18/2026, 04:00:09 PM UTC",visual,,
ec537789-f69b-4902-ad5d-853070a1362e,Charlee Gibson,Bibb County SO GA,3,"05/11/2026, 04:30:52 PM UTC
05/18/2026, 04:30:52 PM UTC",***Redacted***,Weapons Offense (Guns/Shots Fired) - ,2026-42958,***Redacted***,"05/18/2026, 04:01:00 PM UTC",visual,,
234ee96f-afb3-42c8-b3cb-3ea3380becbe,Alexis Robinson,Bibb County SO GA,2,"05/11/2026, 04:30:57 PM UTC
05/18/2026, 04:30:57 PM UTC",***Redacted***,Weapons Offense (Guns/Shots Fired) - ,2026-42593,***Redacted***,"05/18/2026, 04:02:24 PM UTC",visual,,
efe36496-b8ab-466a-ae3a-2f2ab7cfb122,Justin Edwards,Bibb County SO GA,776,"05/11/2026, 04:06:55 PM UTC
05/18/2026, 04:06:55 PM UTC",***Redacted***,Wanted Person (Arrest Warrant/Fugitive) - ,2024-67104,***Redacted***,"05/18/2026, 04:06:58 PM UTC",search - Mobile,,
e98f22a2-5c75-4e97-a282-b09657f0644a,Enrique Hogan,Bibb County SO GA,731,"05/11/2026, 08:47:33 PM UTC
05/18/2026, 08:47:33 PM UTC",***Redacted***,Wanted Person (Arrest Warrant/Fugitive) - FID  11957926,FID1192341,***Redacted***,"05/18/2026, 08:47:38 PM UTC",lookup - Mobile,,
98f30e04-2814-4965-a12f-1cf52c64baf6,Enrique Hogan,Bibb County SO GA,731,"05/04/2026, 08:48:01 PM UTC
05/18/2026, 08:48:01 PM UTC",***Redacted***,Wanted Person (Arrest Warrant/Fugitive) - FID  11957926,FID1192341,***Redacted***,"05/18/2026, 08:48:02 PM UTC",lookup - Mobile,,
c62b8826-5958-45ed-91dd-5311f3c2510a,Enrique Hogan,Bibb County SO GA,731,"05/04/2026, 08:48:20 PM UTC
05/18/2026, 08:48:20 PM UTC",***Redacted***,Wanted Person (Arrest Warrant/Fugitive) - FID  11957926,FID1192341,***Redacted***,"05/18/2026, 08:48:24 PM UTC",lookup - Mobile,,
2ad0cdf3-6180-452d-b829-d7eec64bbb29,Enrique Hogan,Bibb County SO GA,731,"05/04/2026, 08:48:34 PM UTC
05/18/2026, 08:48:34 PM UTC",***Redacted***,Wanted Person (Arrest Warrant/Fugitive) - FID  11957926,FID1192341,***Redacted***,"05/18/2026, 08:48:40 PM UTC",search - Mobile,,
d9f0c2a0-761e-4e98-83b1-0720a3eb1fce,Enrique Hogan,Bibb County SO GA,3,"05/04/2026, 08:49:22 PM UTC
05/18/2026, 08:49:22 PM UTC",***Redacted***,Wanted Person (Arrest Warrant/Fugitive) - FID  11957926,FID1192341,***Redacted***,"05/18/2026, 08:49:26 PM UTC",search - Mobile,,
a6916bac-619f-4ca3-843d-fd7dcb895fcc,Enrique Hogan,Bibb County SO GA,3,"04/18/2026, 08:51:14 PM UTC
05/18/2026, 08:51:14 PM UTC",***Redacted***,Wanted Person (Arrest Warrant/Fugitive) - FID  11957926,FID1192341,***Redacted***,"05/18/2026, 08:51:20 PM UTC",search - Mobile,,
36ca2133-0a73-4704-b42e-1446f4375e6d,Enrique Hogan,Bibb County SO GA,3,"04/18/2026, 08:52:38 PM UTC
05/18/2026, 08:52:38 PM UTC",***Redacted***,Wanted Person (Arrest Warrant/Fugitive) - FID  11957926,FID1192341,***Redacted***,"05/18/2026, 08:52:43 PM UTC",search - Mobile,,
aa88209a-0c86-4cd0-9cf0-a3e81d4d7c29,Enrique Hogan,Bibb County SO GA,731,"04/18/2026, 08:52:46 PM UTC
05/18/2026, 08:52:46 PM UTC",***Redacted***,Wanted Person (Arrest Warrant/Fugitive) - FID  11957926,FID1192341,***Redacted***,"05/18/2026, 08:52:56 PM UTC",search - Mobile,,
d8e41f88-a42e-475b-9ab8-6ea703ed0e25,Enrique Hogan,Bibb County SO GA,3,"04/18/2026, 08:54:20 PM UTC
05/18/2026, 08:54:20 PM UTC",***Redacted***,Wanted Person (Arrest Warrant/Fugitive) - FID  11957926,FID1192341,***Redacted***,"05/18/2026, 08:54:24 PM UTC",search - Mobile,,
4cf463d9-f4bc-4593-9e08-6a950fc4099d,Enrique Hogan,Bibb County SO GA,731,"04/18/2026, 08:54:27 PM UTC
05/18/2026, 08:54:27 PM UTC",***Redacted***,Wanted Person (Arrest Warrant/Fugitive) - FID  11957926,FID1192341,***Redacted***,"05/18/2026, 08:54:38 PM UTC",search - Mobile,,
951ed98b-06f0-48c0-8e19-279ceca5139e,Enrique Hogan,Bibb County SO GA,3,"04/18/2026, 08:57:02 PM UTC
05/18/2026, 08:57:02 PM UTC",***Redacted***,Wanted Person (Arrest Warrant/Fugitive) - FID  11957926,FID1192341,***Redacted***,"05/18/2026, 08:57:07 PM UTC",search - Mobile,,
0ee589c5-4535-4640-9128-bda3183fb21b,Enrique Hogan,Bibb County SO GA,731,"05/17/2026, 08:57:19 PM UTC
05/18/2026, 08:57:19 PM UTC",***Redacted***,Wanted Person (Arrest Warrant/Fugitive) - FID  11957926,FID1192341,***Redacted***,"05/18/2026, 08:57:21 PM UTC",search - Mobile,,
b92329f0-b364-4096-bdef-1065425cc8fa,Enrique Hogan,Bibb County SO GA,731,"05/11/2026, 08:57:30 PM UTC
05/18/2026, 08:57:30 PM UTC",***Redacted***,Wanted Person (Arrest Warrant/Fugitive) - FID  11957926,FID1192341,***Redacted***,"05/18/2026, 08:57:33 PM UTC",search - Mobile,,
95d3c361-e219-4c5c-a65b-c71b447473c3,Enrique Hogan,Bibb County SO GA,731,"05/11/2026, 08:58:01 PM UTC
05/18/2026, 08:58:01 PM UTC",***Redacted***,Wanted Person (Arrest Warrant/Fugitive) - FID  11957926,FID1192341,***Redacted***,"05/18/2026, 08:58:05 PM UTC",search - Mobile,,
9c7ed7da-aaa8-4e9a-b6de-ac97d19d0f8b,Enrique Hogan,Bibb County SO GA,731,"05/04/2026, 09:00:06 PM UTC
05/18/2026, 09:00:06 PM UTC",***Redacted***,Wanted Person (Arrest Warrant/Fugitive) - FID  11957926,FID1192341,***Redacted***,"05/18/2026, 09:00:11 PM UTC",search - Mobile,,
35d16b05-421b-4fb5-b457-e31ac6244fd3,Enrique Hogan,Bibb County SO GA,731,"05/04/2026, 09:00:31 PM UTC
05/18/2026, 09:00:31 PM UTC",***Redacted***,Wanted Person (Arrest Warrant/Fugitive) - FID  11957926,FID1192341,***Redacted***,"05/18/2026, 09:00:35 PM UTC",search - Mobile,,
d81df44c-9627-4dfc-bcb0-1e5a3af52778,Enrique Hogan,Bibb County SO GA,731,"05/04/2026, 09:00:56 PM UTC
05/18/2026, 09:00:56 PM UTC",***Redacted***,Wanted Person (Arrest Warrant/Fugitive) - FID  11957926,FID1192341,***Redacted***,"05/18/2026, 09:00:58 PM UTC",search - Mobile,,
e2788430-3e59-4bcf-8973-8f7fea0ee4ec,Enrique Hogan,Bibb County SO GA,731,"05/04/2026, 09:01:06 PM UTC
05/18/2026, 09:01:06 PM UTC",***Redacted***,Wanted Person (Arrest Warrant/Fugitive) - FID  11957926,FID1192341,***Redacted***,"05/18/2026, 09:01:09 PM UTC",search - Mobile,,
526c5a0b-3fe2-429e-9aa6-7bfedb8df9ec,Enrique Hogan,Bibb County SO GA,731,"05/04/2026, 09:02:56 PM UTC
05/18/2026, 09:02:56 PM UTC",***Redacted***,Wanted Person (Arrest Warrant/Fugitive) - FID  11957926,FID1192341,***Redacted***,"05/18/2026, 09:02:59 PM UTC",search - Mobile,,
2177bd81-a202-4ccd-ba9b-0114cd3a6c9f,Enrique Hogan,Bibb County SO GA,731,"05/04/2026, 09:03:01 PM UTC
05/18/2026, 09:03:01 PM UTC",***Redacted***,Wanted Person (Arrest Warrant/Fugitive) - FID  11957926,FID1192341,***Redacted***,"05/18/2026, 09:03:03 PM UTC",search - Mobile,,
ad0d4ac2-6fdf-436c-a1a8-0ba1b873a76d,Enrique Hogan,Bibb County SO GA,731,"05/04/2026, 09:03:17 PM UTC
05/18/2026, 09:03:17 PM UTC",***Redacted***,Wanted Person (Arrest Warrant/Fugitive) - FID  11957926,FID1192341,***Redacted***,"05/18/2026, 09:03:20 PM UTC",search - Mobile,,
b03011d5-7fc2-4add-a17b-cb17335988a2,Justin Edwards,Bibb County SO GA,3,"05/15/2026, 01:11:34 AM UTC
05/22/2026, 01:11:34 AM UTC",***Redacted***,Assault/Battery Offenses - ,2024-67104,***Redacted***,"05/22/2026, 01:11:36 AM UTC",lookup - Mobile,,
d1147c21-3648-4bff-913b-3c8034de4e4f,Charlee Gibson,Bibb County SO GA,73,"04/01/2026, 06:30:00 PM UTC
04/30/2026, 06:30:00 PM UTC",***Redacted***,Motor Vehicle Theft/Stolen - ,2026-26729,***Redacted***,"05/21/2026, 06:15:54 PM UTC",visual,,
b9d055ac-133a-48f3-8523-d6a50d2eaae8,Charlee Gibson,Bibb County SO GA,73,"03/22/2026, 06:30:00 PM UTC
04/21/2026, 06:30:00 PM UTC",***Redacted***,Motor Vehicle Theft/Stolen - ,2026-26729,***Redacted***,"05/21/2026, 06:16:46 PM UTC",visual,,
9001d892-b3fe-485e-bc1c-290ef8e042bf,Justin Edwards,Bibb County SO GA,730,"05/14/2026, 06:58:14 PM UTC
05/21/2026, 06:58:14 PM UTC",***Redacted***,Assault/Battery Offenses - ,2024-67104,***Redacted***,"05/21/2026, 06:58:16 PM UTC",lookup - Mobile,,
aa5a9046-c5ce-4b41-a4dc-097595ef31ac,Seth Vonderhuevel,Bibb County SO GA,1357,"05/20/2026, 07:16:28 PM UTC
05/21/2026, 07:16:28 PM UTC",***Redacted***,Traffic Infraction - ,26-41265,***Redacted***,"05/21/2026, 07:16:35 PM UTC",lookup - Mobile,,
81f94ae6-5387-4b22-85e2-8553aa0460d3,Seth Vonderhuevel,Bibb County SO GA,1357,"05/20/2026, 07:16:57 PM UTC
05/21/2026, 07:16:57 PM UTC",***Redacted***,Traffic Infraction - ,26-41265,***Redacted***,"05/21/2026, 07:16:58 PM UTC",lookup - Mobile,,
e7a9ccb4-992a-4f04-9c58-a68a71e582e7,Seth Vonderhuevel,Bibb County SO GA,1357,"05/21/2026, 07:17:43 AM UTC
05/21/2026, 07:17:43 PM UTC",***Redacted***,Traffic Infraction - ,26-41265,***Redacted***,"05/21/2026, 07:17:45 PM UTC",lookup - Mobile,,
ad69e8a3-e3f0-4e5d-8e72-b25d57069bcd,Justin Edwards,Bibb County SO GA,730,"05/14/2026, 07:18:26 PM UTC
05/21/2026, 07:18:26 PM UTC",***Redacted***,Assault/Battery Offenses - ,2024-67104,***Redacted***,"05/21/2026, 07:18:27 PM UTC",lookup - Mobile,,
34a9ae32-28b2-4484-8d30-be740a9d9264,Seth Vonderhuevel,Bibb County SO GA,1357,"05/21/2026, 07:19:08 AM UTC
05/21/2026, 07:19:08 PM UTC",***Redacted***,Traffic Infraction - ,26-41265,***Redacted***,"05/21/2026, 07:19:10 PM UTC",lookup - Mobile,,
82119bb8-ee91-4190-8df3-9f7643283863,Kirsten Davella,Bibb County SO GA,1,"05/21/2026, 11:00:00 PM UTC
05/21/2026, 11:15:00 PM UTC",***Redacted***,Assault/Battery Offenses - ,2026-44149,***Redacted***,"05/21/2026, 11:56:29 PM UTC",search,,
8e6ba94a-93e5-4aa5-8277-e54acb5a9363,Justin Edwards,Bibb County SO GA,776,"05/19/2026, 11:37:48 AM UTC
05/19/2026, 05:37:48 PM UTC",***Redacted***,Wanted Person (Arrest Warrant/Fugitive) - ,2024-67104,***Redacted***,"05/19/2026, 05:37:51 PM UTC",search - Mobile,,
ef4616f9-1cdd-4956-9abb-26cdc8768a33,Kirsten Davella,Bibb County SO GA,3,"05/20/2026, 12:30:17 AM UTC
05/20/2026, 02:30:17 AM UTC",***Redacted***,Robbery - ,2026-42853,***Redacted***,"05/20/2026, 02:51:17 AM UTC",lookup,,
07f08fb1-8341-421a-a779-8f747e5ea678,Kirsten Davella,Bibb County SO GA,3,"04/20/2026, 03:00:21 AM UTC
05/20/2026, 03:00:21 AM UTC",***Redacted***,Robbery - ,2026-42853,***Redacted***,"05/20/2026, 02:51:24 AM UTC",lookup,,
be6ec3c5-4546-44c4-a4f4-042f2de76b5c,Kirsten Davella,Bibb County SO GA,3,"05/17/2026, 03:00:00 AM UTC
05/18/2026, 03:00:00 AM UTC",***Redacted***,Robbery - ,2026-42853,***Redacted***,"05/20/2026, 02:51:36 AM UTC",lookup,,
455a0f13-1c13-4dea-bd48-7031f3caf253,Kirsten Davella,Bibb County SO GA,3,"05/17/2026, 03:00:00 AM UTC
05/18/2026, 03:00:00 AM UTC",***Redacted***,Robbery - ,2026-42853,***Redacted***,"05/20/2026, 02:51:39 AM UTC",lookup,,
c2882c25-074b-4a2f-a5a0-7464949ef10a,Kirsten Davella,Bibb County SO GA,3,"04/20/2026, 03:00:40 AM UTC
05/20/2026, 03:00:40 AM UTC",***Redacted***,Robbery - ,2026-42853,***Redacted***,"05/20/2026, 02:51:42 AM UTC",lookup,,
0015e6b9-90ee-4e43-a435-0077cd7922ad,Adam Grant,Bibb County SO GA,1357,"04/20/2026, 04:17:38 AM UTC
05/20/2026, 04:17:38 AM UTC",***Redacted***,Larceny/Theft Offenses - ,2026-1296,***Redacted***,"05/20/2026, 04:17:41 AM UTC",lookup - Mobile,,
66585bef-b38a-4e82-86ac-27954c17f5e3,Toni Lewis,Bibb County SO GA,11,"05/19/2026, 07:30:18 AM UTC
05/19/2026, 09:30:18 AM UTC",***Redacted***,Stolen Property Offenses - ,2026-43293,***Redacted***,"05/19/2026, 09:13:07 AM UTC",lookup,,
c4c37160-baf0-4bd8-850a-092c5006e9cb,Toni Lewis,Bibb County SO GA,11,"05/18/2026, 09:30:15 AM UTC
05/19/2026, 09:30:15 AM UTC",***Redacted***,Stolen Property Offenses - ,2026-43293,***Redacted***,"05/19/2026, 09:13:17 AM UTC",lookup,,
5d143422-53d0-4d82-8d2b-8b22d3994171,Toni Lewis,Bibb County SO GA,11,"05/18/2026, 09:30:15 AM UTC
05/19/2026, 09:30:15 AM UTC",***Redacted***,Motor Vehicle Theft/Stolen - ,2026-43293,***Redacted***,"05/19/2026, 09:13:35 AM UTC",lookup,,
5958ea90-7cbc-4e0f-8d66-3fe94721481d,Toni Lewis,Bibb County SO GA,11,"05/18/2026, 09:30:15 AM UTC
05/19/2026, 09:30:15 AM UTC",***Redacted***,Motor Vehicle Theft/Stolen - ,2026-43293,***Redacted***,"05/19/2026, 09:14:30 AM UTC",lookup,,
fe613ccd-a03c-4b3d-9ae8-9bb22e95c507,Toni Lewis,Bibb County SO GA,11,"05/18/2026, 09:30:15 AM UTC
05/19/2026, 09:30:15 AM UTC",***Redacted***,Motor Vehicle Theft/Stolen - ,2026-43293,***Redacted***,"05/19/2026, 09:14:37 AM UTC",lookup,,
4873e6f7-ceb1-4527-9a6e-12b1d8b1f210,Toni Lewis,Bibb County SO GA,11,"05/12/2026, 09:30:41 AM UTC
05/19/2026, 09:30:41 AM UTC",***Redacted***,Motor Vehicle Theft/Stolen - ,2026-43293,***Redacted***,"05/19/2026, 09:14:43 AM UTC",lookup,,
2524d076-e83c-4217-837a-671d55e75dea,Toni Lewis,Bibb County SO GA,11,"05/05/2026, 09:30:48 AM UTC
05/19/2026, 09:30:48 AM UTC",***Redacted***,Motor Vehicle Theft/Stolen - ,2026-43293,***Redacted***,"05/19/2026, 09:14:50 AM UTC",lookup,,
68e6c780-bc56-4d82-97ba-b7c43087e5ed,Toni Lewis,Bibb County SO GA,11,"05/05/2026, 09:30:48 AM UTC
05/19/2026, 09:30:48 AM UTC",***Redacted***,Motor Vehicle Theft/Stolen - ,2026-43293,***Redacted***,"05/19/2026, 09:14:58 AM UTC",lookup,,
f6b3d5fa-7ae2-4c4b-9896-9edd7185c15f,Toni Lewis,Bibb County SO GA,11,"05/10/2026, 09:30:00 AM UTC
05/19/2026, 09:30:00 AM UTC",***Redacted***,Motor Vehicle Theft/Stolen - ,2026-43293,***Redacted***,"05/19/2026, 09:15:13 AM UTC",lookup,,
c89c8303-9713-4ebb-8ae6-40f869de8e15,Toni Lewis,Bibb County SO GA,11,"05/10/2026, 09:30:00 AM UTC
05/19/2026, 09:30:00 AM UTC",***Redacted***,Motor Vehicle Theft/Stolen - ,2026-43293,***Redacted***,"05/19/2026, 09:15:26 AM UTC",search,,
b514afbf-7fb1-4d8d-bca2-b1002ca2c647,Toni Lewis,Bibb County SO GA,11,"05/10/2026, 09:30:00 AM UTC
05/19/2026, 09:30:00 AM UTC",***Redacted***,Motor Vehicle Theft/Stolen - ,2026-43293,***Redacted***,"05/19/2026, 09:17:12 AM UTC",lookup,,
8e59f4fb-bc31-42a3-9dc5-986e23fd88b1,Toni Lewis,Bibb County SO GA,11,"05/10/2026, 09:30:00 AM UTC
05/19/2026, 09:30:00 AM UTC",***Redacted***,Motor Vehicle Theft/Stolen - ,2026-43293,***Redacted***,"05/19/2026, 09:17:28 AM UTC",lookup,,
66b85c53-d68f-4ca7-82d8-52ac2aa65e8d,John Kile,Bibb County SO GA,11,"05/19/2026, 07:30:23 AM UTC
05/19/2026, 09:30:23 AM UTC",***Redacted***,Motor Vehicle Theft/Stolen - ,2026-00043293,***Redacted***,"05/19/2026, 09:17:32 AM UTC",lookup,,
b3033a10-9bd1-470e-aa58-b33b34447de5,Toni Lewis,Bibb County SO GA,11,"05/18/2026, 09:30:32 AM UTC
05/19/2026, 09:30:32 AM UTC",***Redacted***,Motor Vehicle Theft/Stolen - ,2026-43293,***Redacted***,"05/19/2026, 09:17:33 AM UTC",lookup,,
6a7302ea-eec2-4659-876e-e39bbfbc6a74,Toni Lewis,Bibb County SO GA,11,"05/18/2026, 09:30:32 AM UTC
05/19/2026, 09:30:32 AM UTC",***Redacted***,Motor Vehicle Theft/Stolen - ,2026-43293,***Redacted***,"05/19/2026, 09:17:39 AM UTC",lookup,,
6441f9fa-59d9-4700-99ea-911137a69202,John Kile,Bibb County SO GA,11,"05/18/2026, 09:30:45 AM UTC
05/19/2026, 09:30:45 AM UTC",***Redacted***,Motor Vehicle Theft/Stolen - ,2026-00043293,***Redacted***,"05/19/2026, 09:17:49 AM UTC",lookup,,
94e5f4ae-8405-4e6e-b4c1-a8d193cb8d50,John Kile,Bibb County SO GA,11,"05/05/2026, 09:30:00 AM UTC
05/19/2026, 09:30:00 AM UTC",***Redacted***,Motor Vehicle Theft/Stolen - ,2026-00043293,***Redacted***,"05/19/2026, 09:18:04 AM UTC",lookup,,
79e63ebd-0376-4248-a128-d4634eadd77b,Toni Lewis,Bibb County SO GA,11,"05/10/2026, 09:30:00 AM UTC
05/19/2026, 09:30:00 AM UTC",***Redacted***,Motor Vehicle Theft/Stolen - ,2026-43293,***Redacted***,"05/19/2026, 09:18:04 AM UTC",lookup,,
954cac50-f407-41cb-baaf-da824fbe301b,Toni Lewis,Bibb County SO GA,11,"05/05/2026, 09:30:07 AM UTC
05/19/2026, 09:30:07 AM UTC",***Redacted***,Motor Vehicle Theft/Stolen - ,2026-43293,***Redacted***,"05/19/2026, 09:18:09 AM UTC",lookup,,
c2e52277-5f4b-4bef-b50f-760bc8c04a2e,Toni Lewis,Bibb County SO GA,11,"04/19/2026, 09:30:16 AM UTC
05/19/2026, 09:30:16 AM UTC",***Redacted***,Motor Vehicle Theft/Stolen - ,2026-43293,***Redacted***,"05/19/2026, 09:18:21 AM UTC",lookup,,
05a14d75-91aa-4492-b937-d154f7d9da91,John Kile,Bibb County SO GA,11,"04/19/2026, 09:30:18 AM UTC
05/19/2026, 09:30:18 AM UTC",***Redacted***,Motor Vehicle Theft/Stolen - ,2026-00043293,***Redacted***,"05/19/2026, 09:18:21 AM UTC",lookup,,
40b8517d-dadd-478b-91fc-f37201f90aa3,Toni Lewis,Bibb County SO GA,11,"04/19/2026, 09:30:16 AM UTC
05/19/2026, 09:30:16 AM UTC",***Redacted***,Motor Vehicle Theft/Stolen - ,2026-43293,***Redacted***,"05/19/2026, 09:18:40 AM UTC",lookup,,
9b216cfa-2b19-4bd3-9853-279ed3506a41,John Kile,Bibb County SO GA,11,"04/19/2026, 09:30:18 AM UTC
05/19/2026, 09:30:18 AM UTC",***Redacted***,Motor Vehicle Theft/Stolen - ,2026-00043293,***Redacted***,"05/19/2026, 09:18:42 AM UTC",lookup,,
339f42bf-2140-4817-89a6-6d1643bdc6d9,Toni Lewis,Bibb County SO GA,11,"05/05/2026, 09:30:45 AM UTC
05/19/2026, 09:30:45 AM UTC",***Redacted***,Motor Vehicle Theft/Stolen - ,2026-43293,***Redacted***,"05/19/2026, 09:18:46 AM UTC",lookup,,
bdb6f011-3b03-458d-8fe5-d575c5a94ecc,John Kile,Bibb County SO GA,11,"04/19/2026, 09:30:23 AM UTC
05/19/2026, 09:30:23 AM UTC",***Redacted***,Motor Vehicle Theft/Stolen - ,2026-00043293,***Redacted***,"05/19/2026, 09:20:48 AM UTC",lookup,,
e8bd730c-71c9-4104-babf-6c9a60af0537,Toni Lewis,Bibb County SO GA,11,"05/01/2026, 09:30:00 AM UTC
05/19/2026, 09:30:00 AM UTC",***Redacted***,Motor Vehicle Theft/Stolen - ,2026-43293,***Redacted***,"05/19/2026, 09:20:59 AM UTC",lookup,,
498d06ef-dd34-4c2c-9aa9-0a615ae221da,John Kile,Bibb County SO GA,11,"04/19/2026, 09:30:23 AM UTC
05/19/2026, 09:30:23 AM UTC",***Redacted***,Motor Vehicle Theft/Stolen - ,2026-00043293,***Redacted***,"05/19/2026, 09:21:40 AM UTC",lookup,,
4da10c05-2a1f-4a8c-84a9-0d92eb7cab01,John Kile,Bibb County SO GA,11,"04/19/2026, 09:30:23 AM UTC
05/19/2026, 09:30:23 AM UTC",***Redacted***,Motor Vehicle Theft/Stolen - ,2026-00043293,***Redacted***,"05/19/2026, 09:21:59 AM UTC",lookup,,
6ad97363-8721-4694-aa1a-bb43009680cf,John Kile,Bibb County SO GA,11,"04/19/2026, 09:30:23 AM UTC
05/19/2026, 09:30:23 AM UTC",***Redacted***,Motor Vehicle Theft/Stolen - ,2026-00043293,***Redacted***,"05/19/2026, 09:22:12 AM UTC",lookup,,
a4e5507e-d0d3-48f1-b6dd-dbcdbee26cfb,John Kile,Bibb County SO GA,11,"04/19/2026, 09:30:23 AM UTC
05/19/2026, 09:30:23 AM UTC",***Redacted***,Motor Vehicle Theft/Stolen - ,2026-00043293,***Redacted***,"05/19/2026, 09:22:25 AM UTC",search,,
8a2d8040-b421-49af-972e-a2c44519ec38,John Kile,Bibb County SO GA,11,"05/17/2026, 09:30:53 AM UTC
05/19/2026, 09:30:53 AM UTC",***Redacted***,Motor Vehicle Theft/Stolen - ,2026-00043293,***Redacted***,"05/19/2026, 09:22:57 AM UTC",search,,
f10729d3-cb76-496d-884d-06926bbcebb4,John Kile,Bibb County SO GA,11,"05/17/2026, 09:30:53 AM UTC
05/19/2026, 09:30:53 AM UTC",***Redacted***,Motor Vehicle Theft/Stolen - ,2026-00043293,***Redacted***,"05/19/2026, 09:26:30 AM UTC",lookup,,
9c7d020f-7cd7-46f6-8fe5-5eb8417e246a,John Kile,Bibb County SO GA,11,"04/19/2026, 09:30:34 AM UTC
05/19/2026, 09:30:34 AM UTC",***Redacted***,Motor Vehicle Theft/Stolen - ,2026-00043293,***Redacted***,"05/19/2026, 09:26:39 AM UTC",lookup,,
87a8823e-e124-4079-b39d-fa5b8475ab51,John Kile,Bibb County SO GA,11,"04/19/2026, 09:30:34 AM UTC
05/19/2026, 09:30:34 AM UTC",***Redacted***,Motor Vehicle Theft/Stolen - ,2026-00043293,***Redacted***,"05/19/2026, 09:26:51 AM UTC",search,,
351334d3-0371-4626-aa3a-fa10323729c9,Christopher Collis,Bibb County SO GA,11,"05/12/2026, 10:00:08 AM UTC
05/19/2026, 10:00:08 AM UTC",***Redacted***,Motor Vehicle Theft/Stolen - ,2026-43293,***Redacted***,"05/19/2026, 09:50:11 AM UTC",lookup,,
6803dd22-cf5b-4d12-acee-fd4b3af8f7c3,Christopher Collis,Bibb County SO GA,11,"05/05/2026, 10:00:26 AM UTC
05/19/2026, 10:00:26 AM UTC",***Redacted***,Motor Vehicle Theft/Stolen - ,2026-43293,***Redacted***,"05/19/2026, 09:50:29 AM UTC",lookup,,
981cb6bd-25cf-42ca-bf23-62578be428a9,Christopher Collis,Bibb County SO GA,11,"05/18/2026, 10:00:31 AM UTC
05/19/2026, 10:00:31 AM UTC",***Redacted***,Motor Vehicle Theft/Stolen - ,2026-43293,***Redacted***,"05/19/2026, 09:50:33 AM UTC",lookup,,
8be83569-4ca3-48d1-ba09-40987879e151,Adam Grant,Bibb County SO GA,1357,"04/20/2026, 01:50:36 AM UTC
05/20/2026, 01:50:36 AM UTC",***Redacted***,Larceny/Theft Offenses - ,2026-1296,***Redacted***,"05/20/2026, 01:50:40 AM UTC",lookup - Mobile,,
dfecbdff-0786-4df9-8dda-f4a2372bf238,Dustin Mobbs,Bibb County SO GA,22,"05/19/2026, 02:00:10 AM UTC
05/20/2026, 02:00:10 AM UTC",***Redacted***,Motor Vehicle Theft/Stolen - ,2026-43542,***Redacted***,"05/20/2026, 01:57:25 AM UTC",lookup,,
34e6c5b9-9e9c-41e6-bff9-07716376d7fa,Kirsten Davella,Bibb County SO GA,1512,"05/17/2026, 06:30:00 PM UTC
05/17/2026, 07:30:00 PM UTC",***Redacted***,Robbery - ,2026-42853,***Redacted***,"05/20/2026, 02:15:16 AM UTC",search,,
89d1ce8a-7824-400a-bcff-5f24d50ca8da,Kirsten Davella,Bibb County SO GA,3,"05/17/2026, 06:30:00 PM UTC
05/17/2026, 07:30:00 PM UTC",***Redacted***,Robbery - ,2026-42853,***Redacted***,"05/20/2026, 02:15:27 AM UTC",search,,
7fe6e4f8-ad3a-4077-a9d8-1bf0ae2e396e,Kirsten Davella,Bibb County SO GA,1512,"05/17/2026, 06:30:00 PM UTC
05/17/2026, 07:30:00 PM UTC",***Redacted***,Robbery - ,2026-42853,***Redacted***,"05/20/2026, 02:16:01 AM UTC",search,,
a8713b5c-0530-4b0f-ad0b-48e52ae05f2a,Kirsten Davella,Bibb County SO GA,1512,"05/17/2026, 06:30:00 PM UTC
05/17/2026, 07:30:00 PM UTC",***Redacted***,Robbery - ,2026-42853,***Redacted***,"05/20/2026, 02:16:22 AM UTC",search,,
b2016817-6b7c-4f0d-aeb2-bdab5b49f4f2,Kirsten Davella,Bibb County SO GA,1512,"05/17/2026, 06:30:00 PM UTC
05/17/2026, 07:30:00 PM UTC",***Redacted***,Robbery - ,2026-42853,***Redacted***,"05/20/2026, 02:16:29 AM UTC",search,,
8164c3c2-2bd2-4440-958c-987946a43837,Kirsten Davella,Bibb County SO GA,1512,"05/17/2026, 06:30:00 PM UTC
05/17/2026, 07:30:00 PM UTC",***Redacted***,Robbery - ,2026-42853,***Redacted***,"05/20/2026, 02:16:35 AM UTC",search,,
93bfb072-3f76-46d9-9f0a-294dffe2398a,Kirsten Davella,Bibb County SO GA,1512,"05/17/2026, 06:30:00 PM UTC
05/17/2026, 07:30:00 PM UTC",***Redacted***,Robbery - ,2026-42853,***Redacted***,"05/20/2026, 02:16:39 AM UTC",search,,
0a59d358-7b95-458f-a28b-df89ffb82660,Kirsten Davella,Bibb County SO GA,3,"05/17/2026, 06:30:00 PM UTC
05/17/2026, 07:30:00 PM UTC",***Redacted***,Robbery - ,2026-42853,***Redacted***,"05/20/2026, 02:16:54 AM UTC",search,,
ee45dfde-d2c9-4fb2-8a71-1638dc73920c,Adam Grant,Bibb County SO GA,1358,"05/18/2026, 10:24:25 AM UTC
05/19/2026, 10:24:25 AM UTC",***Redacted***,Larceny/Theft Offenses - ,2026-1296,***Redacted***,"05/19/2026, 10:24:27 AM UTC",search - Mobile,,
050ea86d-a228-4ec9-8774-a984ca934170,Adam Grant,Bibb County SO GA,3,"04/19/2026, 10:24:53 AM UTC
05/19/2026, 10:24:53 AM UTC",***Redacted***,Larceny/Theft Offenses - ,2026-1296,***Redacted***,"05/19/2026, 10:24:55 AM UTC",lookup - Mobile,,
692cbec0-9acb-41e2-b696-7e5e89a1026c,Alexis Robinson,Bibb County SO GA,1425,"05/19/2026, 12:00:00 AM UTC
05/19/2026, 01:30:00 PM UTC",***Redacted***,Motor Vehicle Theft/Stolen - ,2026-00043334,***Redacted***,"05/19/2026, 01:10:33 PM UTC",search,,
c0dfb4f0-a275-4891-871f-4e69c5671318,Jim MacDonald,Bibb County SO GA,2,"05/12/2026, 01:30:46 PM UTC
05/19/2026, 01:30:46 PM UTC",***Redacted***,Material Witness - ,B2273248,***Redacted***,"05/19/2026, 01:15:52 PM UTC",lookup,,
a6bede49-4fcf-45c0-87f9-437a2bb2c961,Adam Grant,Bibb County SO GA,3,"04/19/2026, 01:33:23 PM UTC
05/19/2026, 01:33:23 PM UTC",***Redacted***,Larceny/Theft Offenses - ,2026-1296,***Redacted***,"05/19/2026, 01:33:25 PM UTC",lookup - Mobile,,
2d674dd9-2d3d-48fd-81ff-aaa465c011a6,Adam Grant,Bibb County SO GA,1358,"05/18/2026, 01:34:02 PM UTC
05/19/2026, 01:34:02 PM UTC",***Redacted***,Larceny/Theft Offenses - ,2026-1296,***Redacted***,"05/19/2026, 01:34:04 PM UTC",search - Mobile,,
6e6b7c34-6f71-4286-8ba0-8a9715b32b60,Charlee Gibson,Bibb County SO GA,3,"05/07/2026, 02:30:31 PM UTC
05/21/2026, 02:30:31 PM UTC",***Redacted***,Motor Vehicle Theft/Stolen - ,2026-26729,***Redacted***,"05/21/2026, 05:52:53 PM UTC",lookup,,
e5e06bcc-6094-48be-9bae-b0a82eec387b,Charlee Gibson,Bibb County SO GA,3,"04/21/2026, 06:00:55 PM UTC
05/21/2026, 06:00:55 PM UTC",***Redacted***,Motor Vehicle Theft/Stolen - ,2026-26729,***Redacted***,"05/21/2026, 05:52:57 PM UTC",lookup,,
3f680703-a320-48d4-ba5d-50aeafe742df,Charlee Gibson,Bibb County SO GA,3,"04/21/2026, 06:00:22 PM UTC
05/21/2026, 06:00:22 PM UTC",***Redacted***,Motor Vehicle Theft/Stolen - ,2026-26729,***Redacted***,"05/21/2026, 05:54:36 PM UTC",visual,,
a076415a-194b-4f2b-ae34-66468da7479b,Justin Edwards,Bibb County SO GA,3,"05/14/2026, 05:56:34 PM UTC
05/21/2026, 05:56:34 PM UTC",***Redacted***,Assault/Battery Offenses - ,2024-67104,***Redacted***,"05/21/2026, 05:56:36 PM UTC",lookup - Mobile,,
158ba07f-2002-4e26-b1a5-d441e811cc0d,Charlee Gibson,Bibb County SO GA,3,"04/01/2026, 06:00:00 PM UTC
04/30/2026, 06:00:00 PM UTC",***Redacted***,Motor Vehicle Theft/Stolen - ,2026-26729,***Redacted***,"05/21/2026, 05:56:55 PM UTC",visual,,
ff95b1ec-c151-4aa5-8b0c-e3311ff7f568,Charlee Gibson,Bibb County SO GA,3,"03/22/2026, 06:00:00 PM UTC
04/21/2026, 06:00:00 PM UTC",***Redacted***,Motor Vehicle Theft/Stolen - ,2026-26729,***Redacted***,"05/21/2026, 05:59:46 PM UTC",visual,,
6a37775a-88b2-40c6-9443-70c81dd828c9,Justin Edwards,Bibb County SO GA,730,"05/14/2026, 05:59:55 PM UTC
05/21/2026, 05:59:55 PM UTC",***Redacted***,Assault/Battery Offenses - ,2024-67104,***Redacted***,"05/21/2026, 05:59:57 PM UTC",lookup - Mobile,,
0f662f4f-9bdc-417d-9eb1-8782bc04203c,Charlee Gibson,Bibb County SO GA,3,"03/22/2026, 06:00:00 PM UTC
04/21/2026, 06:00:00 PM UTC",***Redacted***,Motor Vehicle Theft/Stolen - ,2026-26729,***Redacted***,"05/21/2026, 06:00:16 PM UTC",visual,,
729db7ff-c8e6-45b5-acd0-4a1644d99cff,Charlee Gibson,Bibb County SO GA,3,"03/22/2026, 06:00:00 PM UTC
04/21/2026, 06:00:00 PM UTC",***Redacted***,Motor Vehicle Theft/Stolen - ,2026-26729,***Redacted***,"05/21/2026, 06:00:23 PM UTC",visual,,
469dae49-c61b-4cf6-bff9-20543731b81a,Charlee Gibson,Bibb County SO GA,3,"03/31/2026, 06:00:00 PM UTC
04/21/2026, 06:00:00 PM UTC",***Redacted***,Motor Vehicle Theft/Stolen - ,2026-26729,***Redacted***,"05/21/2026, 06:00:33 PM UTC",visual,,
aa9ee59b-1b05-4f5b-a418-a9d2f23d7211,Charlee Gibson,Bibb County SO GA,3,"04/01/2026, 06:00:00 PM UTC
04/21/2026, 06:00:00 PM UTC",***Redacted***,Motor Vehicle Theft/Stolen - ,2026-26729,***Redacted***,"05/21/2026, 06:00:45 PM UTC",visual,,
d015a492-b548-49e1-b9ff-63845c2bf8c4,Charlee Gibson,Bibb County SO GA,3,"04/01/2026, 06:00:00 PM UTC
04/30/2026, 06:00:00 PM UTC",***Redacted***,Motor Vehicle Theft/Stolen - ,2026-26729,***Redacted***,"05/21/2026, 06:00:58 PM UTC",visual,,
4eccb4bd-2075-4230-98c0-7f369703a37d,Charlee Gibson,Bibb County SO GA,3,"05/20/2026, 06:30:54 PM UTC
05/21/2026, 06:30:54 PM UTC",***Redacted***,Motor Vehicle Theft/Stolen - ,2026-26729,***Redacted***,"05/21/2026, 06:07:38 PM UTC",visual,,
8e54d83a-155f-478a-a7c5-70fea548448b,Charlee Gibson,Bibb County SO GA,3,"04/21/2026, 06:30:47 PM UTC
05/21/2026, 06:30:47 PM UTC",***Redacted***,Motor Vehicle Theft/Stolen - ,2026-26729,***Redacted***,"05/21/2026, 06:07:59 PM UTC",visual,,
7b733af1-f94a-4cde-8dfb-065e1af031b9,Charlee Gibson,Bibb County SO GA,40,"04/21/2026, 06:30:47 PM UTC
05/21/2026, 06:30:47 PM UTC",***Redacted***,Motor Vehicle Theft/Stolen - ,2026-26729,***Redacted***,"05/21/2026, 06:10:04 PM UTC",visual,,
8656e4f7-771d-4783-8920-0ad11eff97eb,Charlee Gibson,Bibb County SO GA,40,"04/01/2026, 06:30:00 PM UTC
04/30/2026, 06:30:00 PM UTC",***Redacted***,Motor Vehicle Theft/Stolen - ,2026-26729,***Redacted***,"05/21/2026, 06:12:02 PM UTC",visual,,
b8c6f1f7-7005-4132-8227-008d05c17ff1,Justin Edwards,Bibb County SO GA,3,"05/14/2026, 07:57:18 PM UTC
05/21/2026, 07:57:18 PM UTC",***Redacted***,Assault/Battery Offenses - ,2024-67104,***Redacted***,"05/21/2026, 07:57:20 PM UTC",lookup - Mobile,,
27e58301-f5d1-41fe-9c57-2f93a017c818,Charlee Gibson,Bibb County SO GA,73,"03/22/2026, 06:30:00 PM UTC
04/21/2026, 06:30:00 PM UTC",***Redacted***,Motor Vehicle Theft/Stolen - ,2026-26729,***Redacted***,"05/21/2026, 08:14:57 PM UTC",visual,,
9793eae8-6aba-4114-9822-a7696b38b9d7,Charlee Gibson,Bibb County SO GA,73,"04/01/2026, 06:30:00 PM UTC
04/30/2026, 06:30:00 PM UTC",***Redacted***,Motor Vehicle Theft/Stolen - ,2026-26729,***Redacted***,"05/21/2026, 08:24:29 PM UTC",visual,,
8f7b44f7-0378-46dc-9585-8e478ea86ab8,Justin Edwards,Bibb County SO GA,3,"05/14/2026, 08:51:57 PM UTC
05/21/2026, 08:51:57 PM UTC",***Redacted***,Assault/Battery Offenses - ,2024-67104,***Redacted***,"05/21/2026, 08:51:59 PM UTC",lookup - Mobile,,
9147b8df-4744-40ce-aafd-cb00146e9a14,Kirsten Davella,Bibb County SO GA,855,"04/21/2026, 11:58:42 PM UTC
05/21/2026, 11:58:42 PM UTC",***Redacted***,Assault/Battery Offenses - ,2026-44149,***Redacted***,"05/21/2026, 11:58:49 PM UTC",lookup,,
5b85caa8-849e-4b2b-8776-9acbbeabc321,Kirsten Davella,Bibb County SO GA,855,"04/21/2026, 11:58:45 PM UTC
05/21/2026, 11:58:45 PM UTC",***Redacted***,Assault/Battery Offenses - ,2026-44149,***Redacted***,"05/21/2026, 11:58:49 PM UTC",lookup,,
19284975-1d6e-491a-b82e-a69d0d9fd133,Kirsten Davella,Bibb County SO GA,3,"04/22/2026, 12:07:23 AM UTC
05/22/2026, 12:07:23 AM UTC",***Redacted***,Assault/Battery Offenses - ,2026-44149,***Redacted***,"05/22/2026, 12:07:28 AM UTC",lookup,,
532918f6-ad6d-4194-85c5-0f74a3096600,Kirsten Davella,Bibb County SO GA,3,"04/22/2026, 12:07:38 AM UTC
05/22/2026, 12:07:38 AM UTC",***Redacted***,Assault/Battery Offenses - ,2026-44149,***Redacted***,"05/22/2026, 12:07:41 AM UTC",lookup,,
e72fc128-73c1-4108-ad4a-3f9a0d6d9969,Kirsten Davella,Bibb County SO GA,855,"04/22/2026, 12:08:34 AM UTC
05/22/2026, 12:08:34 AM UTC",***Redacted***,Assault/Battery Offenses - ,2026-44149,***Redacted***,"05/22/2026, 12:08:38 AM UTC",lookup,,
eb91a9ab-8aef-47f1-aeea-f0a63775b43e,Kirsten Davella,Bibb County SO GA,1,"05/21/2026, 11:00:00 PM UTC
05/21/2026, 11:15:00 PM UTC",***Redacted***,Assault/Battery Offenses - ,2026-44149,***Redacted***,"05/22/2026, 12:08:48 AM UTC",search,,
f473f9df-facc-4881-9e15-4e484ad0dd70,Kirsten Davella,Bibb County SO GA,1,"05/21/2026, 11:09:01 PM UTC
05/21/2026, 11:09:07 PM UTC",***Redacted***,Assault/Battery Offenses - ,2026-44149,***Redacted***,"05/22/2026, 12:10:13 AM UTC",search,,
d71852e8-56da-4315-90ab-d8b9324c0423,Kirsten Davella,Bibb County SO GA,855,"04/22/2026, 12:08:34 AM UTC
05/22/2026, 12:08:34 AM UTC",***Redacted***,Assault/Battery Offenses - ,2026-44149,***Redacted***,"05/22/2026, 12:11:26 AM UTC",lookup,,
155bf6bc-dc2c-4fae-87af-97dd152f8a08,Dontavis Jones,Bibb County SO GA,22,"05/21/2026, 10:30:55 PM UTC
05/22/2026, 12:30:55 AM UTC",***Redacted***,Assault/Battery Offenses (Domestic) - ,aggravated assault,***Redacted***,"05/22/2026, 12:11:35 AM UTC",search,,
3281a932-8c63-43e8-8c7b-2be1a12c66ec,Kirsten Davella,Bibb County SO GA,1,"05/21/2026, 11:00:00 PM UTC
05/21/2026, 11:15:00 PM UTC",***Redacted***,Assault/Battery Offenses - ,2026-44149,***Redacted***,"05/22/2026, 12:13:21 AM UTC",search,,
c9abe7d3-55cc-4b87-b53e-55a745053420,Dontavis Jones,Bibb County SO GA,22,"05/21/2026, 10:30:55 PM UTC
05/22/2026, 12:30:55 AM UTC",***Redacted***,Assault/Battery Offenses (Domestic) - ,aggravated assault,***Redacted***,"05/22/2026, 12:13:24 AM UTC",search,,
4b99cd7c-881e-45cf-99b6-3daf8ae2dfdb,Reginald Tillman,Bibb County SO GA,22,"05/21/2026, 10:30:39 PM UTC
05/22/2026, 12:30:39 AM UTC",***Redacted***,Assault/Battery Offenses - ,2026-44149,***Redacted***,"05/22/2026, 12:14:59 AM UTC",search,,
6aa9f13e-5b2b-46fe-acb7-0fec559e2a6e,Reginald Tillman,Bibb County SO GA,22,"05/21/2026, 10:30:39 PM UTC
05/22/2026, 12:30:39 AM UTC",***Redacted***,Assault/Battery Offenses - ,2026-44149,***Redacted***,"05/22/2026, 12:18:53 AM UTC",search,,
5944c50b-d99f-4ea2-8112-9b911da15fab,Kirsten Davella,Bibb County SO GA,3,"04/22/2026, 12:07:23 AM UTC
05/22/2026, 12:07:23 AM UTC",***Redacted***,Assault/Battery Offenses - ,2026-44149,***Redacted***,"05/22/2026, 12:19:41 AM UTC",lookup,,
528eaafa-9319-486b-89cd-037e164f1597,Kirsten Davella,Bibb County SO GA,1,"05/21/2026, 11:00:57 PM UTC
05/22/2026, 01:00:57 AM UTC",***Redacted***,Assault/Battery Offenses - ,2026-44149,***Redacted***,"05/22/2026, 12:41:27 AM UTC",search,,
3e5fe1af-a17c-42ab-8614-99d9ebcff26d,Kirsten Davella,Bibb County SO GA,1,"05/21/2026, 11:00:57 PM UTC
05/22/2026, 01:00:57 AM UTC",***Redacted***,Assault/Battery Offenses - ,2026-44149,***Redacted***,"05/22/2026, 12:41:29 AM UTC",search,,
5f952d69-3b22-4af8-ad5b-cda1627b46ee,Kirsten Davella,Bibb County SO GA,1,"05/21/2026, 11:00:57 PM UTC
05/22/2026, 01:00:57 AM UTC",***Redacted***,Assault/Battery Offenses - ,2026-44149,***Redacted***,"05/22/2026, 12:43:21 AM UTC",search,,
9654f197-4528-419a-8d63-a36f3fe9b82c,Kirsten Davella,Bibb County SO GA,1,"05/21/2026, 11:00:57 PM UTC
05/22/2026, 01:00:57 AM UTC",***Redacted***,Assault/Battery Offenses - ,2026-44149,***Redacted***,"05/22/2026, 12:44:01 AM UTC",search,,
d74ffcd8-3cf3-4f01-a59b-fa3cfdf18674,Kirsten Davella,Bibb County SO GA,3,"05/21/2026, 11:00:57 PM UTC
05/22/2026, 01:00:57 AM UTC",***Redacted***,Assault/Battery Offenses - ,2026-44149,***Redacted***,"05/22/2026, 12:44:19 AM UTC",visual,,
92ea63cd-75b6-4921-9177-3df05eb67f94,Kirsten Davella,Bibb County SO GA,1,"05/21/2026, 11:00:00 PM UTC
05/21/2026, 11:15:00 PM UTC",***Redacted***,Assault/Battery Offenses - ,2026-44149,***Redacted***,"05/22/2026, 12:47:24 AM UTC",search,,
9735c3f1-f438-451b-ae30-7fea43bcc6d2,Kirsten Davella,Bibb County SO GA,855,"04/22/2026, 12:49:01 AM UTC
05/22/2026, 12:49:01 AM UTC",***Redacted***,Assault/Battery Offenses - ,2026-44149,***Redacted***,"05/22/2026, 12:48:56 AM UTC",lookup,,
3a83451f-8ba1-4889-b370-d002ca0dd9ac,Kirsten Davella,Bibb County SO GA,3,"04/22/2026, 12:07:23 AM UTC
05/22/2026, 12:07:23 AM UTC",***Redacted***,Assault/Battery Offenses - ,2026-44149,***Redacted***,"05/22/2026, 12:49:03 AM UTC",lookup,,
88e5424c-4a34-42c2-a41b-d108bd3c8b99,Kirsten Davella,Bibb County SO GA,3,"05/21/2026, 05:00:00 PM UTC
05/22/2026, 12:00:00 AM UTC",***Redacted***,Assault/Battery Offenses - ,2026-44149,***Redacted***,"05/22/2026, 12:53:50 AM UTC",visual,,
e4ccc7b2-a21e-49e1-88ef-16ebf33f9833,Kirsten Davella,Bibb County SO GA,3,"05/22/2026, 12:00:00 AM UTC
05/22/2026, 01:00:00 AM UTC",***Redacted***,Assault/Battery Offenses - ,2026-44149,***Redacted***,"05/22/2026, 12:55:49 AM UTC",visual,,
21082f80-28f1-4c11-add8-8355c18d4bc2,Justin Edwards,Bibb County SO GA,3,"05/15/2026, 12:58:06 AM UTC
05/22/2026, 12:58:06 AM UTC",***Redacted***,Assault/Battery Offenses - ,2024-67104,***Redacted***,"05/22/2026, 12:58:08 AM UTC",lookup - Mobile,,
038f3c1a-dcbb-4472-adbe-24f0cdb73cac,Kirsten Davella,Bibb County SO GA,1512,"04/22/2026, 01:30:46 AM UTC
05/22/2026, 01:30:46 AM UTC",***Redacted***,Assault/Battery Offenses - ,2026-44149,***Redacted***,"05/22/2026, 01:02:14 AM UTC",search,,
ea003881-7edf-4e7e-bc8f-cb3d3a25451d,Kirsten Davella,Bibb County SO GA,3,"04/22/2026, 01:30:46 AM UTC
05/22/2026, 01:30:46 AM UTC",***Redacted***,Assault/Battery Offenses - ,2026-44149,***Redacted***,"05/22/2026, 01:02:28 AM UTC",search,,
a84eb9dc-a837-42a5-96af-2fca86e92411,Kirsten Davella,Bibb County SO GA,3,"04/22/2026, 01:30:46 AM UTC
05/22/2026, 01:30:46 AM UTC",***Redacted***,Assault/Battery Offenses - ,2026-44149,***Redacted***,"05/22/2026, 01:24:08 AM UTC",search,,
82b51fba-83a2-4a34-889a-e9f36c4edbb3,Kirsten Davella,Bibb County SO GA,1,"04/22/2026, 01:30:46 AM UTC
05/22/2026, 01:30:46 AM UTC",***Redacted***,Assault/Battery Offenses - ,2026-44149,***Redacted***,"05/22/2026, 01:24:19 AM UTC",search,,
90c2b556-d869-4846-80ca-753886abf10f,Kirsten Davella,Bibb County SO GA,1,"04/22/2026, 01:30:46 AM UTC
05/22/2026, 01:30:46 AM UTC",***Redacted***,Assault/Battery Offenses - ,2026-44149,***Redacted***,"05/22/2026, 01:24:37 AM UTC",search,,
c75560df-a9ff-4ee8-a529-edba9104ee55,Kirsten Davella,Bibb County SO GA,1,"04/22/2026, 01:30:46 AM UTC
05/22/2026, 01:30:46 AM UTC",***Redacted***,Assault/Battery Offenses - ,2026-44149,***Redacted***,"05/22/2026, 01:24:49 AM UTC",search,,
6678c4de-cef9-4e32-ad1e-5820a3cd91f7,Kirsten Davella,Bibb County SO GA,1,"04/22/2026, 01:30:46 AM UTC
05/22/2026, 01:30:46 AM UTC",***Redacted***,Assault/Battery Offenses - ,2026-44149,***Redacted***,"05/22/2026, 01:24:59 AM UTC",search,,
ec057ec8-c85a-49e8-af58-c260dd01f77e,Kirsten Davella,Bibb County SO GA,1,"04/22/2026, 01:30:46 AM UTC
05/22/2026, 01:30:46 AM UTC",***Redacted***,Assault/Battery Offenses - ,2026-44149,***Redacted***,"05/22/2026, 01:25:36 AM UTC",search,,
d7c8c674-83ad-43ab-93fc-2adc901edc83,Kirsten Davella,Bibb County SO GA,1,"04/22/2026, 01:30:46 AM UTC
05/22/2026, 01:30:46 AM UTC",***Redacted***,Assault/Battery Offenses - ,2026-44149,***Redacted***,"05/22/2026, 01:25:41 AM UTC",search,,
13dae25a-7d70-4d8a-9db3-a4532b9ee673,Kirsten Davella,Bibb County SO GA,1,"04/22/2026, 01:30:46 AM UTC
05/22/2026, 01:30:46 AM UTC",***Redacted***,Assault/Battery Offenses - ,2026-44149,***Redacted***,"05/22/2026, 01:25:51 AM UTC",search,,
8d222c5e-4e7e-45f9-98cb-f60dd706e13d,Kirsten Davella,Bibb County SO GA,1,"04/22/2026, 01:30:46 AM UTC
05/22/2026, 01:30:46 AM UTC",***Redacted***,Assault/Battery Offenses - ,2026-44149,***Redacted***,"05/22/2026, 01:25:56 AM UTC",search,,
ac7e027a-2137-4ff0-a44d-99beff4fb56b,Kirsten Davella,Bibb County SO GA,1,"04/22/2026, 01:30:46 AM UTC
05/22/2026, 01:30:46 AM UTC",***Redacted***,Assault/Battery Offenses - ,2026-44149,***Redacted***,"05/22/2026, 01:26:04 AM UTC",search,,
32218e50-b986-4bcf-8146-6a614f3393c7,Kirsten Davella,Bibb County SO GA,3,"05/21/2026, 11:00:57 PM UTC
05/22/2026, 01:00:57 AM UTC",***Redacted***,Assault/Battery Offenses - ,2026-44149,***Redacted***,"05/22/2026, 01:32:22 AM UTC",visual,,
1c072b32-b470-412d-bd2b-fdf73c896e22,Kirsten Davella,Bibb County SO GA,3,"04/22/2026, 01:30:46 AM UTC
05/22/2026, 01:30:46 AM UTC",***Redacted***,Assault/Battery Offenses - ,2026-44149,***Redacted***,"05/22/2026, 01:36:00 AM UTC",search,,
49372132-9640-43e6-a7a4-0ad3c28adfe9,Kirsten Davella,Bibb County SO GA,3,"05/21/2026, 07:00:00 PM UTC
05/22/2026, 01:00:00 AM UTC",***Redacted***,Assault/Battery Offenses - ,2026-44149,***Redacted***,"05/22/2026, 01:38:31 AM UTC",visual,,
694fade0-cf20-4798-961a-0e11249a1637,Kirsten Davella,Bibb County SO GA,855,"04/21/2026, 11:58:42 PM UTC
05/21/2026, 11:58:42 PM UTC",***Redacted***,Assault/Battery Offenses - ,2026-44149,***Redacted***,"05/22/2026, 01:40:28 AM UTC",lookup,,
241d9417-c96c-4052-955b-149653e20e70,Kirsten Davella,Bibb County SO GA,1512,"05/22/2026, 01:28:20 AM UTC
05/22/2026, 01:43:20 AM UTC",***Redacted***,Hit and Run/Car Accident - ,2026-44174,***Redacted***,"05/22/2026, 01:43:38 AM UTC",search,,
548802b5-7b3b-451f-a77e-da0c8477f55f,Kirsten Davella,Bibb County SO GA,1512,"05/22/2026, 01:18:00 AM UTC
05/22/2026, 01:30:00 AM UTC",***Redacted***,Hit and Run/Car Accident - ,2026-44174,***Redacted***,"05/22/2026, 01:44:07 AM UTC",search,,
4232a453-f5b3-4832-86db-474deab2f04e,Kirsten Davella,Bibb County SO GA,1512,"05/22/2026, 01:18:00 AM UTC
05/22/2026, 01:30:00 AM UTC",***Redacted***,Hit and Run/Car Accident - ,2026-44174,***Redacted***,"05/22/2026, 01:44:09 AM UTC",search,,
8e4edaef-0263-430b-91b2-5414e3e1eea2,Alex Fletcher,Bibb County SO GA,1425,"05/22/2026, 02:56:12 AM UTC
05/22/2026, 03:11:12 AM UTC",***Redacted***,Robbery - ,2026-44187,***Redacted***,"05/22/2026, 03:11:16 AM UTC",lookup,,
e4f29870-6729-44bf-90e3-827168f5386a,Alex Fletcher,Bibb County SO GA,1425,"05/22/2026, 02:56:12 AM UTC
05/22/2026, 03:11:12 AM UTC",***Redacted***,Robbery - ,2026-44187,***Redacted***,"05/22/2026, 03:11:55 AM UTC",lookup,,
893edda1-7342-47e3-a4a1-38b6882c25c8,Alex Fletcher,Bibb County SO GA,1425,"05/22/2026, 02:56:12 AM UTC
05/22/2026, 03:11:12 AM UTC",***Redacted***,Robbery - ,2026-44187,***Redacted***,"05/22/2026, 03:12:53 AM UTC",lookup,,
a659fecf-4fdd-4fca-be07-e6ce1e637f20,Alex Fletcher,Bibb County SO GA,1425,"05/22/2026, 01:30:09 AM UTC
05/22/2026, 03:30:09 AM UTC",***Redacted***,Robbery - ,2026-44187,***Redacted***,"05/22/2026, 03:13:12 AM UTC",lookup,,
ec3e7e5c-e4cd-4966-8cb7-e709c8189a56,Alex Fletcher,Bibb County SO GA,1425,"05/20/2026, 03:30:38 AM UTC
05/22/2026, 03:30:38 AM UTC",***Redacted***,Robbery - ,2026-44187,***Redacted***,"05/22/2026, 03:13:41 AM UTC",lookup,,
3477ab59-d705-4cad-98d8-83bd94097f06,Alex Fletcher,Bibb County SO GA,1425,"05/22/2026, 01:30:37 AM UTC
05/22/2026, 03:30:37 AM UTC",***Redacted***,Robbery - ,2026-44187,***Redacted***,"05/22/2026, 03:15:39 AM UTC",lookup,,
6389eaa5-6a2a-404b-b5a6-e1bdd81f3f2f,Alex Fletcher,Bibb County SO GA,1425,"05/22/2026, 01:30:37 AM UTC
05/22/2026, 03:30:37 AM UTC",***Redacted***,Robbery - ,2026-44187,***Redacted***,"05/22/2026, 03:15:51 AM UTC",lookup,,
960d398c-43c9-46de-92f3-045e9d6c5f1a,Alex Fletcher,Bibb County SO GA,1425,"05/21/2026, 03:30:31 AM UTC
05/22/2026, 03:30:31 AM UTC",***Redacted***,Robbery - ,2026-44187,***Redacted***,"05/22/2026, 03:16:34 AM UTC",lookup,,
a0bed175-a4a4-4356-b525-38bd7cf10d80,Alex Fletcher,Bibb County SO GA,1425,"05/21/2026, 03:30:31 AM UTC
05/22/2026, 03:30:31 AM UTC",***Redacted***,Robbery - ,2026-44187,***Redacted***,"05/22/2026, 03:17:12 AM UTC",lookup,,
faceda49-52b5-458a-b734-50a9ebdda95d,Alex Fletcher,Bibb County SO GA,1425,"05/21/2026, 03:30:31 AM UTC
05/22/2026, 03:30:31 AM UTC",***Redacted***,Robbery - ,2026-44187,***Redacted***,"05/22/2026, 03:18:35 AM UTC",lookup,,
6935b3cf-28af-4e6e-8b64-80244a25073d,Alex Fletcher,Bibb County SO GA,1425,"05/21/2026, 03:30:31 AM UTC
05/22/2026, 03:30:31 AM UTC",***Redacted***,Robbery - ,2026-44187,***Redacted***,"05/22/2026, 03:20:29 AM UTC",lookup,,
3eecf598-e0ae-4895-9c8c-a95ce061ac34,Alex Fletcher,Bibb County SO GA,1425,"05/22/2026, 01:30:35 AM UTC
05/22/2026, 03:30:35 AM UTC",***Redacted***,Robbery - ,2026-44187,***Redacted***,"05/22/2026, 03:20:37 AM UTC",lookup,,
a10a7fab-2fb5-4144-bc9e-e9af6a1be48d,George Witherspoon,Bibb County SO GA,1357,"05/21/2026, 03:21:18 AM UTC
05/22/2026, 03:21:18 AM UTC",***Redacted***,Robbery - ,Assist Agency (Warner Robins),***Redacted***,"05/22/2026, 03:21:21 AM UTC",lookup - Mobile,,
c14884f4-7973-4f2c-9f3d-6b7c84cf8497,George Witherspoon,Bibb County SO GA,1357,"05/21/2026, 03:22:13 AM UTC
05/22/2026, 03:22:13 AM UTC",***Redacted***,Robbery - ,Assist Agency (Warner Robins),***Redacted***,"05/22/2026, 03:22:14 AM UTC",lookup - Mobile,,
ebdf982b-0327-4253-a0ca-7ffec7a7282c,Alex Fletcher,Bibb County SO GA,1425,"05/22/2026, 01:30:35 AM UTC
05/22/2026, 03:30:35 AM UTC",***Redacted***,Robbery - ,2026-44187,***Redacted***,"05/22/2026, 03:24:25 AM UTC",lookup,,
ab74e707-f2c3-4698-b91b-4934276a4f8b,Alex Fletcher,Bibb County SO GA,1425,"05/22/2026, 01:30:35 AM UTC
05/22/2026, 03:30:35 AM UTC",***Redacted***,Robbery - ,2026-44187,***Redacted***,"05/22/2026, 03:37:13 AM UTC",lookup,,
145cc0b1-d1bb-4940-928d-12719e861f97,Alex Fletcher,Bibb County SO GA,1425,"05/22/2026, 01:30:35 AM UTC
05/22/2026, 03:30:35 AM UTC",***Redacted***,Robbery - ,2026-44187,***Redacted***,"05/22/2026, 03:41:13 AM UTC",lookup,,
31faa833-5b76-44fd-8fda-2f7241f37e6a,Alex Fletcher,Bibb County SO GA,1425,"05/22/2026, 01:30:35 AM UTC
05/22/2026, 03:30:35 AM UTC",***Redacted***,Robbery - ,2026-44187,***Redacted***,"05/22/2026, 03:42:54 AM UTC",lookup,,
5c2aecea-030a-44b0-8e60-350054ffbe9e,Alex Fletcher,Bibb County SO GA,1425,"05/20/2026, 04:00:13 AM UTC
05/22/2026, 04:00:13 AM UTC",***Redacted***,Robbery - ,2025-78977,***Redacted***,"05/22/2026, 03:44:16 AM UTC",lookup,,
941c7dac-db15-4e6e-866c-c24477583ee1,Alex Fletcher,Bibb County SO GA,1425,"05/20/2026, 04:00:13 AM UTC
05/22/2026, 04:00:13 AM UTC",***Redacted***,Robbery - ,2025-78977,***Redacted***,"05/22/2026, 03:46:43 AM UTC",lookup,,
dcd45ca5-4b09-4013-b795-b97c258d55cb,Alex Fletcher,Bibb County SO GA,1425,"05/20/2026, 04:00:13 AM UTC
05/22/2026, 04:00:13 AM UTC",***Redacted***,Robbery - ,2025-78977,***Redacted***,"05/22/2026, 03:49:08 AM UTC",lookup,,
bff4103b-bbe5-4f7f-b585-32d59202af55,Alex Fletcher,Bibb County SO GA,1425,"05/20/2026, 04:00:13 AM UTC
05/22/2026, 04:00:13 AM UTC",***Redacted***,Robbery - ,2025-78977,***Redacted***,"05/22/2026, 03:51:19 AM UTC",lookup,,
7e1ecb30-c986-4f90-9765-58d1daec2943,Alex Fletcher,Bibb County SO GA,1425,"05/22/2026, 02:00:24 AM UTC
05/22/2026, 04:00:24 AM UTC",***Redacted***,Robbery - ,2025-78977,***Redacted***,"05/22/2026, 03:51:27 AM UTC",lookup,,
0cbeab8e-bab5-4d80-b845-2053ace3a392,Alex Fletcher,Bibb County SO GA,1425,"05/22/2026, 02:00:24 AM UTC
05/22/2026, 04:00:24 AM UTC",***Redacted***,Robbery - ,2025-78977,***Redacted***,"05/22/2026, 03:58:36 AM UTC",lookup,,
69719d06-854c-4c37-ac05-f27e421f6aa6,Alex Fletcher,Bibb County SO GA,1425,"05/20/2026, 04:00:40 AM UTC
05/22/2026, 04:00:40 AM UTC",***Redacted***,Robbery - ,2025-78977,***Redacted***,"05/22/2026, 03:58:42 AM UTC",lookup,,
199f26c0-c489-4569-b7bf-a4ef671927db,Alex Fletcher,Bibb County SO GA,1425,"04/22/2026, 04:00:43 AM UTC
05/22/2026, 04:00:43 AM UTC",***Redacted***,Robbery - ,2025-78977,***Redacted***,"05/22/2026, 03:58:46 AM UTC",lookup,,
52d78b1c-0589-4aeb-88b6-564e118b6f77,Alex Fletcher,Bibb County SO GA,1425,"05/21/2026, 04:00:12 AM UTC
05/22/2026, 04:00:12 AM UTC",***Redacted***,Robbery - ,2025-78977,***Redacted***,"05/22/2026, 03:59:14 AM UTC",lookup,,
50ede1a7-ecd0-4647-9e5c-82e886904969,Tyrelle Stephens,Bibb County SO GA,11,"04/21/2026, 12:00:00 AM UTC
05/20/2026, 12:00:00 AM UTC",***Redacted***,Hit and Run/Car Accident - ,2026-39620,***Redacted***,"05/21/2026, 02:23:13 AM UTC",lookup,,
6dd255a7-4456-4669-acce-3003b277d1a6,Enrique Hogan,Bibb County SO GA,730,"05/13/2026, 12:38:05 PM UTC
05/20/2026, 12:38:05 PM UTC",***Redacted***,Assault/Battery Offenses - FID  11957926,2016-42953,***Redacted***,"05/20/2026, 12:38:07 PM UTC",search - Mobile,,
120ec523-e905-4d9b-894b-959c9b195a6d,Enrique Hogan,Bibb County SO GA,730,"05/06/2026, 12:38:10 PM UTC
05/20/2026, 12:38:10 PM UTC",***Redacted***,Assault/Battery Offenses - FID  11957926,2016-42953,***Redacted***,"05/20/2026, 12:38:13 PM UTC",search - Mobile,,
d91e6d4a-7632-46b3-b533-47a295234fcc,Enrique Hogan,Bibb County SO GA,730,"05/06/2026, 12:38:15 PM UTC
05/20/2026, 12:38:15 PM UTC",***Redacted***,Assault/Battery Offenses - FID  11957926,2016-42953,***Redacted***,"05/20/2026, 12:38:18 PM UTC",search - Mobile,,
474a5702-f8ec-4d8a-8963-5b6067de4f37,Enrique Hogan,Bibb County SO GA,730,"05/13/2026, 12:38:45 PM UTC
05/20/2026, 12:38:45 PM UTC",***Redacted***,Assault/Battery Offenses - FID  11957926,2026-42953,***Redacted***,"05/20/2026, 12:38:46 PM UTC",lookup - Mobile,,
15de052c-a0f1-4301-beb2-0e3006946016,Wesley Durbin,Bibb County SO GA,776,"05/12/2026, 04:00:00 AM UTC
05/13/2026, 03:55:00 AM UTC",***Redacted***,Financial Crime (Embezzlement/Fraud) - ,2026-41143,***Redacted***,"05/20/2026, 01:04:52 PM UTC",lookup,,
51de1208-8342-41b1-bffe-6ca88ad74cfe,Wesley Durbin,Bibb County SO GA,776,"05/12/2026, 04:00:00 AM UTC
05/13/2026, 03:55:00 AM UTC",***Redacted***,Financial Crime (Embezzlement/Fraud) - ,2026-41143,***Redacted***,"05/20/2026, 01:07:25 PM UTC",lookup,,
a05677fc-388f-426a-b797-90fd8d1b494e,Wesley Durbin,Bibb County SO GA,776,"05/10/2026, 04:00:00 AM UTC
05/15/2026, 03:55:00 AM UTC",***Redacted***,Financial Crime (Embezzlement/Fraud) - ,2026-41143,***Redacted***,"05/20/2026, 01:08:52 PM UTC",lookup,,
b97d4350-c51c-472a-9da6-33bb8cdce270,Wesley Durbin,Bibb County SO GA,1,"05/10/2026, 04:00:00 AM UTC
05/15/2026, 03:55:00 AM UTC",***Redacted***,Financial Crime (Embezzlement/Fraud) - ,2026-41143,***Redacted***,"05/20/2026, 01:08:59 PM UTC",lookup,,
72557f49-0407-4ca0-a28b-b502ce71bc52,Justin Edwards,Bibb County SO GA,776,"05/19/2026, 02:00:00 PM UTC
05/19/2026, 06:58:59 PM UTC",***Redacted***,Wanted Person (Arrest Warrant/Fugitive) - ,2024-67104,***Redacted***,"05/20/2026, 01:09:55 PM UTC",search - Mobile,,
7a07859e-03b3-4dee-bc4c-60711108ede0,Justin Edwards,Bibb County SO GA,3,"05/19/2026, 02:00:00 PM UTC
05/19/2026, 06:58:59 PM UTC",***Redacted***,Wanted Person (Arrest Warrant/Fugitive) - ,2024-67104,***Redacted***,"05/20/2026, 01:10:13 PM UTC",search - Mobile,,
e71d0fd3-2424-45ea-a835-ae2969f59ff2,Justin Edwards,Bibb County SO GA,776,"05/19/2026, 01:11:42 PM UTC
05/20/2026, 01:11:42 PM UTC",***Redacted***,Wanted Person (Arrest Warrant/Fugitive) - ,2024-67104,***Redacted***,"05/20/2026, 01:11:46 PM UTC",search - Mobile,,
6efff2bb-71e9-479b-9644-653dfaa6c092,Justin Edwards,Bibb County SO GA,776,"05/19/2026, 01:11:50 PM UTC
05/20/2026, 01:11:50 PM UTC",***Redacted***,Wanted Person (Arrest Warrant/Fugitive) - ,2024-67104,***Redacted***,"05/20/2026, 01:11:50 PM UTC",search - Mobile,,
b2c517c3-3e08-4816-a190-0b3ca7faee1d,Justin Edwards,Bibb County SO GA,776,"05/19/2026, 01:11:57 PM UTC
05/20/2026, 01:11:57 PM UTC",***Redacted***,Wanted Person (Arrest Warrant/Fugitive) - ,2024-67104,***Redacted***,"05/20/2026, 01:12:00 PM UTC",search - Mobile,,
2acb51d0-c649-4a5c-abab-65dd60dcbd3a,Justin Edwards,Bibb County SO GA,776,"05/19/2026, 01:12:26 PM UTC
05/20/2026, 01:12:26 PM UTC",***Redacted***,Wanted Person (Arrest Warrant/Fugitive) - ,2024-67104,***Redacted***,"05/20/2026, 01:12:29 PM UTC",search - Mobile,,
4e2f95b0-a6e0-4d7a-b3e5-05e1374c8775,Wesley Durbin,Bibb County SO GA,776,"05/10/2026, 04:00:00 AM UTC
05/15/2026, 03:55:00 AM UTC",***Redacted***,Financial Crime (Embezzlement/Fraud) - ,2026-41143,***Redacted***,"05/20/2026, 01:13:17 PM UTC",lookup,,
53ad7bd0-ce68-4fdc-b7d0-eea2312d199c,Wesley Durbin,Bibb County SO GA,776,"05/01/2026, 04:00:00 AM UTC
05/15/2026, 03:55:00 AM UTC",***Redacted***,Financial Crime (Embezzlement/Fraud) - ,2026-41143,***Redacted***,"05/20/2026, 01:13:43 PM UTC",lookup,,
e6c0c3fb-1b2e-4b07-8165-b10e1862a1fa,Wesley Durbin,Bibb County SO GA,776,"04/21/2026, 04:00:00 AM UTC
05/15/2026, 03:55:00 AM UTC",***Redacted***,Financial Crime (Embezzlement/Fraud) - ,2026-41143,***Redacted***,"05/20/2026, 01:14:16 PM UTC",lookup,,
cf65655c-d68a-4fe4-90df-a5f31956407c,Wesley Durbin,Bibb County SO GA,776,"04/21/2026, 04:00:00 AM UTC
05/13/2026, 03:55:00 AM UTC",***Redacted***,Financial Crime (Embezzlement/Fraud) - ,2026-41143,***Redacted***,"05/20/2026, 01:14:29 PM UTC",lookup,,
ddc516fb-90a6-4747-9b47-0e514339066d,Justin Edwards,Bibb County SO GA,776,"05/19/2026, 01:15:06 PM UTC
05/20/2026, 01:15:06 PM UTC",***Redacted***,Wanted Person (Arrest Warrant/Fugitive) - ,2024-67104,***Redacted***,"05/20/2026, 01:15:07 PM UTC",search - Mobile,,
9fa7318c-015e-4658-b6ca-5fae7e4eec06,Justin Edwards,Bibb County SO GA,849,"05/19/2026, 01:15:57 PM UTC
05/20/2026, 01:15:57 PM UTC",***Redacted***,Wanted Person (Arrest Warrant/Fugitive) - ,2024-67104,***Redacted***,"05/20/2026, 01:16:02 PM UTC",lookup - Mobile,,
98081e0a-cd70-4974-9b7f-76e27489ebe2,Justin Edwards,Bibb County SO GA,776,"05/13/2026, 01:16:25 PM UTC
05/20/2026, 01:16:25 PM UTC",***Redacted***,Wanted Person (Arrest Warrant/Fugitive) - ,2024-67104,***Redacted***,"05/20/2026, 01:16:28 PM UTC",search - Mobile,,
1362708d-b1b8-4947-8e61-be55e4a2441c,Justin Edwards,Bibb County SO GA,776,"05/13/2026, 01:16:33 PM UTC
05/20/2026, 01:16:33 PM UTC",***Redacted***,Wanted Person (Arrest Warrant/Fugitive) - ,2024-67104,***Redacted***,"05/20/2026, 01:16:36 PM UTC",search - Mobile,,
ac1f2f11-8e94-4711-865a-5e9beb6ae0ca,Alex Fletcher,Bibb County SO GA,3,"05/19/2026, 01:30:09 PM UTC
05/20/2026, 01:30:09 PM UTC",***Redacted***,Wanted Person (Arrest Warrant/Fugitive) - ,2024-67104,***Redacted***,"05/20/2026, 01:19:03 PM UTC",freeform,objectClass:vehicle two tone black dodge ram pickup truck,allow
c1951031-763c-48e3-9f50-17e05a51c9bf,Alex Fletcher,Bibb County SO GA,3,"05/19/2026, 01:30:09 PM UTC
05/20/2026, 01:30:09 PM UTC",***Redacted***,Wanted Person (Arrest Warrant/Fugitive) - ,2024-67104,***Redacted***,"05/20/2026, 01:19:40 PM UTC",freeform,objectClass:vehicle two tone black dodge ram pickup truck with bed cover,allow
d2a422e0-49f7-427a-acc4-4f3fb70eb39c,Alex Fletcher,Bibb County SO GA,3,"05/13/2026, 01:30:55 PM UTC
05/20/2026, 01:30:55 PM UTC",***Redacted***,Wanted Person (Arrest Warrant/Fugitive) - ,2024-67104,***Redacted***,"05/20/2026, 01:22:58 PM UTC",lookup,,
349c9908-a5fb-48ef-8ef0-af0829dbed8b,Justin Edwards,Bibb County SO GA,3,"05/13/2026, 01:25:32 PM UTC
05/20/2026, 01:25:32 PM UTC",***Redacted***,Wanted Person (Arrest Warrant/Fugitive) - ,2024-67104,***Redacted***,"05/20/2026, 01:25:35 PM UTC",search - Mobile,,
69aa9e00-17df-49c1-9fa4-ee95c5954e3d,Justin Edwards,Bibb County SO GA,3,"05/13/2026, 01:25:45 PM UTC
05/20/2026, 01:25:45 PM UTC",***Redacted***,Wanted Person (Arrest Warrant/Fugitive) - ,2024-67104,***Redacted***,"05/20/2026, 01:25:47 PM UTC",search - Mobile,,
73b8372d-ea9f-43f1-a025-9d40458ae2ef,George Witherspoon,Bibb County SO GA,3,"05/18/2026, 08:29:56 PM UTC
05/19/2026, 08:29:56 PM UTC",***Redacted***,Motor Vehicle Theft/Stolen - ,26-26729,***Redacted***,"05/19/2026, 08:29:57 PM UTC",lookup - Mobile,,
5018ba1c-efca-46d3-8c89-ed239e145a30,George Witherspoon,Bibb County SO GA,1357,"05/18/2026, 08:30:27 PM UTC
05/19/2026, 08:30:27 PM UTC",***Redacted***,Motor Vehicle Theft/Stolen - ,26-26729,***Redacted***,"05/19/2026, 08:30:27 PM UTC",lookup - Mobile,,
77d3f55c-0796-4364-a350-d94abaeb1bc1,George Witherspoon,Bibb County SO GA,1357,"05/12/2026, 08:30:28 PM UTC
05/19/2026, 08:30:28 PM UTC",***Redacted***,Motor Vehicle Theft/Stolen - ,26-26729,***Redacted***,"05/19/2026, 08:30:29 PM UTC",lookup - Mobile,,
24baa796-01eb-4397-b01e-306cbe4d23be,George Witherspoon,Bibb County SO GA,1357,"04/19/2026, 08:30:44 PM UTC
05/19/2026, 08:30:44 PM UTC",***Redacted***,Motor Vehicle Theft/Stolen - ,26-26729,***Redacted***,"05/19/2026, 08:30:46 PM UTC",lookup - Mobile,,
d251415a-63f2-4faf-aa18-1388feba88fd,Alexis Robinson,Bibb County SO GA,1425,"05/19/2026, 07:00:18 PM UTC
05/19/2026, 09:00:18 PM UTC",***Redacted***,Hit and Run/Car Accident - ,CFS #: 369,***Redacted***,"05/19/2026, 08:33:34 PM UTC",lookup,,
2e116f9d-b18b-4ada-9902-4cab6d725f0d,Alexis Robinson,Bibb County SO GA,1425,"05/19/2026, 07:00:18 PM UTC
05/19/2026, 09:00:18 PM UTC",***Redacted***,Hit and Run/Car Accident - ,CFS #: 369,***Redacted***,"05/19/2026, 08:33:47 PM UTC",search,,
c5820ba8-9425-42f9-9829-520f12e2cd5a,Alexis Robinson,Bibb County SO GA,1425,"05/19/2026, 07:00:18 PM UTC
05/19/2026, 09:00:18 PM UTC",***Redacted***,Hit and Run/Car Accident - ,CFS #: 369,***Redacted***,"05/19/2026, 08:33:57 PM UTC",search,,
a9bde482-331d-4fbb-9f03-b6fe9c909b56,Alexis Robinson,Bibb County SO GA,1425,"05/19/2026, 07:00:18 PM UTC
05/19/2026, 09:00:18 PM UTC",***Redacted***,Hit and Run/Car Accident - ,CFS #: 369,***Redacted***,"05/19/2026, 08:38:33 PM UTC",search,,
6fe9439b-4213-4e12-882b-1030e13fbd83,Seth Vonderhuevel,Bibb County SO GA,1425,"05/18/2026, 08:49:10 PM UTC
05/19/2026, 08:49:10 PM UTC",***Redacted***,Motor Vehicle Theft/Stolen - ,26-41532,***Redacted***,"05/19/2026, 08:49:14 PM UTC",search - Mobile,,
badbe256-632f-465f-ac73-ca23abb8d13c,Kirsten Davella,Bibb County SO GA,1512,"04/20/2026, 11:00:00 PM UTC
05/20/2026, 11:00:00 PM UTC",***Redacted***,Wanted Person (Arrest Warrant/Fugitive) - ,Operation Safe Streets,***Redacted***,"05/20/2026, 10:46:03 PM UTC",lookup,,
2162fcd6-9c64-4706-9637-4517e578a56a,Alexis Robinson,Bibb County SO GA,3,"05/18/2026, 08:00:00 PM UTC
05/18/2026, 11:00:00 PM UTC",***Redacted***,Hit and Run/Car Accident - ,2026-43156,***Redacted***,"05/19/2026, 01:44:12 PM UTC",lookup,,
21d2d151-be95-4fbd-81a7-f86fe1795d1f,Alexis Robinson,Bibb County SO GA,3,"05/18/2026, 04:00:00 PM UTC
05/19/2026, 03:59:00 AM UTC",***Redacted***,Hit and Run/Car Accident - ,2026-43156,***Redacted***,"05/19/2026, 01:45:04 PM UTC",lookup,,
459ceefc-b6c1-447a-8ccd-723d537c7e3c,Alexis Robinson,Bibb County SO GA,1425,"05/18/2026, 02:00:29 PM UTC
05/19/2026, 02:00:29 PM UTC",***Redacted***,Hit and Run/Car Accident - ,2026-43156,***Redacted***,"05/19/2026, 01:45:40 PM UTC",lookup,,
47a813e5-9b50-4725-becd-a240f59789fd,Alexis Robinson,Bibb County SO GA,1425,"05/17/2026, 02:00:04 PM UTC
05/19/2026, 02:00:04 PM UTC",***Redacted***,Hit and Run/Car Accident - ,2026-43156,***Redacted***,"05/19/2026, 01:46:12 PM UTC",lookup,,
15214080-d15d-4c80-adc8-86a2500c6e30,Alexis Robinson,Bibb County SO GA,1425,"05/17/2026, 02:00:04 PM UTC
05/19/2026, 02:00:04 PM UTC",***Redacted***,Hit and Run/Car Accident - ,2026-43156,***Redacted***,"05/19/2026, 02:04:05 PM UTC",lookup,,
e051e9e6-161c-4954-86d0-2f9f24e5a764,Alexis Robinson,Bibb County SO GA,1425,"05/17/2026, 02:00:04 PM UTC
05/19/2026, 02:00:04 PM UTC",***Redacted***,Hit and Run/Car Accident - ,2026-43156,***Redacted***,"05/19/2026, 02:04:27 PM UTC",lookup,,
592cc8e5-ce39-4522-8ae8-a9ec2b13fdd0,Alexis Robinson,Bibb County SO GA,1425,"05/17/2026, 02:00:04 PM UTC
05/19/2026, 02:00:04 PM UTC",***Redacted***,Hit and Run/Car Accident - ,2026-43156,***Redacted***,"05/19/2026, 02:12:14 PM UTC",lookup,,
1c48efd9-89ad-4e63-827b-c8d51b910a23,Alexis Robinson,Bibb County SO GA,1425,"05/18/2026, 02:00:00 PM UTC
05/19/2026, 02:00:00 PM UTC",***Redacted***,Hit and Run/Car Accident - ,2026-43156,***Redacted***,"05/19/2026, 02:12:22 PM UTC",lookup,,
4725c6f9-3dbc-451a-8c35-6630580bd83f,Alexis Robinson,Bibb County SO GA,1,"05/18/2026, 09:00:00 PM UTC
05/18/2026, 09:45:00 PM UTC",***Redacted***,Hit and Run/Car Accident - ,2026-43156,***Redacted***,"05/19/2026, 02:16:11 PM UTC",search,,
cd7428fc-a6ae-412a-82e3-20b9ba27ffbe,Alexis Robinson,Bibb County SO GA,1,"05/18/2026, 09:25:00 PM UTC
05/18/2026, 09:45:00 PM UTC",***Redacted***,Hit and Run/Car Accident - ,2026-43156,***Redacted***,"05/19/2026, 02:16:27 PM UTC",search,,
938107ea-d8c4-4306-83aa-dae592a01997,Alexis Robinson,Bibb County SO GA,1,"05/18/2026, 09:25:00 PM UTC
05/18/2026, 09:30:00 PM UTC",***Redacted***,Hit and Run/Car Accident - ,2026-43156,***Redacted***,"05/19/2026, 02:18:15 PM UTC",search,,
65b175c9-01bb-4b1a-bc67-bce3cbd97ccd,Alexis Robinson,Bibb County SO GA,1,"05/18/2026, 09:20:00 PM UTC
05/18/2026, 09:30:00 PM UTC",***Redacted***,Hit and Run/Car Accident - ,2026-43156,***Redacted***,"05/19/2026, 02:19:41 PM UTC",search,,
366b6a2e-7f7b-4bfa-b3ea-ad7edda40bfd,Alexis Robinson,Bibb County SO GA,1,"05/18/2026, 09:20:00 PM UTC
05/18/2026, 09:30:00 PM UTC",***Redacted***,Hit and Run/Car Accident - ,2026-43156,***Redacted***,"05/19/2026, 02:20:34 PM UTC",lookup,,
562aa654-d603-44d8-bb43-08b28d99a52b,Alexis Robinson,Bibb County SO GA,1,"05/18/2026, 09:20:00 PM UTC
05/18/2026, 09:25:00 PM UTC",***Redacted***,Hit and Run/Car Accident - ,2026-43156,***Redacted***,"05/19/2026, 02:36:35 PM UTC",lookup,,
e7fdb152-0512-465f-8b32-28e9966cb738,Alexis Robinson,Bibb County SO GA,1,"05/18/2026, 09:20:00 PM UTC
05/18/2026, 09:25:00 PM UTC",***Redacted***,Hit and Run/Car Accident - ,2026-43156,***Redacted***,"05/19/2026, 02:36:43 PM UTC",search,,
6f38938d-28e3-46c8-8a2e-4b1d8b9fd880,Alexis Robinson,Bibb County SO GA,1,"05/18/2026, 09:20:00 PM UTC
05/18/2026, 09:28:00 PM UTC",***Redacted***,Hit and Run/Car Accident - ,2026-43156,***Redacted***,"05/19/2026, 02:36:54 PM UTC",search,,
93e1ad90-9437-409d-a0e5-ca627f33ab0e,Alexis Robinson,Bibb County SO GA,1425,"05/18/2026, 03:00:03 PM UTC
05/19/2026, 03:00:03 PM UTC",***Redacted***,Hit and Run/Car Accident - ,2026-43156,***Redacted***,"05/19/2026, 02:39:07 PM UTC",lookup,,
b3ab9a88-f73a-4615-8c0d-c0b8569abf84,Adam Grant,Bibb County SO GA,1358,"05/18/2026, 02:56:32 PM UTC
05/19/2026, 02:56:32 PM UTC",***Redacted***,Larceny/Theft Offenses - ,2026-1296,***Redacted***,"05/19/2026, 02:56:42 PM UTC",search - Mobile,,
1a063381-06f1-40e8-b386-647edc47b1ee,Adam Grant,Bibb County SO GA,1358,"05/18/2026, 03:10:14 PM UTC
05/19/2026, 03:10:14 PM UTC",***Redacted***,Larceny/Theft Offenses - ,2026-1296,***Redacted***,"05/19/2026, 03:10:18 PM UTC",search - Mobile,,
6010683b-5517-4f62-93ed-131414a03301,Kirsten Davella,Bibb County SO GA,1512,"05/20/2026, 07:18:31 PM UTC
05/20/2026, 07:33:31 PM UTC",***Redacted***,Terrorism/Terroristic Threats - ,2026-45553,***Redacted***,"05/20/2026, 07:33:46 PM UTC",search,,
153b0ed5-6c35-46ab-8a31-fc60958574f6,Tyrelle Stephens,Bibb County SO GA,11,"05/19/2026, 10:00:00 PM UTC
05/21/2026, 12:00:00 AM UTC",***Redacted***,Hit and Run/Car Accident - ,2026-39620,***Redacted***,"05/20/2026, 11:53:46 PM UTC",lookup,,
e99dbfea-c73f-43e4-a08b-22de9ccec1fb,Tyrelle Stephens,Bibb County SO GA,11,"04/21/2026, 12:00:50 AM UTC
05/21/2026, 12:00:50 AM UTC",***Redacted***,Hit and Run/Car Accident - ,2026-39620,***Redacted***,"05/20/2026, 11:53:52 PM UTC",lookup,,
3f5ef90c-ff60-401e-a24c-5c343007beef,Tyrelle Stephens,Bibb County SO GA,11,"05/02/2026, 12:00:00 AM UTC
05/21/2026, 12:00:00 AM UTC",***Redacted***,Hit and Run/Car Accident - ,2026-39620,***Redacted***,"05/20/2026, 11:55:28 PM UTC",lookup,,
a789e17f-6435-41ad-b80c-42f6acfaec6d,Tyrelle Stephens,Bibb County SO GA,11,"04/21/2026, 12:00:33 AM UTC
05/21/2026, 12:00:33 AM UTC",***Redacted***,Hit and Run/Car Accident - ,2026-39620,***Redacted***,"05/20/2026, 11:55:35 PM UTC",lookup,,
791554ef-1b67-457d-843d-c275cae1e645,Justin Edwards,Bibb County SO GA,730,"05/13/2026, 05:09:51 PM UTC
05/20/2026, 05:09:51 PM UTC",***Redacted***,Assault/Battery Offenses - ,2024-67104,***Redacted***,"05/20/2026, 05:09:53 PM UTC",lookup - Mobile,,
8cede518-8cb2-4e46-b6c4-5da67c90f7af,Justin Edwards,Bibb County SO GA,730,"05/13/2026, 09:09:24 PM UTC
05/20/2026, 09:09:24 PM UTC",***Redacted***,Assault/Battery Offenses - ,2024-67104,***Redacted***,"05/20/2026, 09:09:29 PM UTC",lookup - Mobile,,
c4dce5f9-b324-4680-b75b-d99e70b19ce7,Justin Edwards,Bibb County SO GA,730,"05/13/2026, 06:38:59 PM UTC
05/20/2026, 06:38:59 PM UTC",***Redacted***,Assault/Battery Offenses - ,2024-67104,***Redacted***,"05/20/2026, 06:39:01 PM UTC",lookup - Mobile,,
d172d19a-e90a-4338-b341-454660d23ccd,Justin Edwards,Bibb County SO GA,3,"05/13/2026, 03:54:52 PM UTC
05/20/2026, 03:54:52 PM UTC",***Redacted***,Wanted Person (Arrest Warrant/Fugitive) - ,2024-67104,***Redacted***,"05/20/2026, 03:54:55 PM UTC",lookup - Mobile,,
957dabca-4ea7-4c97-96db-459cf0aa2352,Justin Edwards,Bibb County SO GA,3,"05/12/2026, 06:38:29 PM UTC
05/19/2026, 06:38:29 PM UTC",***Redacted***,Wanted Person (Arrest Warrant/Fugitive) - ,2024-67104,***Redacted***,"05/19/2026, 06:38:31 PM UTC",lookup - Mobile,,
0145f80d-642e-42ea-be1a-14bfeb0d1a2d,Justin Edwards,Bibb County SO GA,3,"05/12/2026, 06:38:47 PM UTC
05/19/2026, 06:38:47 PM UTC",***Redacted***,Wanted Person (Arrest Warrant/Fugitive) - ,2024-67104,***Redacted***,"05/19/2026, 06:38:48 PM UTC",search - Mobile,,
46fe1d41-ea27-46f7-9add-a9e61029f12b,Justin Edwards,Bibb County SO GA,3,"05/12/2026, 06:39:02 PM UTC
05/19/2026, 06:39:02 PM UTC",***Redacted***,Wanted Person (Arrest Warrant/Fugitive) - ,2024-67104,***Redacted***,"05/19/2026, 06:39:03 PM UTC",search - Mobile,,
e20dce73-ba8a-48c9-be12-54ec6f58a42c,Justin Edwards,Bibb County SO GA,3,"05/12/2026, 06:39:09 PM UTC
05/19/2026, 06:39:09 PM UTC",***Redacted***,Wanted Person (Arrest Warrant/Fugitive) - ,2024-67104,***Redacted***,"05/19/2026, 06:39:11 PM UTC",search - Mobile,,
b20dba1e-981c-4ca6-acba-1405839464b7,Justin Edwards,Bibb County SO GA,3,"05/12/2026, 06:39:49 PM UTC
05/19/2026, 06:39:49 PM UTC",***Redacted***,Wanted Person (Arrest Warrant/Fugitive) - ,2024-67104,***Redacted***,"05/19/2026, 06:39:51 PM UTC",search - Mobile,,
8470281c-c332-4b10-992a-c5de95cf1009,MELANIE HOFMANN,Bibb County SO GA,11,"05/05/2026, 07:00:36 PM UTC
05/19/2026, 07:00:36 PM UTC",***Redacted***,Stolen Property Offenses - ,26-5353,***Redacted***,"05/19/2026, 06:40:40 PM UTC",lookup,,
6e3c7a3b-11d5-48a1-8a5d-440daa3b52de,Adam Grant,Bibb County SO GA,1357,"05/18/2026, 06:59:31 PM UTC
05/19/2026, 06:59:31 PM UTC",***Redacted***,Motor Vehicle Theft/Stolen - ,2026-43268,***Redacted***,"05/19/2026, 06:59:33 PM UTC",lookup - Mobile,,
7a7327dd-7125-413a-b1fb-667aefb0f18e,Justin Edwards,Bibb County SO GA,3,"05/12/2026, 07:01:04 PM UTC
05/19/2026, 07:01:04 PM UTC",***Redacted***,Wanted Person (Arrest Warrant/Fugitive) - ,2024-67104,***Redacted***,"05/19/2026, 07:01:07 PM UTC",search - Mobile,,
ea3db483-9962-44d8-bae8-815ae957a951,Justin Edwards,Bibb County SO GA,3,"05/12/2026, 07:01:17 PM UTC
05/19/2026, 07:01:17 PM UTC",***Redacted***,Wanted Person (Arrest Warrant/Fugitive) - ,2024-67104,***Redacted***,"05/19/2026, 07:01:19 PM UTC",search - Mobile,,
69b9793e-a1d1-4154-9c87-a4a206a3a6c9,Adam Grant,Bibb County SO GA,1357,"05/18/2026, 07:03:49 PM UTC
05/19/2026, 07:03:49 PM UTC",***Redacted***,Motor Vehicle Theft/Stolen - ,2026-43268,***Redacted***,"05/19/2026, 07:03:52 PM UTC",lookup - Mobile,,
1c4b4dc3-c0ac-4301-9b25-02db9d87141e,Adam Grant,Bibb County SO GA,1357,"05/18/2026, 07:09:21 PM UTC
05/19/2026, 07:09:21 PM UTC",***Redacted***,Motor Vehicle Theft/Stolen - ,2026-43268,***Redacted***,"05/19/2026, 07:09:23 PM UTC",lookup - Mobile,,
814d2792-0b8f-4cc6-9bef-6a138d06021d,Enrique Hogan,Bibb County SO GA,730,"05/05/2026, 07:10:00 PM UTC
05/19/2026, 07:10:00 PM UTC",***Redacted***,Wanted Person (Arrest Warrant/Fugitive) - FID  11957926,FID1192341,***Redacted***,"05/19/2026, 07:10:06 PM UTC",search - Mobile,,
e686b54f-99c0-451e-9071-ca45a131e14b,Enrique Hogan,Bibb County SO GA,730,"05/05/2026, 07:10:47 PM UTC
05/19/2026, 07:10:47 PM UTC",***Redacted***,Wanted Person (Arrest Warrant/Fugitive) - FID  11957926,FID1192341,***Redacted***,"05/19/2026, 07:10:54 PM UTC",search - Mobile,,
6b2cd421-e98a-40fd-95ed-320669b83cd1,Enrique Hogan,Bibb County SO GA,730,"05/18/2026, 07:12:34 PM UTC
05/19/2026, 07:12:34 PM UTC",***Redacted***,Wanted Person (Arrest Warrant/Fugitive) - FID  11957926,FID1192341,***Redacted***,"05/19/2026, 07:12:36 PM UTC",search - Mobile,,
4bfa49f2-324f-4873-b995-41c5f0424663,Seth Vonderhuevel,Bibb County SO GA,3,"05/18/2026, 07:14:22 PM UTC
05/19/2026, 07:14:22 PM UTC",***Redacted***,Motor Vehicle Theft/Stolen - ,26-41532,***Redacted***,"05/19/2026, 07:14:24 PM UTC",lookup - Mobile,,
605ac17e-ed2a-4f7a-8e7a-637a09452661,Seth Vonderhuevel,Bibb County SO GA,1425,"05/12/2026, 07:14:42 PM UTC
05/19/2026, 07:14:42 PM UTC",***Redacted***,Motor Vehicle Theft/Stolen - ,26-41532,***Redacted***,"05/19/2026, 07:14:44 PM UTC",lookup - Mobile,,
80cba97d-9ee0-475c-99ca-b6556a35fc70,Seth Vonderhuevel,Bibb County SO GA,1425,"05/18/2026, 07:16:07 PM UTC
05/19/2026, 07:16:07 PM UTC",***Redacted***,Motor Vehicle Theft/Stolen - ,26-41532,***Redacted***,"05/19/2026, 07:16:10 PM UTC",search - Mobile,,
f165a8b5-d91e-46c9-80d0-879f0780ce96,Seth Vonderhuevel,Bibb County SO GA,1425,"05/18/2026, 07:17:02 PM UTC
05/19/2026, 07:17:02 PM UTC",***Redacted***,Motor Vehicle Theft/Stolen - ,26-41532,***Redacted***,"05/19/2026, 07:17:03 PM UTC",search - Mobile,,
c3c9e471-3c42-4766-a9e5-d9d906ff88fd,Seth Vonderhuevel,Bibb County SO GA,1425,"05/18/2026, 07:17:05 PM UTC
05/19/2026, 07:17:05 PM UTC",***Redacted***,Motor Vehicle Theft/Stolen - ,26-41532,***Redacted***,"05/19/2026, 07:17:05 PM UTC",search - Mobile,,
d6ae0d29-8eb1-4a1c-aaab-d25d87460ff9,Seth Vonderhuevel,Bibb County SO GA,1425,"05/12/2026, 07:17:07 PM UTC
05/19/2026, 07:17:07 PM UTC",***Redacted***,Motor Vehicle Theft/Stolen - ,26-41532,***Redacted***,"05/19/2026, 07:17:09 PM UTC",search - Mobile,,
6d33a2c7-b1e7-4c24-ad22-f0d86adc26a8,Seth Vonderhuevel,Bibb County SO GA,1425,"05/18/2026, 07:17:18 PM UTC
05/19/2026, 07:17:18 PM UTC",***Redacted***,Motor Vehicle Theft/Stolen - ,26-41532,***Redacted***,"05/19/2026, 07:17:21 PM UTC",search - Mobile,,
c27b338f-3ed6-4be0-be27-befe9a2841fb,Seth Vonderhuevel,Bibb County SO GA,1425,"05/18/2026, 07:19:26 PM UTC
05/19/2026, 07:19:26 PM UTC",***Redacted***,Motor Vehicle Theft/Stolen - ,26-41532,***Redacted***,"05/19/2026, 07:19:29 PM UTC",search - Mobile,,
2d0804d1-9b9d-4f61-8f11-036e755c2126,Seth Vonderhuevel,Bibb County SO GA,1425,"05/18/2026, 07:22:24 PM UTC
05/19/2026, 07:22:24 PM UTC",***Redacted***,Motor Vehicle Theft/Stolen - ,26-41532,***Redacted***,"05/19/2026, 07:22:27 PM UTC",search - Mobile,,
181fa404-0504-4382-9541-9b850e99f81b,George Witherspoon,Bibb County SO GA,1357,"03/30/2026, 04:00:00 AM UTC
03/31/2026, 03:59:59 AM UTC",***Redacted***,Motor Vehicle Theft/Stolen - ,26-26729,***Redacted***,"05/21/2026, 12:47:51 AM UTC",lookup - Mobile,,
a906423e-2dea-4597-80bb-af37428455a5,George Witherspoon,Bibb County SO GA,1357,"04/21/2026, 12:47:57 AM UTC
05/21/2026, 12:47:57 AM UTC",***Redacted***,Motor Vehicle Theft/Stolen - ,26-26729,***Redacted***,"05/21/2026, 12:47:59 AM UTC",lookup - Mobile,,
366c07fd-255e-423c-9ce5-f16cb2559a89,Adam Grant,Bibb County SO GA,1357,"04/21/2026, 12:22:52 PM UTC
05/21/2026, 12:22:52 PM UTC",***Redacted***,Larceny/Theft Offenses - ,2026-1296,***Redacted***,"05/21/2026, 12:22:54 PM UTC",lookup - Mobile,,
3b4f3f8b-ad53-4fc2-b628-d1e3115f5d51,Justin Edwards,Bibb County SO GA,3,"05/14/2026, 09:59:24 PM UTC
05/21/2026, 09:59:24 PM UTC",***Redacted***,Assault/Battery Offenses - ,2024-67104,***Redacted***,"05/21/2026, 09:59:26 PM UTC",lookup - Mobile,,
4e1890b7-0bc7-428c-b907-7a0ea17d505d,Justin Edwards,Bibb County SO GA,3,"05/19/2026, 02:42:45 PM UTC
05/20/2026, 02:42:45 PM UTC",***Redacted***,Wanted Person (Arrest Warrant/Fugitive) - ,2024-67104,***Redacted***,"05/20/2026, 02:42:47 PM UTC",lookup - Mobile,,
5641f2d1-a899-4c62-b743-644fd7267efa,Justin Edwards,Bibb County SO GA,3,"05/19/2026, 02:51:26 PM UTC
05/20/2026, 02:51:26 PM UTC",***Redacted***,Wanted Person (Arrest Warrant/Fugitive) - ,2024-67104,***Redacted***,"05/20/2026, 02:51:27 PM UTC",lookup - Mobile,,
77f39904-b942-4b91-83d2-752726f193c0,Justin Edwards,Bibb County SO GA,3,"05/13/2026, 02:51:55 PM UTC
05/20/2026, 02:51:55 PM UTC",***Redacted***,Wanted Person (Arrest Warrant/Fugitive) - ,2024-67104,***Redacted***,"05/20/2026, 02:51:56 PM UTC",lookup - Mobile,,
4cfb5a92-43bd-4c4a-800d-b69a8850a604,Justin Edwards,Bibb County SO GA,3,"05/13/2026, 02:58:05 PM UTC
05/20/2026, 02:58:05 PM UTC",***Redacted***,Wanted Person (Arrest Warrant/Fugitive) - ,2024-67104,***Redacted***,"05/20/2026, 02:58:06 PM UTC",lookup - Mobile,,
40bfff0b-79b3-4cac-834f-5c4754de056f,MELANIE HOFMANN,Bibb County SO GA,11,"04/19/2026, 04:30:56 PM UTC
05/19/2026, 04:30:56 PM UTC",***Redacted***,Indecent Exposure/Lewd - ,MGSU,***Redacted***,"05/19/2026, 04:30:00 PM UTC",lookup,,
0457fde1-f624-4b66-b241-f6fc7cdc3317,Wesley Durbin,Bibb County SO GA,3,"05/12/2026, 04:00:00 AM UTC
05/13/2026, 03:55:00 AM UTC",***Redacted***,Financial Crime (Embezzlement/Fraud) - ,2026-41143,***Redacted***,"05/20/2026, 04:20:44 PM UTC",lookup,,
efa02445-2f6e-40a6-9bef-a5015d8d6553,Wesley Durbin,Bibb County SO GA,3,"05/12/2026, 04:00:00 AM UTC
05/13/2026, 03:55:00 AM UTC",***Redacted***,Financial Crime (Embezzlement/Fraud) - ,2026-41143,***Redacted***,"05/20/2026, 04:21:07 PM UTC",lookup,,
64208a72-a36a-4a48-8b4d-a642e2055e48,Wesley Durbin,Bibb County SO GA,3,"05/12/2026, 04:00:00 AM UTC
05/13/2026, 03:55:00 AM UTC",***Redacted***,Financial Crime (Embezzlement/Fraud) - ,2026-41143,***Redacted***,"05/20/2026, 04:21:20 PM UTC",lookup,,
f0a21e02-aa80-4cea-b32e-a9a81cce27f7,Wesley Durbin,Bibb County SO GA,1,"05/12/2026, 04:00:00 AM UTC
05/13/2026, 03:55:00 AM UTC",***Redacted***,Financial Crime (Embezzlement/Fraud) - ,2026-41143,***Redacted***,"05/20/2026, 04:21:25 PM UTC",lookup,,
fe99209c-9fd5-43d2-b9ff-22c1094dbb55,Wesley Durbin,Bibb County SO GA,3,"05/12/2026, 04:00:00 AM UTC
05/13/2026, 03:55:00 AM UTC",***Redacted***,Financial Crime (Embezzlement/Fraud) - ,2026-41143,***Redacted***,"05/20/2026, 04:22:16 PM UTC",lookup,,
fd818135-a819-4c44-bbac-71dfd2b97e2c,Kirsten Davella,Bibb County SO GA,2,"05/20/2026, 03:45:00 AM UTC
05/20/2026, 03:55:00 AM UTC",***Redacted***,Hit and Run/Car Accident - ,2026-43653,***Redacted***,"05/20/2026, 02:13:22 PM UTC",search,,
0096c7d6-f6cf-4ad4-82cb-302272bd83b8,Kirsten Davella,Bibb County SO GA,3,"05/20/2026, 03:45:00 AM UTC
05/20/2026, 03:55:00 AM UTC",***Redacted***,Hit and Run/Car Accident - ,2026-43653,***Redacted***,"05/20/2026, 02:18:35 PM UTC",search,,
3072a578-53ab-4997-b450-c18c3208926a,Kirsten Davella,Bibb County SO GA,1,"05/20/2026, 04:00:00 AM UTC
05/20/2026, 04:20:00 AM UTC",***Redacted***,Hit and Run/Car Accident - ,2026-43653,***Redacted***,"05/20/2026, 02:22:10 PM UTC",search,,
457f613b-251e-4d59-a688-7bd843fd8720,Kirsten Davella,Bibb County SO GA,1,"05/20/2026, 04:00:00 AM UTC
05/20/2026, 04:20:00 AM UTC",***Redacted***,Hit and Run/Car Accident - ,2026-43653,***Redacted***,"05/20/2026, 02:22:37 PM UTC",search,,
63de8a94-a838-4c4e-a5a2-d54d997255e7,Justin Edwards,Bibb County SO GA,3,"05/19/2026, 02:23:14 PM UTC
05/20/2026, 02:23:14 PM UTC",***Redacted***,Wanted Person (Arrest Warrant/Fugitive) - ,2024-67104,***Redacted***,"05/20/2026, 02:23:15 PM UTC",lookup - Mobile,,
2ccb82d5-e9eb-4d7a-82ec-b661dd3adef6,Justin Edwards,Bibb County SO GA,3,"05/19/2026, 02:35:55 PM UTC
05/20/2026, 02:35:55 PM UTC",***Redacted***,Wanted Person (Arrest Warrant/Fugitive) - ,2024-67104,***Redacted***,"05/20/2026, 02:35:57 PM UTC",lookup - Mobile,,
4011538d-48d3-4646-8da7-2effcc7ef090,Adam Grant,Bibb County SO GA,1357,"04/20/2026, 04:32:54 AM UTC
05/20/2026, 04:32:54 AM UTC",***Redacted***,Larceny/Theft Offenses - ,2026-1296,***Redacted***,"05/20/2026, 04:32:57 AM UTC",lookup - Mobile,,
daf34f72-328f-4491-b9e0-231f4fa23439,Adam Grant,Bibb County SO GA,1357,"04/20/2026, 04:40:42 AM UTC
05/20/2026, 04:40:42 AM UTC",***Redacted***,Larceny/Theft Offenses - ,2026-1296,***Redacted***,"05/20/2026, 04:40:46 AM UTC",lookup - Mobile,,
9f4659e6-fe34-4b16-b78b-e7d6112410d8,Adam Grant,Bibb County SO GA,1357,"04/20/2026, 05:27:28 AM UTC
05/20/2026, 05:27:28 AM UTC",***Redacted***,Larceny/Theft Offenses - ,2026-1296,***Redacted***,"05/20/2026, 05:27:30 AM UTC",lookup - Mobile,,
9bbdf496-4b95-440d-bc35-69dde62203c7,Adam Grant,Bibb County SO GA,1357,"04/20/2026, 06:10:44 AM UTC
05/20/2026, 06:10:44 AM UTC",***Redacted***,Larceny/Theft Offenses - ,2026-1296,***Redacted***,"05/20/2026, 06:10:46 AM UTC",lookup - Mobile,,
cb749526-c046-49f0-9a34-28c0db5d4834,Adam Grant,Bibb County SO GA,1357,"04/20/2026, 06:19:25 AM UTC
05/20/2026, 06:19:25 AM UTC",***Redacted***,Larceny/Theft Offenses - ,2026-1296,***Redacted***,"05/20/2026, 06:19:28 AM UTC",lookup - Mobile,,
5003840f-7ad1-4982-abfc-2442da5ac17e,Adam Grant,Bibb County SO GA,1357,"04/20/2026, 06:20:53 AM UTC
05/20/2026, 06:20:53 AM UTC",***Redacted***,Larceny/Theft Offenses - ,2026-1296,***Redacted***,"05/20/2026, 06:20:55 AM UTC",lookup - Mobile,,
28d3f720-3b0a-4e84-adca-d4a3d84cd8c4,Adam Grant,Bibb County SO GA,1357,"04/20/2026, 06:34:17 AM UTC
05/20/2026, 06:34:17 AM UTC",***Redacted***,Larceny/Theft Offenses - ,2026-1296,***Redacted***,"05/20/2026, 06:34:18 AM UTC",lookup - Mobile,,
6218ae38-50d4-450f-a23c-e59ba000a06e,Adam Grant,Bibb County SO GA,1357,"04/20/2026, 06:55:42 AM UTC
05/20/2026, 06:55:42 AM UTC",***Redacted***,Larceny/Theft Offenses - ,2026-1296,***Redacted***,"05/20/2026, 06:55:44 AM UTC",lookup - Mobile,,
6fcbd09b-18d8-44db-b8b5-ab41b547348d,Justin Edwards,Bibb County SO GA,3,"05/14/2026, 01:15:13 PM UTC
05/21/2026, 01:15:13 PM UTC",***Redacted***,Assault/Battery Offenses - ,2024-67104,***Redacted***,"05/21/2026, 01:15:15 PM UTC",lookup - Mobile,,
1dd4e7ee-4c4e-4359-81f4-f3938acf1587,Justin Edwards,Bibb County SO GA,3,"05/14/2026, 01:16:39 PM UTC
05/21/2026, 01:16:39 PM UTC",***Redacted***,Assault/Battery Offenses - ,2024-67104,***Redacted***,"05/21/2026, 01:16:40 PM UTC",lookup - Mobile,,
7c66462e-8ccc-4caa-932f-7bbeda6b0c85,Justin Edwards,Bibb County SO GA,3,"04/21/2026, 01:16:42 PM UTC
05/21/2026, 01:16:42 PM UTC",***Redacted***,Assault/Battery Offenses - ,2024-67104,***Redacted***,"05/21/2026, 01:16:43 PM UTC",lookup - Mobile,,
a5b0d202-a23d-4e3a-b1be-0f4859bdcae2,Enrique Hogan,Bibb County SO GA,730,"04/21/2026, 01:20:39 PM UTC
05/21/2026, 01:20:39 PM UTC",***Redacted***,Wanted Person (Arrest Warrant/Fugitive) - ,2026-32241,***Redacted***,"05/21/2026, 01:20:41 PM UTC",lookup - Mobile,,
22388b41-f480-4dac-8d69-74574a365623,Charlee Gibson,Bibb County SO GA,1425,"05/20/2026, 06:00:04 PM UTC
05/20/2026, 08:00:04 PM UTC",***Redacted***,Wanted Person (Arrest Warrant/Fugitive) - ,OP SafeStreets (22CR80005),***Redacted***,"05/20/2026, 07:52:55 PM UTC",lookup,,
c2020021-cd41-4ae5-970b-512338f19024,Charlee Gibson,Bibb County SO GA,1425,"04/20/2026, 08:00:01 PM UTC
05/20/2026, 08:00:01 PM UTC",***Redacted***,Wanted Person (Arrest Warrant/Fugitive) - ,OP SafeStreets (22CR80005),***Redacted***,"05/20/2026, 07:53:03 PM UTC",lookup,,
5ba18bf6-48e6-43c0-b1a6-b68c5a64b17c,Charlee Gibson,Bibb County SO GA,1425,"04/20/2026, 08:00:01 PM UTC
05/20/2026, 08:00:01 PM UTC",***Redacted***,Wanted Person (Arrest Warrant/Fugitive) - ,OP SafeStreets (224601-C),***Redacted***,"05/20/2026, 08:14:13 PM UTC",lookup,,
eef84a8a-77fd-49ae-aa6c-ccbbb749e769,Enrique Hogan,Bibb County SO GA,3,"05/14/2026, 03:51:06 PM UTC
05/21/2026, 03:51:06 PM UTC",***Redacted***,Wanted Person (Arrest Warrant/Fugitive) - ,FID  11295681,***Redacted***,"05/21/2026, 03:51:08 PM UTC",search - Mobile,,
71fb5278-4f64-4f99-8bcf-f5eef10c100a,Enrique Hogan,Bibb County SO GA,3,"05/07/2026, 03:51:10 PM UTC
05/21/2026, 03:51:10 PM UTC",***Redacted***,Wanted Person (Arrest Warrant/Fugitive) - ,FID  11295681,***Redacted***,"05/21/2026, 03:51:12 PM UTC",search - Mobile,,
668faafd-bd81-4c54-bcb4-02a3884f6b53,Enrique Hogan,Bibb County SO GA,3,"04/21/2026, 03:51:14 PM UTC
05/21/2026, 03:51:14 PM UTC",***Redacted***,Wanted Person (Arrest Warrant/Fugitive) - ,FID  11295681,***Redacted***,"05/21/2026, 03:51:18 PM UTC",search - Mobile,,
83a08d4d-7095-4bd2-9ee8-51848b38e01b,Enrique Hogan,Bibb County SO GA,3,"05/14/2026, 03:52:18 PM UTC
05/21/2026, 03:52:18 PM UTC",***Redacted***,Wanted Person (Arrest Warrant/Fugitive) - ,FID 11295681,***Redacted***,"05/21/2026, 03:52:20 PM UTC",search - Mobile,,
915d93d3-7480-4e0d-a767-2efe9afb26e6,Enrique Hogan,Bibb County SO GA,3,"05/14/2026, 03:52:22 PM UTC
05/21/2026, 03:52:22 PM UTC",***Redacted***,Wanted Person (Arrest Warrant/Fugitive) - ,FID 11295681,***Redacted***,"05/21/2026, 03:52:24 PM UTC",search - Mobile,,
ea02cec3-8556-48af-8bdd-640011bcdc3b,Enrique Hogan,Bibb County SO GA,3,"05/07/2026, 03:52:26 PM UTC
05/21/2026, 03:52:26 PM UTC",***Redacted***,Wanted Person (Arrest Warrant/Fugitive) - ,FID 11295681,***Redacted***,"05/21/2026, 03:52:28 PM UTC",search - Mobile,,
113e43f5-7f90-421e-97dc-f8ca42969e1e,Enrique Hogan,Bibb County SO GA,730,"04/21/2026, 04:02:03 PM UTC
05/21/2026, 04:02:03 PM UTC",***Redacted***,Wanted Person (Arrest Warrant/Fugitive) - ,FID 11295681,***Redacted***,"05/21/2026, 04:02:09 PM UTC",search - Mobile,,
ed97bb6e-bea0-4459-9e1a-5dcd19d26989,Joseph Crumpler,Bibb County SO GA,11,"05/21/2026, 01:00:19 PM UTC
05/21/2026, 03:00:19 PM UTC",***Redacted***,Hit and Run/Car Accident - ,2026-44006,***Redacted***,"05/21/2026, 04:02:17 PM UTC",lookup,,
c2956576-a175-4f03-9f88-cf2af91837f0,Joseph Crumpler,Bibb County SO GA,11,"05/20/2026, 04:30:29 PM UTC
05/21/2026, 04:30:29 PM UTC",***Redacted***,Hit and Run/Car Accident - ,2026-44006,***Redacted***,"05/21/2026, 04:02:32 PM UTC",lookup,,
259c6050-e9b6-4f32-94f9-871c042fe151,Justin Edwards,Bibb County SO GA,3,"05/14/2026, 04:05:06 PM UTC
05/21/2026, 04:05:06 PM UTC",***Redacted***,Assault/Battery Offenses - ,2024-67104,***Redacted***,"05/21/2026, 04:05:07 PM UTC",lookup - Mobile,,
b265fd04-7ebe-4518-b690-90a9d2e54114,Joseph Callaway,Bibb County SO GA,11,"04/20/2026, 12:00:16 AM UTC
05/20/2026, 12:00:16 AM UTC",***Redacted***,Traffic Infraction - ,2025-52808,***Redacted***,"05/19/2026, 11:38:40 PM UTC",lookup,,
0908443f-0048-4cc6-a47b-828bcda36432,George Witherspoon,Bibb County SO GA,3,"05/19/2026, 08:30:39 PM UTC
05/19/2026, 10:30:39 PM UTC",***Redacted***,Motor Vehicle Theft/Stolen - ,2026-26729,***Redacted***,"05/19/2026, 11:39:30 PM UTC",visual,,
eb856eb2-d094-42c4-8a8c-1e31a864f0be,George Witherspoon,Bibb County SO GA,851,"04/19/2026, 11:40:51 PM UTC
05/19/2026, 11:40:51 PM UTC",***Redacted***,Motor Vehicle Theft/Stolen - ,2026-26729,***Redacted***,"05/19/2026, 11:40:59 PM UTC",lookup,,
2d8a4a4e-ab14-4fcc-a5e6-2298c180dc8c,Justin Edwards,Bibb County SO GA,3,"05/14/2026, 04:15:42 PM UTC
05/21/2026, 04:15:42 PM UTC",***Redacted***,Assault/Battery Offenses - ,2024-67104,***Redacted***,"05/21/2026, 04:15:46 PM UTC",lookup - Mobile,,
e179c46e-cd95-4b3c-a88d-095249a80cee,Alex Fletcher,Bibb County SO GA,3,"05/20/2026, 04:30:15 PM UTC
05/21/2026, 04:30:15 PM UTC",***Redacted***,Wanted Person (Arrest Warrant/Fugitive) - ,2026-12747,***Redacted***,"05/21/2026, 04:18:17 PM UTC",lookup,,
7ac3c9ea-08e0-4d25-8fb0-767295a82803,Kirsten Davella,Bibb County SO GA,3,"04/21/2026, 05:00:31 PM UTC
05/21/2026, 05:00:31 PM UTC",***Redacted***,Wanted Person (Arrest Warrant/Fugitive) - ,Operation Safe Streets,***Redacted***,"05/21/2026, 04:47:33 PM UTC",lookup,,
2600bf10-6b72-4d40-b868-59ec33dbcd92,Kirsten Davella,Bibb County SO GA,1512,"04/21/2026, 05:00:31 PM UTC
05/21/2026, 05:00:31 PM UTC",***Redacted***,Wanted Person (Arrest Warrant/Fugitive) - ,Operation Safe Streets,***Redacted***,"05/21/2026, 04:47:40 PM UTC",lookup,,
dd3a8a45-07c7-484d-99cd-447ea01f0228,Alex Fletcher,Bibb County SO GA,3,"05/20/2026, 04:30:15 PM UTC
05/21/2026, 04:30:15 PM UTC",***Redacted***,Wanted Person (Arrest Warrant/Fugitive) - ,2026-12747,***Redacted***,"05/21/2026, 04:48:08 PM UTC",lookup,,
d78fdd51-8dc3-44a8-8445-1739f360f525,Alex Fletcher,Bibb County SO GA,3,"04/21/2026, 05:00:11 PM UTC
05/21/2026, 05:00:11 PM UTC",***Redacted***,Wanted Person (Arrest Warrant/Fugitive) - ,2026-12747,***Redacted***,"05/21/2026, 04:48:13 PM UTC",lookup,,
2a3cfbec-7a8e-4735-a262-bb927d113147,Kirsten Davella,Bibb County SO GA,1512,"04/21/2026, 05:00:31 PM UTC
05/21/2026, 05:00:31 PM UTC",***Redacted***,Wanted Person (Arrest Warrant/Fugitive) - ,Operation Safe Streets,***Redacted***,"05/21/2026, 04:48:17 PM UTC",lookup,,
fe2b736f-ce19-4741-b71d-d9b955df8e3a,Kirsten Davella,Bibb County SO GA,1512,"04/21/2026, 05:00:31 PM UTC
05/21/2026, 05:00:31 PM UTC",***Redacted***,Wanted Person (Arrest Warrant/Fugitive) - ,Operation Safe Streets,***Redacted***,"05/21/2026, 04:48:29 PM UTC",lookup,,
36ff9e67-5759-4e01-9d70-d384552ffee1,Charlee Gibson,Bibb County SO GA,1425,"05/07/2026, 02:30:52 PM UTC
05/21/2026, 02:30:52 PM UTC",***Redacted***,Motor Vehicle Theft/Stolen - ,2026-42806,***Redacted***,"05/21/2026, 02:03:54 PM UTC",lookup,,
02d6f0b7-90d3-4dfd-ace6-45987687f502,Charlee Gibson,Bibb County SO GA,1425,"05/14/2026, 02:30:00 PM UTC
05/21/2026, 02:30:00 PM UTC",***Redacted***,Motor Vehicle Theft/Stolen - ,2026-42806,***Redacted***,"05/21/2026, 02:07:01 PM UTC",search,,
334d3901-9d8d-4d21-bf4d-d8c4c74e3361,Charlee Gibson,Bibb County SO GA,3,"05/07/2026, 02:30:31 PM UTC
05/21/2026, 02:30:31 PM UTC",***Redacted***,Motor Vehicle Theft/Stolen - ,2026-42806,***Redacted***,"05/21/2026, 02:13:34 PM UTC",lookup,,
3fd4bf2b-b03c-4038-bd12-0397de3778ea,Justin Edwards,Bibb County SO GA,730,"05/14/2026, 02:16:03 PM UTC
05/21/2026, 02:16:03 PM UTC",***Redacted***,Assault/Battery Offenses - ,2024-67104,***Redacted***,"05/21/2026, 02:16:06 PM UTC",lookup - Mobile,,
abea6d80-0f5f-41d1-a39f-d80936c1b8c1,Charlee Gibson,Bibb County SO GA,3,"05/07/2026, 02:30:31 PM UTC
05/21/2026, 02:30:31 PM UTC",***Redacted***,Motor Vehicle Theft/Stolen - ,2026-42806,***Redacted***,"05/21/2026, 02:17:03 PM UTC",lookup,,
e834c615-6621-4c11-9f33-e01c0474ac87,Charlee Gibson,Bibb County SO GA,3,"05/07/2026, 02:30:31 PM UTC
05/21/2026, 02:30:31 PM UTC",***Redacted***,Motor Vehicle Theft/Stolen - ,2026-42806,***Redacted***,"05/21/2026, 02:30:43 PM UTC",lookup,,
ec5ce4d0-95ce-4a0b-b71a-abf48ffaa070,Cicero Goddard,Bibb County SO GA,2,"05/18/2026, 09:18:52 PM UTC
05/19/2026, 09:18:52 PM UTC",***Redacted***,Material Witness - ,22CR81169,***Redacted***,"05/19/2026, 09:18:53 PM UTC",lookup - Mobile,,
31478d3c-7c7f-4e2b-b4ba-08aa97b36bc8,Cicero Goddard,Bibb County SO GA,2,"05/12/2026, 09:18:55 PM UTC
05/19/2026, 09:18:55 PM UTC",***Redacted***,Material Witness - ,22CR81169,***Redacted***,"05/19/2026, 09:18:55 PM UTC",lookup - Mobile,,
32e058f7-5d57-4b5d-a303-284e47e848e0,Cicero Goddard,Bibb County SO GA,2,"04/19/2026, 09:18:57 PM UTC
05/19/2026, 09:18:57 PM UTC",***Redacted***,Material Witness - ,22CR81169,***Redacted***,"05/19/2026, 09:18:58 PM UTC",lookup - Mobile,,
556924f0-4c98-4ca8-9fdb-13fcee5c2474,Cicero Goddard,Bibb County SO GA,2,"04/19/2026, 09:19:00 PM UTC
05/19/2026, 09:19:00 PM UTC",***Redacted***,Material Witness - ,22CR81169,***Redacted***,"05/19/2026, 09:19:00 PM UTC",lookup - Mobile,,
754647b3-65b3-4a0f-a101-5405b95b8bdd,George Witherspoon,Bibb County SO GA,1357,"04/19/2026, 09:30:56 PM UTC
05/19/2026, 09:30:56 PM UTC",***Redacted***,Motor Vehicle Theft/Stolen - ,26-26729,***Redacted***,"05/19/2026, 09:30:59 PM UTC",lookup - Mobile,,
44bfd9b6-9961-4dbf-bdc4-ae1b8029be4e,George Witherspoon,Bibb County SO GA,1357,"03/30/2026, 04:00:00 AM UTC
03/31/2026, 03:59:59 AM UTC",***Redacted***,Motor Vehicle Theft/Stolen - ,26-26729,***Redacted***,"05/19/2026, 09:33:23 PM UTC",lookup - Mobile,,
48f3cb47-3f8f-4052-a291-a4e6a85d1d80,Kasie Huston,Bibb County SO GA,762,"04/19/2026, 10:00:46 PM UTC
05/19/2026, 10:00:46 PM UTC",***Redacted***,Material Witness - ,22CR81169,***Redacted***,"05/19/2026, 09:41:23 PM UTC",lookup,,
aa82e6cb-e5b4-4684-86bf-d002e0ea4df3,George Witherspoon,Bibb County SO GA,1357,"04/19/2026, 10:10:51 PM UTC
05/19/2026, 10:10:51 PM UTC",***Redacted***,Motor Vehicle Theft/Stolen - ,26-26729,***Redacted***,"05/19/2026, 10:10:59 PM UTC",lookup - Mobile,,
cb2048d6-8bb5-4880-9289-ce6b620039c9,George Witherspoon,Bibb County SO GA,3,"04/19/2026, 10:30:05 PM UTC
05/19/2026, 10:30:05 PM UTC",***Redacted***,Motor Vehicle Theft/Stolen - ,2026-26729,***Redacted***,"05/19/2026, 10:19:23 PM UTC",freeform,objectClass:vehicle WHITE FORD FFUSION WITH BLACK REAR DOOR,allow
0fb466c4-8d01-47be-8abf-3e244c6fb38a,George Witherspoon,Bibb County SO GA,3,"05/19/2026, 08:30:39 PM UTC
05/19/2026, 10:30:39 PM UTC",***Redacted***,Motor Vehicle Theft/Stolen - ,2026-26729,***Redacted***,"05/19/2026, 10:27:13 PM UTC",visual,,
42d98cf2-ed5e-4522-86cc-91c25eb1a325,Charlee Gibson,Bibb County SO GA,3,"05/07/2026, 02:30:31 PM UTC
05/21/2026, 02:30:31 PM UTC",***Redacted***,Motor Vehicle Theft/Stolen - ,2026-42806,***Redacted***,"05/21/2026, 02:39:44 PM UTC",lookup,,
0ea9daea-c065-4f7b-a34c-d94196cbeed8,Charlee Gibson,Bibb County SO GA,3,"05/07/2026, 02:30:31 PM UTC
05/21/2026, 02:30:31 PM UTC",***Redacted***,Motor Vehicle Theft/Stolen - ,2026-42806,***Redacted***,"05/21/2026, 02:46:37 PM UTC",lookup,,
e5ace005-60fc-4bec-9109-13463c8e3018,Joseph Crumpler,Bibb County SO GA,11,"05/21/2026, 01:00:19 PM UTC
05/21/2026, 03:00:19 PM UTC",***Redacted***,Hit and Run/Car Accident - ,2026-44006,***Redacted***,"05/21/2026, 02:54:50 PM UTC",lookup,,
804c8fa0-aca0-45e6-b1e6-82a0cab802ad,Joseph Crumpler,Bibb County SO GA,11,"05/21/2026, 01:00:19 PM UTC
05/21/2026, 03:00:19 PM UTC",***Redacted***,Hit and Run/Car Accident - ,2026-44006,***Redacted***,"05/21/2026, 02:58:52 PM UTC",lookup,,
0413375a-ef72-4324-ac80-e7300becb845,George Witherspoon,Bibb County SO GA,1357,"04/21/2026, 04:53:21 PM UTC
05/21/2026, 04:53:21 PM UTC",***Redacted***,Motor Vehicle Theft/Stolen - ,26-26729,***Redacted***,"05/21/2026, 04:53:23 PM UTC",lookup - Mobile,,
3f166531-9712-435c-8611-ddf3d324d137,Justin Edwards,Bibb County SO GA,3,"05/14/2026, 05:37:37 PM UTC
05/21/2026, 05:37:37 PM UTC",***Redacted***,Assault/Battery Offenses - ,2024-67104,***Redacted***,"05/21/2026, 05:37:41 PM UTC",lookup - Mobile,,
a693ec07-9cf6-4946-82a8-bc3689a1cdc1,Justin Edwards,Bibb County SO GA,3,"05/14/2026, 05:37:47 PM UTC
05/21/2026, 05:37:47 PM UTC",***Redacted***,Assault/Battery Offenses - ,2024-67104,***Redacted***,"05/21/2026, 05:37:49 PM UTC",lookup - Mobile,,
047ad423-0fb3-488c-aec4-665ba8f5a2ac,Seth Vonderhuevel,Bibb County SO GA,1425,"05/11/2026, 08:00:00 PM UTC
05/11/2026, 11:00:00 PM UTC",***Redacted***,Wanted Person (Arrest Warrant/Fugitive) - ,26-40792,***Redacted***,"05/11/2026, 10:54:05 PM UTC",search,,
804a7173-7d41-46fe-bf88-a91d85781489,Seth Vonderhuevel,Bibb County SO GA,1425,"05/11/2026, 08:00:00 PM UTC
05/11/2026, 11:00:00 PM UTC",***Redacted***,Wanted Person (Arrest Warrant/Fugitive) - ,26-40792,***Redacted***,"05/11/2026, 10:57:00 PM UTC",search,,
3b66e3c3-ecc0-4f46-ac1f-e47cda6aae6a,George Witherspoon,Bibb County SO GA,3,"04/11/2026, 07:01:58 PM UTC
05/11/2026, 07:01:58 PM UTC",***Redacted***,Larceny/Theft Offenses - ,2026-406774,***Redacted***,"05/11/2026, 07:01:58 PM UTC",lookup - Mobile,,
73a474e7-e12f-4fcb-a039-a9da8f1c63af,George Witherspoon,Bibb County SO GA,1358,"04/11/2026, 07:02:13 PM UTC
05/11/2026, 07:02:13 PM UTC",***Redacted***,Larceny/Theft Offenses - ,2026-406774,***Redacted***,"05/11/2026, 07:02:18 PM UTC",lookup - Mobile,,
200017e5-b939-41b1-a4dc-98c423e79645,Adam Grant,Bibb County SO GA,1358,"05/09/2026, 02:07:15 PM UTC
05/10/2026, 02:07:15 PM UTC",***Redacted***,Motor Vehicle Theft/Stolen - 2026-1296,,***Redacted***,"05/10/2026, 02:07:16 PM UTC",lookup - Mobile,,
86f1ce7b-8929-4920-b187-1636e157b544,Seth Vonderhuevel,Bibb County SO GA,1358,"05/10/2026, 08:09:46 AM UTC
05/10/2026, 02:09:46 PM UTC",***Redacted***,Obstructing the Police (Fleeing/Eluding) - 26-23674,,***Redacted***,"05/10/2026, 02:09:47 PM UTC",lookup - Mobile,,
24bceef2-c5fa-4d93-a200-cfb34b0160bc,Courtney Wilder,Bibb County SO GA,2,"05/09/2026, 01:30:33 PM UTC
05/10/2026, 01:30:33 PM UTC",***Redacted***,Motor Vehicle Theft/Stolen - 2026-40358,,***Redacted***,"05/10/2026, 02:10:10 PM UTC",lookup,,
ff2c7c96-4fba-4d9b-bff3-fa7a79b2a5d0,Courtney Wilder,Bibb County SO GA,2,"05/09/2026, 01:30:33 PM UTC
05/10/2026, 01:30:33 PM UTC",***Redacted***,Motor Vehicle Theft/Stolen - 2026-40358,,***Redacted***,"05/10/2026, 02:10:25 PM UTC",lookup,,
c8023edb-be7d-4f80-84ac-a674c00c61b4,Adam Grant,Bibb County SO GA,1358,"05/09/2026, 02:15:47 PM UTC
05/10/2026, 02:15:47 PM UTC",***Redacted***,Motor Vehicle Theft/Stolen - 2026-1296,,***Redacted***,"05/10/2026, 02:15:49 PM UTC",lookup - Mobile,,
ad308d34-b40b-48b0-91ca-8529b4e06bd2,Seth Vonderhuevel,Bibb County SO GA,1358,"05/10/2026, 08:18:56 AM UTC
05/10/2026, 02:18:56 PM UTC",***Redacted***,Obstructing the Police (Fleeing/Eluding) - 26-23674,,***Redacted***,"05/10/2026, 02:18:57 PM UTC",lookup - Mobile,,
c1e84cee-ec59-4456-9e4c-e7842c6a8aa7,Seth Vonderhuevel,Bibb County SO GA,1358,"05/10/2026, 08:19:15 AM UTC
05/10/2026, 02:19:15 PM UTC",***Redacted***,Obstructing the Police (Fleeing/Eluding) - 26-23674,,***Redacted***,"05/10/2026, 02:19:15 PM UTC",lookup - Mobile,,
a63e603d-9273-44a7-b227-ff0f37be4e74,Seth Vonderhuevel,Bibb County SO GA,1358,"05/10/2026, 08:19:31 AM UTC
05/10/2026, 02:19:31 PM UTC",***Redacted***,Obstructing the Police (Fleeing/Eluding) - 26-23674,,***Redacted***,"05/10/2026, 02:19:32 PM UTC",lookup - Mobile,,
51884c56-5db0-4a58-890c-740864db5d21,Seth Vonderhuevel,Bibb County SO GA,1358,"05/10/2026, 08:20:23 AM UTC
05/10/2026, 02:20:23 PM UTC",***Redacted***,Obstructing the Police (Fleeing/Eluding) - 26-23674,,***Redacted***,"05/10/2026, 02:20:24 PM UTC",lookup - Mobile,,
ca286ecd-9047-4853-b9d1-43347fddc30e,Seth Vonderhuevel,Bibb County SO GA,1358,"05/10/2026, 08:20:37 AM UTC
05/10/2026, 02:20:37 PM UTC",***Redacted***,Obstructing the Police (Fleeing/Eluding) - 26-23674,,***Redacted***,"05/10/2026, 02:20:38 PM UTC",lookup - Mobile,,
05ed1edb-27ce-4390-9df2-71f00a85e8cd,Desmond Raines,Bibb County SO GA,11,"05/10/2026, 03:30:46 PM UTC
05/10/2026, 05:30:46 PM UTC",***Redacted***,Hit and Run/Car Accident - accident,,***Redacted***,"05/10/2026, 05:14:42 PM UTC",search,,
270c1114-d87c-4022-bad1-70b839358243,Desmond Raines,Bibb County SO GA,10,"05/10/2026, 03:30:46 PM UTC
05/10/2026, 05:30:46 PM UTC",***Redacted***,Hit and Run/Car Accident - accident,,***Redacted***,"05/10/2026, 05:17:12 PM UTC",search,,
e24a58bc-6168-4113-b6ca-d0059aedcc2b,John Kile,Bibb County SO GA,11,"05/10/2026, 12:30:16 AM UTC
05/11/2026, 12:30:16 AM UTC",***Redacted***,Assault/Battery Offenses (Domestic) - 2026-00040501,,***Redacted***,"05/11/2026, 12:28:18 AM UTC",search,,
9a07949d-3fdf-4c36-bc4d-ac49b0b33a65,Alex Fletcher,Bibb County SO GA,1425,"05/11/2026, 05:00:34 AM UTC
05/12/2026, 05:00:34 AM UTC",***Redacted***,Wanted Person (Arrest Warrant/Fugitive) - ,2026-15446,***Redacted***,"05/12/2026, 04:33:40 AM UTC",lookup,,
a17642b9-d8ee-4b44-a9e9-225e38700712,Alex Fletcher,Bibb County SO GA,1425,"05/11/2026, 05:00:34 AM UTC
05/12/2026, 05:00:34 AM UTC",***Redacted***,Wanted Person (Arrest Warrant/Fugitive) - ,2026-15446,***Redacted***,"05/12/2026, 04:36:44 AM UTC",lookup,,
c25426e8-9409-49f4-b2f9-4a0432e222d6,Alex Fletcher,Bibb County SO GA,1425,"05/12/2026, 04:24:23 AM UTC
05/12/2026, 04:39:23 AM UTC",***Redacted***,Wanted Person (Arrest Warrant/Fugitive) - ,2026-15446,***Redacted***,"05/12/2026, 04:39:26 AM UTC",lookup,,
10b3b720-3df7-4cfe-b081-6352630c18ae,Alex Fletcher,Bibb County SO GA,1425,"05/12/2026, 04:24:23 AM UTC
05/12/2026, 04:39:23 AM UTC",***Redacted***,Wanted Person (Arrest Warrant/Fugitive) - ,2026-15446,***Redacted***,"05/12/2026, 04:40:25 AM UTC",lookup,,
a83acdac-c48b-4055-87a1-5e5bb9147a40,Alex Fletcher,Bibb County SO GA,1425,"05/12/2026, 04:24:23 AM UTC
05/12/2026, 04:39:23 AM UTC",***Redacted***,Wanted Person (Arrest Warrant/Fugitive) - ,2026-15446,***Redacted***,"05/12/2026, 04:41:32 AM UTC",lookup,,
fd205564-8697-495c-8647-bcbc272f8a32,Alex Fletcher,Bibb County SO GA,1425,"05/12/2026, 04:24:23 AM UTC
05/12/2026, 04:39:23 AM UTC",***Redacted***,Wanted Person (Arrest Warrant/Fugitive) - ,2026-15446,***Redacted***,"05/12/2026, 04:42:50 AM UTC",lookup,,
81a3ebea-75c9-4d5f-86e5-cbeb237e974b,Trey Wright,Bibb County SO GA,776,"04/27/2026, 02:30:00 PM UTC
05/12/2026, 04:30:00 PM UTC",***Redacted***,Drugs/Narcotics - ,2026-999999,***Redacted***,"05/12/2026, 04:05:44 PM UTC",lookup,,
e87a4be8-fb6c-42ee-b7ce-262c507f7228,Trey Wright,Bibb County SO GA,776,"03/24/2026, 02:30:00 PM UTC
05/12/2026, 04:30:00 PM UTC",***Redacted***,Drugs/Narcotics - ,2026-999999,***Redacted***,"05/12/2026, 04:06:13 PM UTC",lookup,,
d2216650-915a-4ec5-b5a5-edb8c10cb766,Emily Mattox,Bibb County SO GA,2,"05/05/2026, 03:18:02 AM UTC
05/12/2026, 03:18:02 AM UTC",***Redacted***,Larceny/Theft Offenses - ,Wanted,***Redacted***,"05/12/2026, 03:18:04 AM UTC",lookup - Mobile,,
38fc99e4-95d0-4d14-83c4-c67793afdfe3,Malcolm Bryant,Bibb County SO GA,3,"04/27/2026, 03:23:24 PM UTC
05/11/2026, 03:23:24 PM UTC",***Redacted***,Trespass - ,2026-999999,***Redacted***,"05/11/2026, 03:23:27 PM UTC",lookup - Mobile,,
b37d38be-ae8c-49a0-837f-b77fbb8b8728,Adam Grant,Bibb County SO GA,1358,"04/11/2026, 04:22:19 PM UTC
05/11/2026, 04:22:19 PM UTC",***Redacted***,Larceny/Theft Offenses - 2026-1296,2026-1296,***Redacted***,"05/11/2026, 04:22:23 PM UTC",lookup - Mobile,,
de41ca0d-156b-4b2c-a048-306a70e041ee,Malcolm Bryant,Bibb County SO GA,3,"04/27/2026, 04:27:10 PM UTC
05/11/2026, 04:27:10 PM UTC",***Redacted***,Trespass - ,2026-999999,***Redacted***,"05/11/2026, 04:27:11 PM UTC",lookup - Mobile,,
e41e63c2-109f-4c54-a97b-66bd4ca2820a,Malcolm Bryant,Bibb County SO GA,3,"05/10/2026, 05:55:48 PM UTC
05/11/2026, 05:55:48 PM UTC",***Redacted***,Trespass - ,26-999999,***Redacted***,"05/11/2026, 05:55:49 PM UTC",lookup - Mobile,,
b66ea174-ca4a-4224-9964-b052a5be1b10,Malcolm Bryant,Bibb County SO GA,776,"04/11/2026, 06:04:05 PM UTC
05/11/2026, 06:04:05 PM UTC",***Redacted***,Trespass - ,26-999999,***Redacted***,"05/11/2026, 06:04:09 PM UTC",lookup - Mobile,,
36bfff17-ecc8-4e44-95b1-5fd9e285acb0,Thomas Crites,Bibb County SO GA,3,"04/11/2026, 06:30:28 PM UTC
05/11/2026, 06:30:28 PM UTC",***Redacted***,Burglary/Breaking & Entering - ,Monroe 2026-15446,***Redacted***,"05/11/2026, 06:28:31 PM UTC",lookup,,
4648a953-610d-48be-9235-27f0449b656b,Thomas Crites,Bibb County SO GA,851,"05/09/2026, 07:00:47 PM UTC
05/11/2026, 07:00:47 PM UTC",***Redacted***,Robbery - ,26-39667,***Redacted***,"05/11/2026, 06:31:56 PM UTC",lookup,,
8aa8383b-aa5b-4529-aad4-bbcf29b3343e,Thomas Crites,Bibb County SO GA,851,"04/11/2026, 06:29:02 PM UTC
05/11/2026, 06:29:02 PM UTC",***Redacted***,Burglary/Breaking & Entering - ,Monroe 2026-15446,***Redacted***,"05/11/2026, 06:42:29 PM UTC",lookup,,
bec890ef-08e9-4518-a798-e13014269a98,John Kile,Bibb County SO GA,11,"05/10/2026, 04:15:00 AM UTC
05/10/2026, 04:40:00 AM UTC",***Redacted***,Obstructing the Police (Fleeing/Eluding) - 2026-00040301,,***Redacted***,"05/10/2026, 10:26:32 AM UTC",search,,
10b81d82-5230-424e-951d-e9268d9299f0,John Kile,Bibb County SO GA,11,"05/10/2026, 04:15:00 AM UTC
05/10/2026, 04:40:00 AM UTC",***Redacted***,Obstructing the Police (Fleeing/Eluding) - 2026-00040301,,***Redacted***,"05/10/2026, 10:27:02 AM UTC",search,,
e5edf1a8-5c40-48d1-99f5-513b78f38f8a,John Kile,Bibb County SO GA,11,"05/10/2026, 04:10:00 AM UTC
05/10/2026, 04:40:00 AM UTC",***Redacted***,Obstructing the Police (Fleeing/Eluding) - 2026-00040301,,***Redacted***,"05/10/2026, 10:33:01 AM UTC",search,,
03953e6f-885d-4b76-aee8-870e3eebe276,Seth Vonderhuevel,Bibb County SO GA,1358,"05/10/2026, 06:42:00 AM UTC
05/10/2026, 12:42:00 PM UTC",***Redacted***,Obstructing the Police (Fleeing/Eluding) - 26-23674,,***Redacted***,"05/10/2026, 12:42:02 PM UTC",lookup - Mobile,,
2711ac42-31a0-47d4-9578-06d3ea55828a,Courtney Wilder,Bibb County SO GA,11,"05/10/2026, 11:00:08 AM UTC
05/10/2026, 01:00:08 PM UTC",***Redacted***,Motor Vehicle Theft/Stolen - 2026-40358,,***Redacted***,"05/10/2026, 12:42:45 PM UTC",lookup,,
d62c45af-201d-4602-a432-a9307ec90246,Adam Grant,Bibb County SO GA,1358,"05/09/2026, 12:48:58 PM UTC
05/10/2026, 12:48:58 PM UTC",***Redacted***,Motor Vehicle Theft/Stolen - 2026-1296,,***Redacted***,"05/10/2026, 12:48:58 PM UTC",lookup - Mobile,,
1dc3c4e1-1025-4485-bc9b-cb6952155aac,Adam Grant,Bibb County SO GA,1358,"05/09/2026, 12:49:14 PM UTC
05/10/2026, 12:49:14 PM UTC",***Redacted***,Motor Vehicle Theft/Stolen - 2026-1296,,***Redacted***,"05/10/2026, 12:49:15 PM UTC",lookup - Mobile,,
4eb1e074-15b2-4ce9-ac0c-8807200fdab6,Seth Vonderhuevel,Bibb County SO GA,1358,"05/10/2026, 06:51:37 AM UTC
05/10/2026, 12:51:37 PM UTC",***Redacted***,Obstructing the Police (Fleeing/Eluding) - 26-23674,,***Redacted***,"05/10/2026, 12:51:39 PM UTC",lookup - Mobile,,
8d91aa12-d7f6-4a53-84c9-e0d0637bf150,Thomas Kent,Bibb County SO GA,11,"05/09/2026, 01:30:40 PM UTC
05/10/2026, 01:30:40 PM UTC",***Redacted***,Motor Vehicle Theft/Stolen - 2026-40358,,***Redacted***,"05/10/2026, 01:03:42 PM UTC",lookup,,
3ccf89f7-5093-4b42-8e99-1e4d1a7362c3,Thomas Kent,Bibb County SO GA,11,"05/09/2026, 01:30:40 PM UTC
05/10/2026, 01:30:40 PM UTC",***Redacted***,Motor Vehicle Theft/Stolen - 2026-40358,,***Redacted***,"05/10/2026, 01:05:46 PM UTC",lookup,,
6f63d9d2-63a1-4e38-95e5-8f2bcdb4e205,Thomas Kent,Bibb County SO GA,11,"05/09/2026, 01:30:40 PM UTC
05/10/2026, 01:30:40 PM UTC",***Redacted***,Motor Vehicle Theft/Stolen - 2026-40358,,***Redacted***,"05/10/2026, 01:06:27 PM UTC",lookup,,
aba8481c-3d82-4c8b-90f8-bc7de816115c,Thomas Kent,Bibb County SO GA,11,"05/09/2026, 01:30:40 PM UTC
05/10/2026, 01:30:40 PM UTC",***Redacted***,Motor Vehicle Theft/Stolen - 2026-40358,,***Redacted***,"05/10/2026, 01:07:40 PM UTC",lookup,,
e0967181-1f2e-4786-bc23-ea442416bf38,Adam Grant,Bibb County SO GA,1358,"05/09/2026, 01:08:21 PM UTC
05/10/2026, 01:08:21 PM UTC",***Redacted***,Motor Vehicle Theft/Stolen - 2026-1296,,***Redacted***,"05/10/2026, 01:08:23 PM UTC",lookup - Mobile,,
8e9fcd5c-a792-44eb-85b4-ecef0b33a64d,Courtney Wilder,Bibb County SO GA,11,"05/10/2026, 11:00:08 AM UTC
05/10/2026, 01:00:08 PM UTC",***Redacted***,Motor Vehicle Theft/Stolen - 2026-40358,,***Redacted***,"05/10/2026, 01:11:34 PM UTC",lookup,,
9c218513-2b38-4bcb-ad37-d491b3cc16db,Courtney Wilder,Bibb County SO GA,11,"05/10/2026, 11:00:08 AM UTC
05/10/2026, 01:00:08 PM UTC",***Redacted***,Motor Vehicle Theft/Stolen - 2026-40358,,***Redacted***,"05/10/2026, 01:12:32 PM UTC",lookup,,
0ef8009c-de7b-49c3-b5e8-97d286528395,Thomas Kent,Bibb County SO GA,11,"05/09/2026, 01:30:40 PM UTC
05/10/2026, 01:30:40 PM UTC",***Redacted***,Motor Vehicle Theft/Stolen - 2026-40358,,***Redacted***,"05/10/2026, 01:13:04 PM UTC",lookup,,
4f5da1bf-b595-4f60-b231-078dfc7c1d6f,Courtney Wilder,Bibb County SO GA,766,"04/10/2026, 01:13:41 PM UTC
05/10/2026, 01:13:41 PM UTC",***Redacted***,Motor Vehicle Theft/Stolen - 2026-40358,,***Redacted***,"05/10/2026, 01:13:43 PM UTC",lookup,,
f43c95ef-ef02-4248-9f3f-dffe909a9b44,Courtney Wilder,Bibb County SO GA,766,"05/09/2026, 01:30:33 PM UTC
05/10/2026, 01:30:33 PM UTC",***Redacted***,Motor Vehicle Theft/Stolen - 2026-40358,,***Redacted***,"05/10/2026, 01:17:36 PM UTC",lookup,,
aaeda930-40c8-4887-9184-7f7c0a590b6c,Courtney Wilder,Bibb County SO GA,2,"05/09/2026, 01:30:33 PM UTC
05/10/2026, 01:30:33 PM UTC",***Redacted***,Motor Vehicle Theft/Stolen - 2026-40358,,***Redacted***,"05/10/2026, 01:18:56 PM UTC",lookup,,
edfc7339-b70d-47d9-aaf8-7e0c4de95ac9,Courtney Wilder,Bibb County SO GA,2,"05/09/2026, 01:30:33 PM UTC
05/10/2026, 01:30:33 PM UTC",***Redacted***,Motor Vehicle Theft/Stolen - 2026-40358,,***Redacted***,"05/10/2026, 01:19:27 PM UTC",lookup,,
4566d6a9-261b-4625-b2f3-c02a9934d508,Courtney Wilder,Bibb County SO GA,2,"05/09/2026, 01:30:33 PM UTC
05/10/2026, 01:30:33 PM UTC",***Redacted***,Motor Vehicle Theft/Stolen - 2026-40358,,***Redacted***,"05/10/2026, 01:19:53 PM UTC",lookup,,
1ce308d4-c563-4933-85be-2bcbe4e4b1a7,Adam Grant,Bibb County SO GA,1358,"05/09/2026, 01:20:23 PM UTC
05/10/2026, 01:20:23 PM UTC",***Redacted***,Motor Vehicle Theft/Stolen - 2026-1296,,***Redacted***,"05/10/2026, 01:20:24 PM UTC",lookup - Mobile,,
9b78c993-b94a-459a-b32d-4f6dc457d82e,Thomas Kent,Bibb County SO GA,11,"05/09/2026, 01:30:40 PM UTC
05/10/2026, 01:30:40 PM UTC",***Redacted***,Motor Vehicle Theft/Stolen - 2026-40358,,***Redacted***,"05/10/2026, 01:21:51 PM UTC",lookup,,
bca5960f-f361-4d41-9f45-fc999d67d267,Courtney Wilder,Bibb County SO GA,2,"05/09/2026, 01:30:33 PM UTC
05/10/2026, 01:30:33 PM UTC",***Redacted***,Motor Vehicle Theft/Stolen - 2026-40358,,***Redacted***,"05/10/2026, 01:21:55 PM UTC",lookup,,
c8b58ffa-8170-45d2-9523-af7ab9bfe056,Courtney Wilder,Bibb County SO GA,2,"05/09/2026, 01:30:33 PM UTC
05/10/2026, 01:30:33 PM UTC",***Redacted***,Motor Vehicle Theft/Stolen - 2026-40358,,***Redacted***,"05/10/2026, 01:25:09 PM UTC",lookup,,
a369a83c-b0c4-4e93-93ae-157a31122b27,Courtney Wilder,Bibb County SO GA,2,"05/09/2026, 01:30:33 PM UTC
05/10/2026, 01:30:33 PM UTC",***Redacted***,Motor Vehicle Theft/Stolen - 2026-40358,,***Redacted***,"05/10/2026, 01:27:21 PM UTC",lookup,,
6361a383-66dc-4969-a6b7-21d85c19f7f4,Courtney Wilder,Bibb County SO GA,2,"05/09/2026, 01:30:33 PM UTC
05/10/2026, 01:30:33 PM UTC",***Redacted***,Motor Vehicle Theft/Stolen - 2026-40358,,***Redacted***,"05/10/2026, 01:31:37 PM UTC",lookup,,
3bd71929-39ee-459f-a8de-e7ea97b874da,Courtney Wilder,Bibb County SO GA,2,"05/09/2026, 01:30:33 PM UTC
05/10/2026, 01:30:33 PM UTC",***Redacted***,Motor Vehicle Theft/Stolen - 2026-40358,,***Redacted***,"05/10/2026, 01:32:02 PM UTC",lookup,,
25e4a18f-0ea1-456e-82ac-e8ea7744541b,Courtney Wilder,Bibb County SO GA,2,"05/09/2026, 01:30:33 PM UTC
05/10/2026, 01:30:33 PM UTC",***Redacted***,Motor Vehicle Theft/Stolen - 2026-40358,,***Redacted***,"05/10/2026, 01:35:42 PM UTC",lookup,,
75afbe92-462a-4546-ad99-c30903289cf7,Adam Grant,Bibb County SO GA,1358,"05/09/2026, 01:37:03 PM UTC
05/10/2026, 01:37:03 PM UTC",***Redacted***,Motor Vehicle Theft/Stolen - 2026-1296,,***Redacted***,"05/10/2026, 01:37:04 PM UTC",lookup - Mobile,,
43aa0602-5acc-49e5-afb9-110d41904c17,Courtney Wilder,Bibb County SO GA,2,"05/09/2026, 01:30:33 PM UTC
05/10/2026, 01:30:33 PM UTC",***Redacted***,Motor Vehicle Theft/Stolen - 2026-40358,,***Redacted***,"05/10/2026, 01:40:04 PM UTC",lookup,,
8e02d73a-a59b-4f1d-89b6-02474d6bea9d,Courtney Wilder,Bibb County SO GA,2,"05/09/2026, 01:30:33 PM UTC
05/10/2026, 01:30:33 PM UTC",***Redacted***,Motor Vehicle Theft/Stolen - 2026-40358,,***Redacted***,"05/10/2026, 01:51:04 PM UTC",lookup,,
e505fb58-fa9c-4dee-8399-8cb3ad712f39,Courtney Wilder,Bibb County SO GA,2,"05/09/2026, 01:30:33 PM UTC
05/10/2026, 01:30:33 PM UTC",***Redacted***,Motor Vehicle Theft/Stolen - 2026-40358,,***Redacted***,"05/10/2026, 01:51:10 PM UTC",lookup,,
3a76ff5b-c332-40c9-a9c2-c45e94820a30,Courtney Wilder,Bibb County SO GA,2,"05/09/2026, 01:30:33 PM UTC
05/10/2026, 01:30:33 PM UTC",***Redacted***,Motor Vehicle Theft/Stolen - 2026-40358,,***Redacted***,"05/10/2026, 01:52:21 PM UTC",lookup,,
4a3841f3-ec91-4e1c-8d40-0c3294d5be10,Courtney Wilder,Bibb County SO GA,2,"05/09/2026, 01:30:33 PM UTC
05/10/2026, 01:30:33 PM UTC",***Redacted***,Motor Vehicle Theft/Stolen - 2026-40358,,***Redacted***,"05/10/2026, 02:01:21 PM UTC",lookup,,
9f1a368d-3f48-4908-812d-7d14743f7048,Alex Fletcher,Bibb County SO GA,3,"05/12/2026, 04:07:32 PM UTC
05/12/2026, 04:22:32 PM UTC",***Redacted***,Drugs/Narcotics - ,2025-78977,***Redacted***,"05/12/2026, 04:40:41 PM UTC",lookup,,
77ee7561-4d72-43a1-9a57-9546a8cfdb47,Alex Fletcher,Bibb County SO GA,3,"05/12/2026, 04:07:32 PM UTC
05/12/2026, 04:22:32 PM UTC",***Redacted***,Drugs/Narcotics - ,2025-78977,***Redacted***,"05/12/2026, 04:40:49 PM UTC",lookup,,
3f36c855-9cd8-4d7d-a649-7e3bac06a7f3,Alex Fletcher,Bibb County SO GA,3,"05/12/2026, 04:07:32 PM UTC
05/12/2026, 04:22:32 PM UTC",***Redacted***,Drugs/Narcotics - ,2025-78977,***Redacted***,"05/12/2026, 04:40:57 PM UTC",search,,
270993c6-2b30-4624-9e1c-25c633826b3a,Alex Fletcher,Bibb County SO GA,3,"05/12/2026, 04:07:32 PM UTC
05/12/2026, 04:22:32 PM UTC",***Redacted***,Drugs/Narcotics - ,2025-78977,***Redacted***,"05/12/2026, 04:41:21 PM UTC",search,,
820e9c8d-d5af-4e94-9e9c-ec5e790c9c95,Alex Fletcher,Bibb County SO GA,3,"05/12/2026, 03:00:35 PM UTC
05/12/2026, 05:00:35 PM UTC",***Redacted***,Drugs/Narcotics - ,2025-78977,***Redacted***,"05/12/2026, 04:41:36 PM UTC",search,,
8c200bdc-76f1-4787-a5db-e70937edc5be,Alex Fletcher,Bibb County SO GA,3,"05/12/2026, 03:00:35 PM UTC
05/12/2026, 05:00:35 PM UTC",***Redacted***,Drugs/Narcotics - ,2025-78977,***Redacted***,"05/12/2026, 04:41:43 PM UTC",lookup,,
18087ebb-62ae-4a98-85cc-2a1fad284ab1,Alex Fletcher,Bibb County SO GA,3,"05/12/2026, 03:00:35 PM UTC
05/12/2026, 05:00:35 PM UTC",***Redacted***,Drugs/Narcotics - ,2025-78977,***Redacted***,"05/12/2026, 04:41:50 PM UTC",lookup,,
06aa4eeb-4975-4817-93bd-c00733155c6e,Kirsten Davella,Bibb County SO GA,2,"05/12/2026, 02:00:00 AM UTC
05/12/2026, 02:30:00 AM UTC",***Redacted***,Assault/Battery Offenses - ,2026-32895,***Redacted***,"05/13/2026, 01:36:11 AM UTC",search,,
f8308ccd-6bd4-49fe-9287-2127ebb7df28,Min Ha,Bibb County SO GA,11,"04/11/2026, 02:00:27 PM UTC
05/11/2026, 02:00:27 PM UTC",***Redacted***,Juvenile Delinquency - ,2026-40676,***Redacted***,"05/11/2026, 01:53:01 PM UTC",lookup,,
9dc02c83-bfbc-4cf1-a786-8626d6988ae6,Thomas Crites,Bibb County SO GA,1,"05/08/2026, 04:00:00 AM UTC
05/08/2026, 06:00:00 AM UTC",***Redacted***,Robbery - ,26-39667,***Redacted***,"05/11/2026, 02:49:38 PM UTC",search,,
df23f702-7cbc-4f13-b04a-181b46d6629b,Thomas Crites,Bibb County SO GA,1,"05/08/2026, 04:00:00 AM UTC
05/08/2026, 06:00:00 AM UTC",***Redacted***,Robbery - ,26-39667,***Redacted***,"05/11/2026, 02:49:42 PM UTC",search,,
1fc2515a-581f-4367-94bd-012d74011324,Thomas Crites,Bibb County SO GA,1,"05/08/2026, 04:00:00 AM UTC
05/08/2026, 06:00:00 AM UTC",***Redacted***,Robbery - ,26-39667,***Redacted***,"05/11/2026, 02:49:50 PM UTC",search,,
7744fa51-49b9-45f7-8549-3abce5668604,Thomas Crites,Bibb County SO GA,851,"04/11/2026, 02:52:05 PM UTC
05/11/2026, 02:52:05 PM UTC",***Redacted***,Robbery - ,26-39667,***Redacted***,"05/11/2026, 02:52:13 PM UTC",lookup,,
49f48eeb-0579-44db-8341-7aa578df3242,Thomas Crites,Bibb County SO GA,3,"05/04/2026, 03:30:53 PM UTC
05/11/2026, 03:30:53 PM UTC",***Redacted***,Burglary/Breaking & Entering - ,26-40697,***Redacted***,"05/11/2026, 03:05:56 PM UTC",lookup,,
225d5539-bd43-424d-8b7d-a144f47b7de9,Thomas Crites,Bibb County SO GA,1420,"05/09/2026, 07:23:08 AM UTC
05/11/2026, 02:29:28 AM UTC",***Redacted***,Burglary/Breaking & Entering - ,26-40697,***Redacted***,"05/11/2026, 03:06:52 PM UTC",convoy,,
d26e1839-9d0a-4827-9ead-823c3c7be3c7,Seth Vonderhuevel,Bibb County SO GA,3,"05/11/2026, 05:30:16 PM UTC
05/11/2026, 11:30:16 PM UTC",***Redacted***,Wanted Person (Arrest Warrant/Fugitive) - ,26-40792,***Redacted***,"05/11/2026, 11:01:00 PM UTC",freeform,objectClass:vehicle tow truck,allow
1286fa99-ecd1-4630-a500-3dfb73b48b8c,Seth Vonderhuevel,Bibb County SO GA,3,"05/11/2026, 08:10:00 PM UTC
05/11/2026, 11:30:00 PM UTC",***Redacted***,Wanted Person (Arrest Warrant/Fugitive) - ,26-40792,***Redacted***,"05/11/2026, 11:02:24 PM UTC",freeform,objectClass:vehicle tow truck,allow
185b0b17-d6ea-422b-84f8-c4d24784bdf5,Seth Vonderhuevel,Bibb County SO GA,1,"05/11/2026, 08:10:00 PM UTC
05/11/2026, 11:30:00 PM UTC",***Redacted***,Wanted Person (Arrest Warrant/Fugitive) - ,26-40792,***Redacted***,"05/11/2026, 11:04:17 PM UTC",freeform,objectClass:vehicle tow truck,allow
c866f253-c410-4844-ae86-d4e9134f6f9a,Seth Vonderhuevel,Bibb County SO GA,1,"05/11/2026, 08:25:00 PM UTC
05/11/2026, 11:30:00 PM UTC",***Redacted***,Wanted Person (Arrest Warrant/Fugitive) - ,26-40792,***Redacted***,"05/11/2026, 11:07:13 PM UTC",search,,
20a8f78b-be03-4525-a4a5-9851a04948d6,Seth Vonderhuevel,Bibb County SO GA,1,"05/11/2026, 08:25:00 PM UTC
05/11/2026, 11:30:00 PM UTC",***Redacted***,Wanted Person (Arrest Warrant/Fugitive) - ,26-40792,***Redacted***,"05/11/2026, 11:07:24 PM UTC",search,,
979bcdf3-0959-44bb-95dc-b56d415b2130,Seth Vonderhuevel,Bibb County SO GA,1425,"05/11/2026, 08:00:00 PM UTC
05/11/2026, 11:17:59 PM UTC",***Redacted***,Obstructing the Police (Fleeing/Eluding) - ,26-40769,***Redacted***,"05/11/2026, 11:19:06 PM UTC",search - Mobile,,
6a3ddae3-8984-4dae-b090-eaa26f2eda7d,Seth Vonderhuevel,Bibb County SO GA,1425,"05/11/2026, 08:00:00 PM UTC
05/11/2026, 11:17:59 PM UTC",***Redacted***,Obstructing the Police (Fleeing/Eluding) - ,26-40769,***Redacted***,"05/11/2026, 11:19:13 PM UTC",search - Mobile,,
46ba4e17-af2c-44ce-8411-f4b8814c3059,Seth Vonderhuevel,Bibb County SO GA,1,"05/11/2026, 08:00:00 PM UTC
05/11/2026, 09:14:59 PM UTC",***Redacted***,Obstructing the Police (Fleeing/Eluding) - ,26-40769,***Redacted***,"05/12/2026, 12:15:39 AM UTC",search - Mobile,,
6b2e657a-b07a-40ad-81ca-d44416de3f1f,Seth Vonderhuevel,Bibb County SO GA,1,"05/11/2026, 08:00:00 PM UTC
05/11/2026, 09:14:59 PM UTC",***Redacted***,Obstructing the Police (Fleeing/Eluding) - ,26-40769,***Redacted***,"05/12/2026, 12:16:51 AM UTC",freeform - Mobile,objectClass:vehicle Tow truck,allow
6953070a-ee53-4adf-b12d-2c2fbc616040,Cory Marberry,Bibb County SO GA,11,"05/12/2026, 04:00:00 AM UTC
05/12/2026, 10:00:00 PM UTC",***Redacted***,Financial Crime (Embezzlement/Fraud) - ,2026-41143,***Redacted***,"05/12/2026, 09:45:31 PM UTC",lookup,,
0eea385d-8c6a-4f71-b3f1-0074012dd5b3,Cory Marberry,Bibb County SO GA,11,"05/05/2026, 10:00:42 PM UTC
05/12/2026, 10:00:42 PM UTC",***Redacted***,Financial Crime (Embezzlement/Fraud) - ,2026-41143,***Redacted***,"05/12/2026, 09:45:48 PM UTC",lookup,,
e7347563-1627-4e90-b048-baa2517d4d75,Seth Vonderhuevel,Bibb County SO GA,1425,"05/11/2026, 08:00:00 PM UTC
05/11/2026, 11:00:00 PM UTC",***Redacted***,Wanted Person (Arrest Warrant/Fugitive) - ,26-40792,***Redacted***,"05/11/2026, 10:57:30 PM UTC",search,,
40410adb-51ba-4cac-b67e-48a2daa8b49b,Thomas Crites,Bibb County SO GA,1420,"05/05/2026, 12:18:18 PM UTC
05/12/2026, 12:18:18 PM UTC",***Redacted***,Terrorism/Terroristic Threats - ,Dignitary Threat (capt lebeuf),***Redacted***,"05/12/2026, 12:18:19 PM UTC",lookup - Mobile,,
21b9f64c-2815-4269-b957-848945a6d1cc,Thomas Crites,Bibb County SO GA,1420,"05/05/2026, 12:21:23 PM UTC
05/12/2026, 12:21:23 PM UTC",***Redacted***,Terrorism/Terroristic Threats - ,Dignitary Threat (capt lebeuf),***Redacted***,"05/12/2026, 12:21:24 PM UTC",lookup - Mobile,,
5a0dffdd-cc51-41bb-8566-4fbdbb46bf39,Thomas Crites,Bibb County SO GA,1420,"05/05/2026, 12:22:10 PM UTC
05/12/2026, 12:22:10 PM UTC",***Redacted***,Terrorism/Terroristic Threats - ,Dignitary Threat (capt lebeuf),***Redacted***,"05/12/2026, 12:22:10 PM UTC",lookup - Mobile,,
5bbad13d-9244-4fe3-9153-4e6be1d8a744,Thomas Crites,Bibb County SO GA,1420,"05/05/2026, 12:23:36 PM UTC
05/12/2026, 12:23:36 PM UTC",***Redacted***,Terrorism/Terroristic Threats - ,Dignitary Threat (capt lebeuf),***Redacted***,"05/12/2026, 12:23:38 PM UTC",lookup - Mobile,,
a1fc68fc-84ed-4375-946f-4b421e56f5fb,Thomas Crites,Bibb County SO GA,1420,"05/05/2026, 12:25:08 PM UTC
05/12/2026, 12:25:08 PM UTC",***Redacted***,Terrorism/Terroristic Threats - ,Dignitary Threat (capt lebeuf),***Redacted***,"05/12/2026, 12:25:10 PM UTC",lookup - Mobile,,
655ba2f4-e023-4cd5-9f52-8c681d826e95,Thomas Crites,Bibb County SO GA,1420,"05/05/2026, 12:26:58 PM UTC
05/12/2026, 12:26:58 PM UTC",***Redacted***,Terrorism/Terroristic Threats - ,Dignitary Threat (capt lebeuf),***Redacted***,"05/12/2026, 12:26:59 PM UTC",lookup - Mobile,,
66647f89-81b0-4a0b-b521-a20d658397b7,Thomas Crites,Bibb County SO GA,1505,"05/12/2026, 06:27:32 AM UTC
05/12/2026, 12:27:32 PM UTC",***Redacted***,Terrorism/Terroristic Threats - ,Dignitary Threat (capt lebeuf),***Redacted***,"05/12/2026, 12:27:33 PM UTC",lookup - Mobile,,
fa8ba7ad-3323-4881-a985-2a2299b40abf,Enrique Hogan,Bibb County SO GA,3,"04/28/2026, 01:00:55 PM UTC
05/12/2026, 01:00:55 PM UTC",***Redacted***,Wanted Person (Arrest Warrant/Fugitive) - FID  11957926,FID 11957926,***Redacted***,"05/12/2026, 01:00:58 PM UTC",lookup - Mobile,,
55c2beb0-f84b-413c-b50a-9d13b554bc94,Thomas Crites,Bibb County SO GA,1420,"05/12/2026, 07:03:25 AM UTC
05/12/2026, 01:03:25 PM UTC",***Redacted***,Terrorism/Terroristic Threats - ,Dignitary Threat (capt lebeuf),***Redacted***,"05/12/2026, 01:03:27 PM UTC",lookup - Mobile,,
464cc4fc-a7a6-4729-b33a-791315f95b4f,Thomas Crites,Bibb County SO GA,1420,"05/12/2026, 07:03:38 AM UTC
05/12/2026, 01:03:38 PM UTC",***Redacted***,Terrorism/Terroristic Threats - ,Dignitary Threat (capt lebeuf),***Redacted***,"05/12/2026, 01:03:39 PM UTC",lookup - Mobile,,
06406e76-9a58-42bd-805c-79042e7aa5f8,Thomas Crites,Bibb County SO GA,1420,"05/12/2026, 01:04:31 AM UTC
05/12/2026, 01:04:31 PM UTC",***Redacted***,Terrorism/Terroristic Threats - ,Dignitary threat (Capt Lebeuf),***Redacted***,"05/12/2026, 01:04:32 PM UTC",lookup - Mobile,,
41e9e112-ffd8-4a4e-a745-856a87d1f4de,Seth Vonderhuevel,Bibb County SO GA,1425,"05/09/2026, 10:22:00 PM UTC
05/10/2026, 04:22:00 AM UTC",***Redacted***,Obstructing the Police (Fleeing/Eluding) - 26-23674,,***Redacted***,"05/10/2026, 04:22:04 AM UTC",search - Mobile,,
4e2ac57a-3d44-4039-b5d6-cc61b1418305,Seth Vonderhuevel,Bibb County SO GA,1358,"05/09/2026, 10:24:22 PM UTC
05/10/2026, 04:24:22 AM UTC",***Redacted***,Obstructing the Police (Fleeing/Eluding) - 26-23674,,***Redacted***,"05/10/2026, 04:24:23 AM UTC",lookup - Mobile,,
57491d8e-b912-4ea2-97a7-a8a6feee9723,Seth Vonderhuevel,Bibb County SO GA,1358,"05/09/2026, 10:25:00 PM UTC
05/10/2026, 04:25:00 AM UTC",***Redacted***,Obstructing the Police (Fleeing/Eluding) - 26-23674,,***Redacted***,"05/10/2026, 04:25:01 AM UTC",lookup - Mobile,,
0975d138-c6c6-4184-bf00-4aef88ab8e11,Seth Vonderhuevel,Bibb County SO GA,1358,"05/09/2026, 10:26:51 PM UTC
05/10/2026, 04:26:51 AM UTC",***Redacted***,Obstructing the Police (Fleeing/Eluding) - 26-23674,,***Redacted***,"05/10/2026, 04:26:52 AM UTC",lookup - Mobile,,
6b9a36fe-1b77-4c37-b543-73c733c6e970,Seth Vonderhuevel,Bibb County SO GA,1425,"05/09/2026, 10:27:23 PM UTC
05/10/2026, 04:27:23 AM UTC",***Redacted***,Obstructing the Police (Fleeing/Eluding) - 26-23674,,***Redacted***,"05/10/2026, 04:27:26 AM UTC",search - Mobile,,
0a56daf1-b469-4b3e-8227-7fd0217cc114,Reginald Tillman,Bibb County SO GA,22,"05/10/2026, 02:30:08 AM UTC
05/10/2026, 04:30:08 AM UTC",***Redacted***,Obstructing the Police (Fleeing/Eluding) - 2026-40301,,***Redacted***,"05/10/2026, 04:31:16 AM UTC",search,,
d37e1d11-ea4e-4e12-82ef-84b4542aeffa,Reginald Tillman,Bibb County SO GA,21,"05/10/2026, 02:30:08 AM UTC
05/10/2026, 04:30:08 AM UTC",***Redacted***,Obstructing the Police (Fleeing/Eluding) - 2026-40301,,***Redacted***,"05/10/2026, 04:33:11 AM UTC",search,,
bc1db8ae-ce4c-48ee-9a2a-c12527fb2d40,Seth Vonderhuevel,Bibb County SO GA,1425,"05/09/2026, 10:34:41 PM UTC
05/10/2026, 04:34:41 AM UTC",***Redacted***,Obstructing the Police (Fleeing/Eluding) - 26-23674,,***Redacted***,"05/10/2026, 04:34:43 AM UTC",search - Mobile,,
e85de3e2-5a37-4ddc-8ef9-17404a4f4300,Seth Vonderhuevel,Bibb County SO GA,1425,"05/10/2026, 03:00:12 AM UTC
05/10/2026, 05:00:12 AM UTC",***Redacted***,Obstructing the Police (Fleeing/Eluding) - 26-23674,,***Redacted***,"05/10/2026, 04:35:03 AM UTC",lookup,,
d7612868-94a7-432c-b171-59434ee880cb,Seth Vonderhuevel,Bibb County SO GA,1,"05/10/2026, 04:25:12 AM UTC
05/10/2026, 04:25:18 AM UTC",***Redacted***,Obstructing the Police (Fleeing/Eluding) - 26-23674,,***Redacted***,"05/10/2026, 04:35:14 AM UTC",search,,
7829d6f9-f205-4cf2-b1b4-6aeb12538ee6,Seth Vonderhuevel,Bibb County SO GA,1,"05/10/2026, 04:20:08 AM UTC
05/10/2026, 04:20:14 AM UTC",***Redacted***,Obstructing the Police (Fleeing/Eluding) - 26-23674,,***Redacted***,"05/10/2026, 04:35:34 AM UTC",search,,
215c13c5-c6c8-4969-9fc1-fa3a670c5577,Seth Vonderhuevel,Bibb County SO GA,1,"05/10/2026, 04:09:34 AM UTC
05/10/2026, 04:09:40 AM UTC",***Redacted***,Obstructing the Police (Fleeing/Eluding) - 26-23674,,***Redacted***,"05/10/2026, 04:36:28 AM UTC",search,,
7f48303a-6505-4007-a318-80958324fc88,Reginald Tillman,Bibb County SO GA,22,"05/10/2026, 02:30:08 AM UTC
05/10/2026, 04:30:08 AM UTC",***Redacted***,Obstructing the Police (Fleeing/Eluding) - 2026-40301,,***Redacted***,"05/10/2026, 04:36:31 AM UTC",search,,
6d656bcb-cb6a-4225-8933-2358c51ff37d,Reginald Tillman,Bibb County SO GA,22,"05/10/2026, 03:00:18 AM UTC
05/10/2026, 05:00:18 AM UTC",***Redacted***,Obstructing the Police (Fleeing/Eluding) - 2026-40301,,***Redacted***,"05/10/2026, 04:37:37 AM UTC",search,,
fad8176d-c324-41d7-8a84-4c5b8be77528,Seth Vonderhuevel,Bibb County SO GA,1,"05/10/2026, 03:00:12 AM UTC
05/10/2026, 05:00:12 AM UTC",***Redacted***,Obstructing the Police (Fleeing/Eluding) - 26-23674,,***Redacted***,"05/10/2026, 04:38:19 AM UTC",lookup,,
b1b41500-36d6-4335-9563-d52d88ce58eb,Seth Vonderhuevel,Bibb County SO GA,1,"05/10/2026, 03:00:12 AM UTC
05/10/2026, 05:00:12 AM UTC",***Redacted***,Obstructing the Police (Fleeing/Eluding) - 26-23674,,***Redacted***,"05/10/2026, 04:38:48 AM UTC",search,,
b8346c86-8be2-4b4b-b452-db3278c8ebbd,Reginald Tillman,Bibb County SO GA,22,"05/10/2026, 03:00:18 AM UTC
05/10/2026, 05:00:18 AM UTC",***Redacted***,Obstructing the Police (Fleeing/Eluding) - 2026-40301,,***Redacted***,"05/10/2026, 04:39:11 AM UTC",search,,
5c22d96d-63da-423a-ba9f-fd83d3f9bf95,Reginald Tillman,Bibb County SO GA,22,"05/10/2026, 03:00:18 AM UTC
05/10/2026, 05:00:18 AM UTC",***Redacted***,Obstructing the Police (Fleeing/Eluding) - 2026-40301,,***Redacted***,"05/10/2026, 04:39:50 AM UTC",search,,
660a7029-65b5-40a1-abd9-1628dcc374bb,Seth Vonderhuevel,Bibb County SO GA,3,"05/10/2026, 03:00:12 AM UTC
05/10/2026, 05:00:12 AM UTC",***Redacted***,Obstructing the Police (Fleeing/Eluding) - 26-23674,,***Redacted***,"05/10/2026, 04:39:58 AM UTC",search,,
13ef3636-d0cd-45c4-a4b2-630eff6c571a,Seth Vonderhuevel,Bibb County SO GA,1,"05/10/2026, 04:15:00 AM UTC
05/10/2026, 04:25:00 AM UTC",***Redacted***,Obstructing the Police (Fleeing/Eluding) - 26-23674,,***Redacted***,"05/10/2026, 04:41:29 AM UTC",search,,
6a7b867f-e13d-4a4f-8ca2-d63060edcef0,Seth Vonderhuevel,Bibb County SO GA,1,"05/10/2026, 04:20:00 AM UTC
05/10/2026, 04:20:06 AM UTC",***Redacted***,Obstructing the Police (Fleeing/Eluding) - 26-23674,,***Redacted***,"05/10/2026, 04:45:34 AM UTC",search,,
d3b42190-c291-4b2d-890c-d8e81dd6560f,Seth Vonderhuevel,Bibb County SO GA,1,"05/10/2026, 04:20:08 AM UTC
05/10/2026, 04:20:14 AM UTC",***Redacted***,Obstructing the Police (Fleeing/Eluding) - 26-23674,,***Redacted***,"05/10/2026, 04:45:52 AM UTC",search,,
3f5409f7-5574-4fa9-ac4a-3b5b59fe09b2,Reginald Tillman,Bibb County SO GA,22,"05/10/2026, 03:00:18 AM UTC
05/10/2026, 05:00:18 AM UTC",***Redacted***,Obstructing the Police (Fleeing/Eluding) - 2026-40301,,***Redacted***,"05/10/2026, 04:45:56 AM UTC",search,,
da644303-c12f-40cd-8590-bae7d7d4664f,Seth Vonderhuevel,Bibb County SO GA,1,"05/10/2026, 04:20:08 AM UTC
05/10/2026, 04:20:14 AM UTC",***Redacted***,Obstructing the Police (Fleeing/Eluding) - 26-23674,,***Redacted***,"05/10/2026, 04:46:05 AM UTC",search,,
5ac89625-91d4-469e-9572-33826303562a,Seth Vonderhuevel,Bibb County SO GA,1,"05/10/2026, 04:20:08 AM UTC
05/10/2026, 04:20:14 AM UTC",***Redacted***,Obstructing the Police (Fleeing/Eluding) - 26-23674,,***Redacted***,"05/10/2026, 04:46:12 AM UTC",search,,
9767fa4b-1f42-4031-b17f-3b53f11caff2,Reginald Tillman,Bibb County SO GA,22,"05/10/2026, 03:00:11 AM UTC
05/10/2026, 05:00:11 AM UTC",***Redacted***,Obstructing the Police (Fleeing/Eluding) - 2026-40301,,***Redacted***,"05/10/2026, 04:46:14 AM UTC",search,,
8d84d79d-7aad-4757-9b72-5b13a247f1de,Reginald Tillman,Bibb County SO GA,22,"05/10/2026, 04:20:00 AM UTC
05/10/2026, 04:46:00 AM UTC",***Redacted***,Obstructing the Police (Fleeing/Eluding) - 2026-40301,,***Redacted***,"05/10/2026, 04:46:37 AM UTC",search,,
3e70e3e2-c190-470b-8df5-9c3bfe665b11,Seth Vonderhuevel,Bibb County SO GA,1,"05/10/2026, 04:15:00 AM UTC
05/10/2026, 05:00:00 AM UTC",***Redacted***,Obstructing the Police (Fleeing/Eluding) - 26-23674,,***Redacted***,"05/10/2026, 04:48:30 AM UTC",search,,
45b20ac9-b3db-4749-b028-1526deb5f149,Seth Vonderhuevel,Bibb County SO GA,1,"05/10/2026, 04:25:12 AM UTC
05/10/2026, 04:25:18 AM UTC",***Redacted***,Obstructing the Police (Fleeing/Eluding) - 26-23674,,***Redacted***,"05/10/2026, 04:49:09 AM UTC",search,,
d95d3be9-670d-41b2-8bda-3b96a6de5468,Seth Vonderhuevel,Bibb County SO GA,1,"05/10/2026, 04:24:50 AM UTC
05/10/2026, 04:24:56 AM UTC",***Redacted***,Obstructing the Police (Fleeing/Eluding) - 26-23674,,***Redacted***,"05/10/2026, 04:49:36 AM UTC",search,,
a5dac679-b14d-4512-8c8d-851e9f00217e,Seth Vonderhuevel,Bibb County SO GA,1425,"05/09/2026, 10:51:38 PM UTC
05/10/2026, 04:51:38 AM UTC",***Redacted***,Obstructing the Police (Fleeing/Eluding) - 26-23674,,***Redacted***,"05/10/2026, 04:51:40 AM UTC",lookup - Mobile,,
ffa05421-a77a-4d0f-8ecb-97af62226ce0,Seth Vonderhuevel,Bibb County SO GA,1425,"05/09/2026, 04:51:47 PM UTC
05/10/2026, 04:51:47 AM UTC",***Redacted***,Obstructing the Police (Fleeing/Eluding) - 26-23674,,***Redacted***,"05/10/2026, 04:51:48 AM UTC",lookup - Mobile,,
3129e554-a780-4b16-adec-a5c184fd6da3,Seth Vonderhuevel,Bibb County SO GA,1358,"05/09/2026, 04:53:53 PM UTC
05/10/2026, 04:53:53 AM UTC",***Redacted***,Obstructing the Police (Fleeing/Eluding) - 26-23674,,***Redacted***,"05/10/2026, 04:53:54 AM UTC",lookup - Mobile,,
8ed46627-4120-438c-b745-d9a9b6d74dfe,Reginald Tillman,Bibb County SO GA,22,"05/10/2026, 03:00:02 AM UTC
05/10/2026, 05:00:02 AM UTC",***Redacted***,Obstructing the Police (Fleeing/Eluding) - 2026-40301,,***Redacted***,"05/10/2026, 04:55:03 AM UTC",search,,
e960d244-7438-4996-bb73-da073051a4fd,Seth Vonderhuevel,Bibb County SO GA,1425,"05/09/2026, 05:00:23 AM UTC
05/10/2026, 05:00:23 AM UTC",***Redacted***,Obstructing the Police (Fleeing/Eluding) - 26-23674,,***Redacted***,"05/10/2026, 04:55:27 AM UTC",lookup,,
a42c1d76-518a-42f3-9977-2b93ec3c8911,Joshua Benfield,Bibb County SO GA,11,"05/09/2026, 05:30:37 AM UTC
05/10/2026, 05:30:37 AM UTC",***Redacted***,Obstructing the Police (Fleeing/Eluding) - 2026-74574,,***Redacted***,"05/10/2026, 05:00:39 AM UTC",lookup,,
57aef80f-b7bb-4d5a-bdbf-2699c19a99c3,Joshua Benfield,Bibb County SO GA,11,"05/09/2026, 05:30:37 AM UTC
05/10/2026, 05:30:37 AM UTC",***Redacted***,Obstructing the Police (Fleeing/Eluding) - 2026-74574,,***Redacted***,"05/10/2026, 05:01:25 AM UTC",lookup,,
8e224075-ca09-4335-acfd-f25b2ac5738f,Joshua Benfield,Bibb County SO GA,11,"05/09/2026, 05:30:37 AM UTC
05/10/2026, 05:30:37 AM UTC",***Redacted***,Obstructing the Police (Fleeing/Eluding) - 2026-74574,,***Redacted***,"05/10/2026, 05:03:00 AM UTC",lookup,,
ad34458a-c879-4d6a-b839-5f098633c94a,Joshua Benfield,Bibb County SO GA,11,"05/09/2026, 05:30:37 AM UTC
05/10/2026, 05:30:37 AM UTC",***Redacted***,Obstructing the Police (Fleeing/Eluding) - 2026-74574,,***Redacted***,"05/10/2026, 05:05:00 AM UTC",lookup,,
c634a9e6-5d55-4559-9b10-b52efc5ec1d4,Joshua Benfield,Bibb County SO GA,11,"05/09/2026, 05:30:37 AM UTC
05/10/2026, 05:30:37 AM UTC",***Redacted***,Obstructing the Police (Fleeing/Eluding) - 2026-74574,,***Redacted***,"05/10/2026, 05:14:51 AM UTC",lookup,,
3bda691d-ef74-4407-85e6-62f24a81c8be,Christian Erceg,Bibb County SO GA,11,"05/08/2026, 08:30:51 PM UTC
05/08/2026, 10:30:51 PM UTC",***Redacted***,Motor Vehicle Theft/Stolen - 2026-4206,,***Redacted***,"05/10/2026, 05:16:42 AM UTC",lookup,,
677d7b09-a7cf-4806-8f02-ad5cb8848e21,George Witherspoon,Bibb County SO GA,3,"04/19/2026, 07:00:00 PM UTC
04/19/2026, 10:00:00 PM UTC",***Redacted***,Hit and Run/Car Accident - suspect,,***Redacted***,"05/11/2026, 03:10:34 AM UTC",search,,
441471d1-1658-48fe-b1e9-1125bda1443e,George Witherspoon,Bibb County SO GA,3,"04/19/2026, 07:00:00 PM UTC
04/19/2026, 10:00:00 PM UTC",***Redacted***,Hit and Run/Car Accident - suspect,,***Redacted***,"05/11/2026, 03:12:04 AM UTC",search,,
cdb57fab-ae20-4599-b4c7-d798db0af357,George Witherspoon,Bibb County SO GA,3,"04/19/2026, 07:00:00 PM UTC
04/19/2026, 10:00:00 PM UTC",***Redacted***,Hit and Run/Car Accident - suspect,,***Redacted***,"05/11/2026, 03:13:11 AM UTC",search,,
f33d03f0-a9e3-45b8-a811-1c66933c2c40,George Witherspoon,Bibb County SO GA,3,"04/19/2026, 07:00:00 PM UTC
04/19/2026, 10:00:00 PM UTC",***Redacted***,Hit and Run/Car Accident - suspect,,***Redacted***,"05/11/2026, 03:13:23 AM UTC",search,,
7741dd2e-e436-4de5-aab8-50bc08ce7e7b,George Witherspoon,Bibb County SO GA,3,"04/19/2026, 07:00:00 PM UTC
04/19/2026, 10:00:00 PM UTC",***Redacted***,Hit and Run/Car Accident - suspect,,***Redacted***,"05/11/2026, 03:14:28 AM UTC",search,,
c5ee7d40-388a-441a-8cd0-ad93254fe5ac,George Witherspoon,Bibb County SO GA,3,"04/19/2026, 07:00:00 PM UTC
04/19/2026, 10:00:00 PM UTC",***Redacted***,Hit and Run/Car Accident - suspect,,***Redacted***,"05/11/2026, 03:14:34 AM UTC",search,,
c5dbf1ed-2d63-4815-a190-3fa71e55e271,George Witherspoon,Bibb County SO GA,3,"04/19/2026, 07:00:00 PM UTC
04/19/2026, 10:00:00 PM UTC",***Redacted***,Hit and Run/Car Accident - suspect,,***Redacted***,"05/11/2026, 03:14:37 AM UTC",search,,
53b1bf4a-9b78-4347-b085-aeb196c5ad92,Alexis Robinson,Bibb County SO GA,1425,"05/11/2026, 02:00:00 PM UTC
05/11/2026, 09:00:00 PM UTC",***Redacted***,Hit and Run/Car Accident - ,2026-40732,***Redacted***,"05/12/2026, 03:11:51 PM UTC",search,,
79fed906-83d1-47ca-a662-57e731cbfda0,Alexis Robinson,Bibb County SO GA,1425,"05/11/2026, 04:00:00 PM UTC
05/11/2026, 06:00:00 PM UTC",***Redacted***,Hit and Run/Car Accident - ,2026-40732,***Redacted***,"05/12/2026, 03:12:22 PM UTC",search,,
53efe377-d71f-4bbf-9bed-7f9007827884,Alexis Robinson,Bibb County SO GA,1425,"05/11/2026, 04:00:00 PM UTC
05/11/2026, 10:00:00 PM UTC",***Redacted***,Hit and Run/Car Accident - ,2026-40732,***Redacted***,"05/12/2026, 03:16:26 PM UTC",lookup,,
6e411116-bb59-49d6-9939-cb6afd301a82,Min Ha,Bibb County SO GA,11,"05/12/2026, 11:30:14 AM UTC
05/12/2026, 01:30:14 PM UTC",***Redacted***,Motor Vehicle Theft/Stolen - ,2026-40926,***Redacted***,"05/12/2026, 01:24:40 PM UTC",lookup,,
2151a723-0016-480f-a05f-5c4595068304,Min Ha,Bibb County SO GA,11,"05/11/2026, 01:30:44 PM UTC
05/12/2026, 01:30:44 PM UTC",***Redacted***,Motor Vehicle Theft/Stolen - ,2026-40926,***Redacted***,"05/12/2026, 01:24:46 PM UTC",lookup,,
e094ed42-9ffa-4783-809d-0c356704122d,Thomas Crites,Bibb County SO GA,1420,"05/12/2026, 01:26:44 AM UTC
05/12/2026, 01:26:44 PM UTC",***Redacted***,Terrorism/Terroristic Threats - ,Dignitary threat (Capt Lebeuf),***Redacted***,"05/12/2026, 01:26:45 PM UTC",lookup - Mobile,,
e0c95e6e-903a-42f8-8ee8-624bc8565435,Thomas Crites,Bibb County SO GA,1420,"05/12/2026, 01:26:47 AM UTC
05/12/2026, 01:26:47 PM UTC",***Redacted***,Terrorism/Terroristic Threats - ,Dignitary threat (Capt Lebeuf),***Redacted***,"05/12/2026, 01:26:48 PM UTC",lookup - Mobile,,
9fe73af7-c695-4f86-ae20-2d9f798a459b,Thomas Crites,Bibb County SO GA,1420,"05/12/2026, 07:26:55 AM UTC
05/12/2026, 01:26:55 PM UTC",***Redacted***,Terrorism/Terroristic Threats - ,Dignitary threat (Capt Lebeuf),***Redacted***,"05/12/2026, 01:26:56 PM UTC",lookup - Mobile,,
a6b146e3-9543-4caa-92de-f3e228d0f227,Thomas Crites,Bibb County SO GA,1420,"05/12/2026, 07:26:58 AM UTC
05/12/2026, 01:26:58 PM UTC",***Redacted***,Terrorism/Terroristic Threats - ,Dignitary threat (Capt Lebeuf),***Redacted***,"05/12/2026, 01:26:59 PM UTC",lookup - Mobile,,
ee95760e-715b-486f-9419-a879367099e3,Thomas Crites,Bibb County SO GA,1420,"05/12/2026, 07:27:28 AM UTC
05/12/2026, 01:27:28 PM UTC",***Redacted***,Terrorism/Terroristic Threats - ,Dignitary threat (Capt Lebeuf),***Redacted***,"05/12/2026, 01:27:29 PM UTC",lookup - Mobile,,
6ff09db2-8d09-46fc-8d97-8d007ab880fc,Thomas Crites,Bibb County SO GA,1420,"05/12/2026, 07:27:53 AM UTC
05/12/2026, 01:27:53 PM UTC",***Redacted***,Terrorism/Terroristic Threats - ,Dignitary threat (Capt Lebeuf),***Redacted***,"05/12/2026, 01:27:53 PM UTC",lookup - Mobile,,
84363bfc-a4cf-4c08-a411-09ba60227437,Thomas Crites,Bibb County SO GA,1420,"05/12/2026, 07:28:08 AM UTC
05/12/2026, 01:28:08 PM UTC",***Redacted***,Terrorism/Terroristic Threats - ,Dignitary threat (Capt Lebeuf),***Redacted***,"05/12/2026, 01:28:09 PM UTC",lookup - Mobile,,
46caee2d-2e67-473a-81bc-9c84a80ef000,Thomas Crites,Bibb County SO GA,1420,"05/12/2026, 07:28:11 AM UTC
05/12/2026, 01:28:11 PM UTC",***Redacted***,Terrorism/Terroristic Threats - ,Dignitary threat (Capt Lebeuf),***Redacted***,"05/12/2026, 01:28:12 PM UTC",lookup - Mobile,,
39288d12-22db-412a-918f-0ac30c5b6f72,Min Ha,Bibb County SO GA,11,"05/11/2026, 01:30:44 PM UTC
05/12/2026, 01:30:44 PM UTC",***Redacted***,Motor Vehicle Theft/Stolen - ,2026-40926,***Redacted***,"05/12/2026, 01:31:26 PM UTC",lookup,,
1e697b15-9102-40f6-b5a5-13c63cc6eee4,Craig Lewis,Bibb County SO GA,11,"05/12/2026, 12:00:10 PM UTC
05/12/2026, 02:00:10 PM UTC",***Redacted***,Motor Vehicle Theft/Stolen - ,40984,***Redacted***,"05/12/2026, 01:35:53 PM UTC",lookup,,
1f862b55-976e-40e3-a256-a1d6f443f83a,Craig Lewis,Bibb County SO GA,11,"05/12/2026, 12:00:10 PM UTC
05/12/2026, 02:00:10 PM UTC",***Redacted***,Motor Vehicle Theft/Stolen - ,40984,***Redacted***,"05/12/2026, 01:36:00 PM UTC",lookup,,
a0fa0fff-0d0b-452f-92f3-56c528040eca,Joshua Benfield,Bibb County SO GA,11,"05/12/2026, 12:00:50 PM UTC
05/12/2026, 02:00:50 PM UTC",***Redacted***,Motor Vehicle Theft/Stolen - ,2026-6756,***Redacted***,"05/12/2026, 01:37:17 PM UTC",lookup,,
8dc0c413-2b52-4a65-996a-1247e387f513,Alex Fletcher,Bibb County SO GA,3,"05/12/2026, 07:42:50 AM UTC
05/12/2026, 01:42:50 PM UTC",***Redacted***,Motor Vehicle Theft/Stolen - ,2026-97888,***Redacted***,"05/12/2026, 01:42:51 PM UTC",lookup - Mobile,,
328537d3-267e-496e-bb62-e9dc6048ccf2,Alex Fletcher,Bibb County SO GA,3,"05/12/2026, 01:42:58 AM UTC
05/12/2026, 01:42:58 PM UTC",***Redacted***,Motor Vehicle Theft/Stolen - ,2026-97888,***Redacted***,"05/12/2026, 01:42:58 PM UTC",lookup - Mobile,,
76c5addf-b2d5-46e5-9f2f-9c85600419f3,Alex Fletcher,Bibb County SO GA,3,"05/11/2026, 01:42:59 PM UTC
05/12/2026, 01:42:59 PM UTC",***Redacted***,Motor Vehicle Theft/Stolen - ,2026-97888,***Redacted***,"05/12/2026, 01:42:59 PM UTC",lookup - Mobile,,
e914186b-98cf-4b47-ac7d-df053fb9e56a,Alex Fletcher,Bibb County SO GA,3,"05/05/2026, 01:43:00 PM UTC
05/12/2026, 01:43:00 PM UTC",***Redacted***,Motor Vehicle Theft/Stolen - ,2026-97888,***Redacted***,"05/12/2026, 01:43:01 PM UTC",lookup - Mobile,,
94f696c1-7f62-490d-96d4-57bc09060097,Alex Fletcher,Bibb County SO GA,3,"04/28/2026, 01:43:02 PM UTC
05/12/2026, 01:43:02 PM UTC",***Redacted***,Motor Vehicle Theft/Stolen - ,2026-97888,***Redacted***,"05/12/2026, 01:43:03 PM UTC",lookup - Mobile,,
5b92c6c8-f3a0-4a49-9c3b-bf2a56aa9c4d,Alex Fletcher,Bibb County SO GA,3,"04/12/2026, 01:43:04 PM UTC
05/12/2026, 01:43:04 PM UTC",***Redacted***,Motor Vehicle Theft/Stolen - ,2026-97888,***Redacted***,"05/12/2026, 01:43:04 PM UTC",lookup - Mobile,,
a9e062ff-d948-42af-ad55-c0887025934f,Min Ha,Bibb County SO GA,11,"05/11/2026, 01:30:44 PM UTC
05/12/2026, 01:30:44 PM UTC",***Redacted***,Motor Vehicle Theft/Stolen - ,2026-40926,***Redacted***,"05/12/2026, 01:44:10 PM UTC",search,,
33e7ccf3-3171-437d-83ee-af89677a8b37,Alex Fletcher,Bibb County SO GA,3,"05/12/2026, 07:44:47 AM UTC
05/12/2026, 01:44:47 PM UTC",***Redacted***,Motor Vehicle Theft/Stolen - ,2026-97888,***Redacted***,"05/12/2026, 01:44:48 PM UTC",search - Mobile,,
e32f81da-c91c-4b30-9de1-7152e017b89a,Min Ha,Bibb County SO GA,11,"05/12/2026, 01:30:13 PM UTC
05/12/2026, 01:45:13 PM UTC",***Redacted***,Motor Vehicle Theft/Stolen - ,2026-40926,***Redacted***,"05/12/2026, 01:45:15 PM UTC",search,,
4d32715f-3047-487a-911b-2bd98ffc2915,Min Ha,Bibb County SO GA,11,"05/12/2026, 01:30:13 PM UTC
05/12/2026, 01:45:13 PM UTC",***Redacted***,Motor Vehicle Theft/Stolen - ,2026-40926,***Redacted***,"05/12/2026, 01:46:05 PM UTC",search,,
a7f85fb2-f1bd-4230-8fcf-ad742cb7e0e8,Min Ha,Bibb County SO GA,11,"05/12/2026, 01:30:13 PM UTC
05/12/2026, 01:45:13 PM UTC",***Redacted***,Motor Vehicle Theft/Stolen - ,2026-40926,***Redacted***,"05/12/2026, 01:46:12 PM UTC",search,,
8355ed0e-b3bf-4b8f-984e-9a46df48ea24,Min Ha,Bibb County SO GA,11,"05/12/2026, 01:00:00 PM UTC
05/12/2026, 02:00:00 PM UTC",***Redacted***,Motor Vehicle Theft/Stolen - ,2026-40926,***Redacted***,"05/12/2026, 01:46:40 PM UTC",search,,
e7afaeff-7db3-40e7-ab56-f560bbdf0bc5,Thomas Crites,Bibb County SO GA,3,"05/12/2026, 01:46:48 AM UTC
05/12/2026, 01:46:48 PM UTC",***Redacted***,Terrorism/Terroristic Threats - ,Dignitary threat (capt lebeuf),***Redacted***,"05/12/2026, 01:46:49 PM UTC",lookup - Mobile,,
dfdcc01f-e36e-4cee-be45-b499b174a48b,Thomas Crites,Bibb County SO GA,1420,"05/12/2026, 01:47:56 AM UTC
05/12/2026, 01:47:56 PM UTC",***Redacted***,Terrorism/Terroristic Threats - ,Dignitary threat (capt lebeuf),***Redacted***,"05/12/2026, 01:47:59 PM UTC",lookup - Mobile,,
5241ec77-c05d-4633-88b6-d5136f962815,Thomas Crites,Bibb County SO GA,1420,"05/12/2026, 01:48:03 AM UTC
05/12/2026, 01:48:03 PM UTC",***Redacted***,Terrorism/Terroristic Threats - ,Dignitary threat (capt lebeuf),***Redacted***,"05/12/2026, 01:48:04 PM UTC",lookup - Mobile,,
a127c61b-5db3-4763-b572-161e76474003,Thomas Crites,Bibb County SO GA,1420,"05/12/2026, 01:49:35 AM UTC
05/12/2026, 01:49:35 PM UTC",***Redacted***,Terrorism/Terroristic Threats - ,Dignitary threat (capt lebeuf),***Redacted***,"05/12/2026, 01:49:36 PM UTC",lookup - Mobile,,
d2c6fbdd-f547-46e2-893b-7ca4977dc241,Alexis Robinson,Bibb County SO GA,3,"05/11/2026, 02:00:00 PM UTC
05/11/2026, 09:00:00 PM UTC",***Redacted***,Hit and Run/Car Accident - ,2026-40732,***Redacted***,"05/12/2026, 01:54:12 PM UTC",lookup,,
49bf50cd-5a05-4c53-82f0-3fd3a40888ce,Min Ha,Bibb County SO GA,11,"05/12/2026, 01:00:00 PM UTC
05/12/2026, 02:00:00 PM UTC",***Redacted***,Motor Vehicle Theft/Stolen - ,2026-40926,***Redacted***,"05/12/2026, 01:56:13 PM UTC",search,,
a8c99d1a-1fac-4c10-aa93-7a0b07bf935a,Enrique Hogan,Bibb County SO GA,731,"05/10/2026, 10:56:04 AM UTC
05/11/2026, 10:56:04 AM UTC",***Redacted***,Wanted Person (Arrest Warrant/Fugitive) - FID  11957926,,***Redacted***,"05/11/2026, 10:56:05 AM UTC",lookup - Mobile,,
da9d36a4-a3f5-49ad-b846-daced6191453,Enrique Hogan,Bibb County SO GA,731,"05/04/2026, 10:56:13 AM UTC
05/11/2026, 10:56:13 AM UTC",***Redacted***,Wanted Person (Arrest Warrant/Fugitive) - FID  11957926,,***Redacted***,"05/11/2026, 10:56:17 AM UTC",lookup - Mobile,,
0d2166e3-1ae2-450a-a806-0cea8412cd28,Enrique Hogan,Bibb County SO GA,731,"04/11/2026, 10:57:18 AM UTC
05/11/2026, 10:57:18 AM UTC",***Redacted***,Wanted Person (Arrest Warrant/Fugitive) - FID  11957926,,***Redacted***,"05/11/2026, 10:57:21 AM UTC",lookup - Mobile,,
d99b4385-bc87-4796-8f30-cdf94761fb1b,Enrique Hogan,Bibb County SO GA,731,"04/11/2026, 11:11:39 AM UTC
05/11/2026, 11:11:39 AM UTC",***Redacted***,Wanted Person (Arrest Warrant/Fugitive) - FID  11957926,,***Redacted***,"05/11/2026, 11:11:43 AM UTC",lookup - Mobile,,
e15c546c-c978-4c16-9a16-982a90680c35,Enrique Hogan,Bibb County SO GA,731,"05/04/2026, 11:13:42 AM UTC
05/11/2026, 11:13:42 AM UTC",***Redacted***,Wanted Person (Arrest Warrant/Fugitive) - FID  11957926,,***Redacted***,"05/11/2026, 11:13:43 AM UTC",lookup - Mobile,,
4680ca43-3c3c-431f-819b-7d5a433efa75,Enrique Hogan,Bibb County SO GA,731,"05/04/2026, 12:11:46 PM UTC
05/11/2026, 12:11:46 PM UTC",***Redacted***,Wanted Person (Arrest Warrant/Fugitive) - FID  11957926,,***Redacted***,"05/11/2026, 12:11:47 PM UTC",lookup - Mobile,,
97eb0afa-0041-492e-a573-454750e49cbc,Enrique Hogan,Bibb County SO GA,731,"05/04/2026, 12:12:33 PM UTC
05/11/2026, 12:12:33 PM UTC",***Redacted***,Wanted Person (Arrest Warrant/Fugitive) - FID  11957926,,***Redacted***,"05/11/2026, 12:12:34 PM UTC",lookup - Mobile,,
3aad60e4-bfd5-4454-9017-ce00930c7379,Adam Grant,Bibb County SO GA,1358,"05/10/2026, 12:44:55 PM UTC
05/11/2026, 12:44:55 PM UTC",***Redacted***,Motor Vehicle Theft/Stolen - 2026-1296,,***Redacted***,"05/11/2026, 12:44:55 PM UTC",lookup - Mobile,,
14755d55-b8f3-4d87-a5cb-ad87cb676d28,Adam Grant,Bibb County SO GA,1358,"04/11/2026, 12:45:00 PM UTC
05/11/2026, 12:45:00 PM UTC",***Redacted***,Motor Vehicle Theft/Stolen - 2026-1296,,***Redacted***,"05/11/2026, 12:45:03 PM UTC",lookup - Mobile,,
ddbd8426-97dd-4466-b402-2f260c5d24d3,Enrique Hogan,Bibb County SO GA,731,"05/04/2026, 12:47:55 PM UTC
05/11/2026, 12:47:55 PM UTC",***Redacted***,Wanted Person (Arrest Warrant/Fugitive) - FID  11957926,,***Redacted***,"05/11/2026, 12:47:58 PM UTC",lookup - Mobile,,
647d7cf2-a05b-4b64-bf71-86544f319642,Thomas Crites,Bibb County SO GA,1505,"05/08/2026, 04:00:00 AM UTC
05/08/2026, 06:30:00 AM UTC",***Redacted***,Robbery - 26-39667,,***Redacted***,"05/11/2026, 01:24:10 PM UTC",search,,
05793f8c-0f99-4fc3-adae-acf76d6e52df,Thomas Crites,Bibb County SO GA,851,"04/11/2026, 01:24:38 PM UTC
05/11/2026, 01:24:38 PM UTC",***Redacted***,Robbery - 26-39667,,***Redacted***,"05/11/2026, 01:24:44 PM UTC",lookup,,
1fae66f2-c084-466f-9b95-52261fa29db8,Thomas Crites,Bibb County SO GA,851,"04/11/2026, 01:25:12 PM UTC
05/11/2026, 01:25:12 PM UTC",***Redacted***,Robbery - 26-39667,,***Redacted***,"05/11/2026, 01:25:14 PM UTC",lookup,,
f7830da6-c697-441e-8d58-8f29f2c4ec1f,Min Ha,Bibb County SO GA,11,"05/11/2026, 12:00:54 PM UTC
05/11/2026, 02:00:54 PM UTC",***Redacted***,Juvenile Delinquency - 2026-40676,,***Redacted***,"05/11/2026, 01:31:15 PM UTC",search,,
bbe2599e-d0a9-48ca-a943-ee9fbd5c1652,Min Ha,Bibb County SO GA,11,"05/11/2026, 12:00:54 PM UTC
05/11/2026, 02:00:54 PM UTC",***Redacted***,Juvenile Delinquency - 2026-40676,,***Redacted***,"05/11/2026, 01:31:27 PM UTC",search,,
18381200-3856-4e63-8252-8c7b49851230,Min Ha,Bibb County SO GA,11,"05/10/2026, 02:00:31 PM UTC
05/11/2026, 02:00:31 PM UTC",***Redacted***,Juvenile Delinquency - 2026-40676,,***Redacted***,"05/11/2026, 01:32:34 PM UTC",search,,
7fa56dc5-2701-4393-a506-1d48a974fadc,Min Ha,Bibb County SO GA,11,"05/10/2026, 02:00:31 PM UTC
05/11/2026, 02:00:31 PM UTC",***Redacted***,Juvenile Delinquency - 2026-40676,,***Redacted***,"05/11/2026, 01:40:43 PM UTC",search,,
85884156-5489-43fb-96e0-1fb8dad8055b,Charlee Gibson,Bibb County SO GA,3,"05/12/2026, 03:30:45 PM UTC
05/12/2026, 05:30:45 PM UTC",***Redacted***,Motor Vehicle Theft/Stolen - ,2026-41056,***Redacted***,"05/12/2026, 05:16:49 PM UTC",lookup,,
b4da8253-9e11-44f2-8aeb-12a04ab565c7,Min Ha,Bibb County SO GA,2,"05/11/2026, 06:00:46 PM UTC
05/12/2026, 06:00:46 PM UTC",***Redacted***,Motor Vehicle Theft/Stolen - ,2026-41055,***Redacted***,"05/12/2026, 05:57:07 PM UTC",search,,
f1b2c8c8-640e-4e83-b26c-60f27c0cf4e8,Min Ha,Bibb County SO GA,2,"05/11/2026, 06:00:46 PM UTC
05/12/2026, 06:00:46 PM UTC",***Redacted***,Motor Vehicle Theft/Stolen - ,2026-41055,***Redacted***,"05/12/2026, 05:57:26 PM UTC",search,,
30ab8b14-7278-4fb0-b7c0-22cf7af19904,Min Ha,Bibb County SO GA,11,"05/11/2026, 06:00:46 PM UTC
05/12/2026, 06:00:46 PM UTC",***Redacted***,Motor Vehicle Theft/Stolen - ,2026-41055,***Redacted***,"05/12/2026, 06:00:44 PM UTC",search,,
b95c40a4-1337-4f32-b1cb-97a329d2dae8,Christian Erceg,Bibb County SO GA,11,"05/10/2026, 08:00:17 PM UTC
05/10/2026, 10:00:17 PM UTC",***Redacted***,Hit and Run/Car Accident - 2026-40530,,***Redacted***,"05/11/2026, 01:47:07 AM UTC",search,,
900267a5-0436-4612-9dfd-25d8e84d4955,Christian Erceg,Bibb County SO GA,11,"05/10/2026, 08:00:17 PM UTC
05/10/2026, 10:00:17 PM UTC",***Redacted***,Hit and Run/Car Accident - 2026-40530,,***Redacted***,"05/11/2026, 01:56:24 AM UTC",search,,
b2c912a6-2e56-4d50-a482-cab1818c4815,Christian Erceg,Bibb County SO GA,11,"05/10/2026, 02:00:20 AM UTC
05/11/2026, 02:00:20 AM UTC",***Redacted***,Hit and Run/Car Accident - 2026-40530,,***Redacted***,"05/11/2026, 01:57:23 AM UTC",lookup,,
765f1f45-329b-4ffe-8fbe-308d7a8fd174,Christian Erceg,Bibb County SO GA,11,"05/10/2026, 02:00:20 AM UTC
05/11/2026, 02:00:20 AM UTC",***Redacted***,Hit and Run/Car Accident - 2026-40530,,***Redacted***,"05/11/2026, 01:57:36 AM UTC",search,,
feb8819e-70a8-4fc3-87dc-5f53cf20d7f7,Christian Erceg,Bibb County SO GA,11,"05/10/2026, 02:00:20 AM UTC
05/11/2026, 02:00:20 AM UTC",***Redacted***,Hit and Run/Car Accident - 2026-40530,,***Redacted***,"05/11/2026, 01:58:14 AM UTC",search,,
ca45cccf-2a5f-4d2f-b6bb-92c09c3d3091,Christian Erceg,Bibb County SO GA,11,"05/10/2026, 02:00:20 AM UTC
05/11/2026, 02:00:20 AM UTC",***Redacted***,Hit and Run/Car Accident - 2026-40530,,***Redacted***,"05/11/2026, 01:59:05 AM UTC",lookup,,
925f9fe9-c913-44d9-b23a-40fec7c78c9b,Christian Erceg,Bibb County SO GA,11,"05/10/2026, 02:00:20 AM UTC
05/11/2026, 02:00:20 AM UTC",***Redacted***,Hit and Run/Car Accident - 2026-40530,,***Redacted***,"05/11/2026, 02:00:14 AM UTC",lookup,,
5593bbbf-e4f8-42bd-a0fe-03bf5f8d2575,George Witherspoon,Bibb County SO GA,1358,"04/19/2026, 08:00:00 PM UTC
04/19/2026, 10:30:00 PM UTC",***Redacted***,Hit and Run/Car Accident - SUSPECT,,***Redacted***,"05/11/2026, 02:26:41 AM UTC",search,,
b7d93088-70a2-4117-a44b-2b19e1e3f04d,George Witherspoon,Bibb County SO GA,3,"04/19/2026, 08:00:00 PM UTC
04/19/2026, 10:30:00 PM UTC",***Redacted***,Hit and Run/Car Accident - SUSPECT,,***Redacted***,"05/11/2026, 02:28:02 AM UTC",search,,
6adad3e3-cbb3-413e-bfba-74fdabeeda20,George Witherspoon,Bibb County SO GA,3,"04/19/2026, 08:00:00 PM UTC
04/19/2026, 10:30:00 PM UTC",***Redacted***,Hit and Run/Car Accident - SUSPECT,,***Redacted***,"05/11/2026, 02:29:09 AM UTC",search,,
a292faf1-96c3-447f-88bb-70527dbcf573,George Witherspoon,Bibb County SO GA,4,"04/19/2026, 08:00:00 PM UTC
05/11/2026, 03:00:00 AM UTC",***Redacted***,Hit and Run/Car Accident - suspect,,***Redacted***,"05/11/2026, 02:39:41 AM UTC",freeform,objectClass:vehicle DARK COLOR SUV WITH HEAVY FRONT END DAMAGE AND FLORIDA PLATE,allow
916880b4-ac88-4c0e-a0d9-7fa2029c3e46,George Witherspoon,Bibb County SO GA,3,"05/11/2026, 01:00:09 AM UTC
05/11/2026, 03:00:09 AM UTC",***Redacted***,Hit and Run/Car Accident - suspect,,***Redacted***,"05/11/2026, 02:45:29 AM UTC",visual,,
e1446429-b4d8-4614-b302-11350b2e51df,George Witherspoon,Bibb County SO GA,3,"04/19/2026, 01:00:00 AM UTC
04/20/2026, 03:00:00 AM UTC",***Redacted***,Hit and Run/Car Accident - suspect,,***Redacted***,"05/11/2026, 02:53:52 AM UTC",search,,
9fa5881b-0e55-4e19-a08e-efc3ed589773,George Witherspoon,Bibb County SO GA,3,"04/19/2026, 01:00:00 AM UTC
04/20/2026, 03:00:00 AM UTC",***Redacted***,Hit and Run/Car Accident - suspect,,***Redacted***,"05/11/2026, 02:57:10 AM UTC",search,,
320f4d0e-2add-43ea-965d-ac853f85bae7,George Witherspoon,Bibb County SO GA,3,"04/19/2026, 01:00:00 AM UTC
04/20/2026, 03:00:00 AM UTC",***Redacted***,Hit and Run/Car Accident - suspect,,***Redacted***,"05/11/2026, 02:59:28 AM UTC",search,,
c0ba6aa7-f5e5-4ad4-930d-730f1144ee22,George Witherspoon,Bibb County SO GA,3,"04/19/2026, 01:00:00 AM UTC
04/20/2026, 03:00:00 AM UTC",***Redacted***,Hit and Run/Car Accident - suspect,,***Redacted***,"05/11/2026, 03:04:06 AM UTC",search,,
808122f5-d86a-4577-b369-91a9eb3a364f,George Witherspoon,Bibb County SO GA,3,"04/19/2026, 10:00:00 PM UTC
04/19/2026, 10:00:00 PM UTC",***Redacted***,Hit and Run/Car Accident - suspect,,***Redacted***,"05/11/2026, 03:04:59 AM UTC",search,,
0f0015f0-ffb5-41e9-81d6-2af8e2b7ca05,George Witherspoon,Bibb County SO GA,3,"04/19/2026, 10:00:00 PM UTC
04/19/2026, 10:00:00 PM UTC",***Redacted***,Hit and Run/Car Accident - suspect,,***Redacted***,"05/11/2026, 03:05:33 AM UTC",search,,
dfa83f43-1610-4d68-8bce-9ecbdd0e1b52,George Witherspoon,Bibb County SO GA,3,"04/19/2026, 10:00:00 PM UTC
04/19/2026, 10:00:00 PM UTC",***Redacted***,Hit and Run/Car Accident - suspect,,***Redacted***,"05/11/2026, 03:05:42 AM UTC",search,,
d1171936-c2d4-4179-9f80-03bf1061df3a,George Witherspoon,Bibb County SO GA,3,"04/19/2026, 10:00:00 PM UTC
04/19/2026, 10:00:00 PM UTC",***Redacted***,Hit and Run/Car Accident - suspect,,***Redacted***,"05/11/2026, 03:05:50 AM UTC",search,,
69e7dff1-add6-49ce-ba49-a216640d11c9,George Witherspoon,Bibb County SO GA,3,"04/19/2026, 10:00:00 PM UTC
04/19/2026, 10:00:00 PM UTC",***Redacted***,Hit and Run/Car Accident - suspect,,***Redacted***,"05/11/2026, 03:06:14 AM UTC",search,,
83848875-90f8-420f-9b09-57b8075d8891,George Witherspoon,Bibb County SO GA,3,"04/19/2026, 07:00:00 PM UTC
04/19/2026, 10:00:00 PM UTC",***Redacted***,Hit and Run/Car Accident - suspect,,***Redacted***,"05/11/2026, 03:06:32 AM UTC",search,,
467138c3-f5a3-47a2-808e-b09b988d08b8,Tyrelle Stephens,Bibb County SO GA,11,"05/08/2026, 02:30:00 PM UTC
05/12/2026, 04:30:00 PM UTC",***Redacted***,Hit and Run/Car Accident - ,2026-39620,***Redacted***,"05/12/2026, 04:09:36 PM UTC",lookup,,
5b236e01-9eee-42df-b1df-6683ab3b7d8f,Alex Fletcher,Bibb County SO GA,1425,"05/12/2026, 04:05:04 PM UTC
05/12/2026, 04:20:04 PM UTC",***Redacted***,Drugs/Narcotics - ,2025-78977,***Redacted***,"05/12/2026, 04:20:37 PM UTC",search,,
6ea1901d-bdb4-4b4a-bc92-dcb960a26723,Alex Fletcher,Bibb County SO GA,3,"05/12/2026, 04:07:32 PM UTC
05/12/2026, 04:22:32 PM UTC",***Redacted***,Drugs/Narcotics - ,2025-78977,***Redacted***,"05/12/2026, 04:22:50 PM UTC",search,,
72a600f9-ffd4-4029-9821-efb8fff08d28,Thomas Crites,Bibb County SO GA,1512,"05/12/2026, 09:00:00 PM UTC
05/12/2026, 11:35:59 PM UTC",***Redacted***,Robbery - ,Just occurred (lt bridger parttime),***Redacted***,"05/12/2026, 11:36:52 PM UTC",search - Mobile,,
aad65988-108f-4a3a-9899-ba6bd6bfb664,Thomas Crites,Bibb County SO GA,6,"05/12/2026, 09:00:00 PM UTC
05/12/2026, 11:35:59 PM UTC",***Redacted***,Robbery - ,Just occurred (lt bridger parttime),***Redacted***,"05/12/2026, 11:41:36 PM UTC",freeform - Mobile,objectClass:vehicle White sedan with black rims,allow
3ed406d7-1b9b-4fcf-bdc6-1c3d15e5b955,Thomas Crites,Bibb County SO GA,1422,"05/12/2026, 09:00:00 PM UTC
05/12/2026, 11:35:59 PM UTC",***Redacted***,Robbery - ,Just occurred (lt bridger parttime),***Redacted***,"05/12/2026, 11:45:08 PM UTC",lookup - Mobile,,
5254e7c6-af81-4904-9b2e-cc253fa0da52,Thomas Crites,Bibb County SO GA,1422,"05/12/2026, 09:00:00 PM UTC
05/12/2026, 11:45:45 PM UTC",***Redacted***,Robbery - ,Just occurred (lt bridger parttime),***Redacted***,"05/12/2026, 11:45:46 PM UTC",lookup - Mobile,,
90911977-0aa3-49c5-bceb-53ca4dda7e4e,Thomas Crites,Bibb County SO GA,1422,"05/12/2026, 09:00:00 PM UTC
05/12/2026, 11:48:56 PM UTC",***Redacted***,Robbery - ,Just occurred (lt bridger parttime),***Redacted***,"05/12/2026, 11:48:58 PM UTC",lookup - Mobile,,
636403ff-6c56-4a1c-9e9b-8220eb1e4b20,Thomas Crites,Bibb County SO GA,1422,"05/12/2026, 09:00:00 PM UTC
05/12/2026, 11:52:59 PM UTC",***Redacted***,Robbery - ,Just occurred (lt bridger parttime),***Redacted***,"05/12/2026, 11:53:01 PM UTC",lookup - Mobile,,
52175456-f507-4707-a4bf-f5c7df5278c7,Thomas Crites,Bibb County SO GA,1422,"05/12/2026, 09:00:00 PM UTC
05/12/2026, 11:54:37 PM UTC",***Redacted***,Robbery - ,Just occurred (lt bridger parttime),***Redacted***,"05/12/2026, 11:54:38 PM UTC",lookup - Mobile,,
c1d47dc5-54ca-400e-89ba-df85434f2c46,Thomas Crites,Bibb County SO GA,1422,"05/12/2026, 09:00:00 PM UTC
05/12/2026, 11:54:37 PM UTC",***Redacted***,Robbery - ,Just occurred (lt bridger parttime),***Redacted***,"05/12/2026, 11:54:40 PM UTC",lookup - Mobile,,
8bdb2bcb-244a-4ef0-bf94-6f19cea1752b,Thomas Crites,Bibb County SO GA,1422,"04/12/2026, 11:54:46 PM UTC
05/12/2026, 11:54:46 PM UTC",***Redacted***,Robbery - ,Just occurred (lt bridger parttime),***Redacted***,"05/12/2026, 11:54:51 PM UTC",lookup - Mobile,,
7a0f4a96-0491-4e50-97a7-7fb5b92b1e50,Thomas Crites,Bibb County SO GA,1422,"04/12/2026, 11:54:53 PM UTC
05/12/2026, 11:54:53 PM UTC",***Redacted***,Robbery - ,Just occurred (lt bridger parttime),***Redacted***,"05/12/2026, 11:54:59 PM UTC",lookup - Mobile,,
64ad4baf-18af-4887-8f1c-83a907cc90e8,Thomas Crites,Bibb County SO GA,1422,"04/12/2026, 11:56:04 PM UTC
05/12/2026, 11:56:04 PM UTC",***Redacted***,Robbery - ,Just occurred (lt bridger parttime),***Redacted***,"05/12/2026, 11:56:09 PM UTC",lookup - Mobile,,
8b4ca17c-0e40-4ac8-bbf2-92609e72ccfb,Thomas Crites,Bibb County SO GA,1422,"05/12/2026, 11:56:19 AM UTC
05/12/2026, 11:56:19 PM UTC",***Redacted***,Robbery - ,Just occurred (lt bridger parttime),***Redacted***,"05/12/2026, 11:56:21 PM UTC",lookup - Mobile,,
b280c89e-fa9c-49aa-83c6-a21100fa8566,Thomas Crites,Bibb County SO GA,1422,"05/12/2026, 11:56:39 AM UTC
05/12/2026, 11:56:39 PM UTC",***Redacted***,Robbery - ,Just occurred (lt bridger parttime),***Redacted***,"05/12/2026, 11:56:40 PM UTC",lookup - Mobile,,
62e4ee2f-31c5-473e-935f-cbbba03c1257,Thomas Crites,Bibb County SO GA,1422,"05/12/2026, 11:56:42 AM UTC
05/12/2026, 11:56:42 PM UTC",***Redacted***,Robbery - ,Just occurred (lt bridger parttime),***Redacted***,"05/12/2026, 11:56:43 PM UTC",lookup - Mobile,,
6aa040e7-5efd-4e0e-b92b-256e7771c890,Thomas Crites,Bibb County SO GA,1422,"05/12/2026, 11:56:45 AM UTC
05/12/2026, 11:56:45 PM UTC",***Redacted***,Robbery - ,Just occurred (lt bridger parttime),***Redacted***,"05/12/2026, 11:56:46 PM UTC",lookup - Mobile,,
2a96e40d-072a-4582-9813-2b89adfec66b,Thomas Crites,Bibb County SO GA,1422,"05/12/2026, 11:56:55 AM UTC
05/12/2026, 11:56:55 PM UTC",***Redacted***,Robbery - ,Just occurred (lt bridger parttime),***Redacted***,"05/12/2026, 11:56:58 PM UTC",lookup - Mobile,,
0a1fe871-35f5-4d1b-b911-eefbd11c6a66,Thomas Crites,Bibb County SO GA,1422,"05/12/2026, 11:56:59 AM UTC
05/12/2026, 11:56:59 PM UTC",***Redacted***,Robbery - ,Just occurred (lt bridger parttime),***Redacted***,"05/12/2026, 11:57:00 PM UTC",lookup - Mobile,,
465db1b1-68de-4e8f-8557-f8a5b22b5f42,Thomas Crites,Bibb County SO GA,1422,"05/12/2026, 11:57:06 AM UTC
05/12/2026, 11:57:06 PM UTC",***Redacted***,Robbery - ,Just occurred (lt bridger parttime),***Redacted***,"05/12/2026, 11:57:07 PM UTC",lookup - Mobile,,
d0fc9b76-91dc-4293-ab7f-dd3d773ebc24,Thomas Crites,Bibb County SO GA,1422,"05/12/2026, 11:57:46 AM UTC
05/12/2026, 11:57:46 PM UTC",***Redacted***,Robbery - ,Just occurred (lt bridger parttime),***Redacted***,"05/12/2026, 11:57:48 PM UTC",lookup - Mobile,,
15629ce0-e04e-420e-a9dc-1b06660e5d52,Thomas Crites,Bibb County SO GA,1422,"05/12/2026, 11:57:48 AM UTC
05/12/2026, 11:57:48 PM UTC",***Redacted***,Robbery - ,Just occurred (lt bridger parttime),***Redacted***,"05/12/2026, 11:57:50 PM UTC",lookup - Mobile,,
921a5252-5da9-4fd6-91f3-5f81377750e9,Thomas Crites,Bibb County SO GA,1422,"05/12/2026, 11:57:50 AM UTC
05/12/2026, 11:57:50 PM UTC",***Redacted***,Robbery - ,Just occurred (lt bridger parttime),***Redacted***,"05/12/2026, 11:57:51 PM UTC",lookup - Mobile,,
a270545b-3b39-4873-9f9b-de95d71edbc6,Thomas Crites,Bibb County SO GA,1422,"05/12/2026, 11:57:52 AM UTC
05/12/2026, 11:57:52 PM UTC",***Redacted***,Robbery - ,Just occurred (lt bridger parttime),***Redacted***,"05/12/2026, 11:57:53 PM UTC",lookup - Mobile,,
7ceaeab3-59cf-4970-b22a-8f12a8464ec4,Thomas Crites,Bibb County SO GA,1422,"05/12/2026, 11:58:10 AM UTC
05/12/2026, 11:58:10 PM UTC",***Redacted***,Robbery - ,Just occurred (lt bridger parttime),***Redacted***,"05/12/2026, 11:58:12 PM UTC",lookup - Mobile,,
250091da-aeed-41ec-9454-46f9ba47d9d4,Thomas Crites,Bibb County SO GA,1422,"05/12/2026, 11:58:25 AM UTC
05/12/2026, 11:58:25 PM UTC",***Redacted***,Robbery - ,Just occurred (lt bridger parttime),***Redacted***,"05/12/2026, 11:58:26 PM UTC",lookup - Mobile,,
3483cc4d-e2a6-411d-b743-f68c53c259a0,Thomas Crites,Bibb County SO GA,1422,"05/12/2026, 11:59:41 AM UTC
05/12/2026, 11:59:41 PM UTC",***Redacted***,Robbery - ,Just occurred (lt bridger parttime),***Redacted***,"05/12/2026, 11:59:42 PM UTC",lookup - Mobile,,
da9e419d-bc03-40bd-aba1-d13f97d621ce,Thomas Crites,Bibb County SO GA,1422,"05/12/2026, 12:00:44 PM UTC
05/13/2026, 12:00:44 AM UTC",***Redacted***,Robbery - ,Just occurred (lt bridger parttime),***Redacted***,"05/13/2026, 12:00:46 AM UTC",lookup - Mobile,,
6a6494d3-a9fb-4dfd-9aa8-980e6bab83e3,Thomas Crites,Bibb County SO GA,1422,"05/12/2026, 12:00:48 PM UTC
05/13/2026, 12:00:48 AM UTC",***Redacted***,Robbery - ,Just occurred (lt bridger parttime),***Redacted***,"05/13/2026, 12:00:49 AM UTC",lookup - Mobile,,
cc960eed-d113-4b55-ac5d-0b37f451e4bb,Thomas Crites,Bibb County SO GA,1422,"05/12/2026, 12:01:19 PM UTC
05/13/2026, 12:01:19 AM UTC",***Redacted***,Robbery - ,Just occurred (lt bridger parttime),***Redacted***,"05/13/2026, 12:01:20 AM UTC",lookup - Mobile,,
44076021-12d3-436d-b96c-3de0748665d4,Thomas Crites,Bibb County SO GA,1422,"05/12/2026, 12:01:23 PM UTC
05/13/2026, 12:01:23 AM UTC",***Redacted***,Robbery - ,Just occurred (lt bridger parttime),***Redacted***,"05/13/2026, 12:01:24 AM UTC",lookup - Mobile,,
2c5033a2-82e8-4aa5-99b1-b677f429743e,Thomas Crites,Bibb County SO GA,1422,"05/12/2026, 12:01:39 PM UTC
05/13/2026, 12:01:39 AM UTC",***Redacted***,Robbery - ,Just occurred (lt bridger parttime),***Redacted***,"05/13/2026, 12:01:41 AM UTC",lookup - Mobile,,
8aba4be4-f6f6-4f96-8f6a-0bb18e56c27d,Thomas Crites,Bibb County SO GA,1422,"05/12/2026, 12:12:24 PM UTC
05/13/2026, 12:12:24 AM UTC",***Redacted***,Robbery - ,Just occurred (lt bridger parttime),***Redacted***,"05/13/2026, 12:12:27 AM UTC",lookup - Mobile,,
15dfe835-c691-4548-b6d2-276b8e9eb2fa,Min Ha,Bibb County SO GA,11,"05/12/2026, 01:00:00 PM UTC
05/12/2026, 02:00:00 PM UTC",***Redacted***,Motor Vehicle Theft/Stolen - ,2026-40926,***Redacted***,"05/12/2026, 01:56:34 PM UTC",search,,
1bbf7e96-4ae9-4805-97ba-121150ea5811,Min Ha,Bibb County SO GA,11,"05/12/2026, 01:00:00 PM UTC
05/12/2026, 02:00:00 PM UTC",***Redacted***,Motor Vehicle Theft/Stolen - ,2026-40926,***Redacted***,"05/12/2026, 01:57:36 PM UTC",search,,
ac4369a8-5dce-4b02-ab0d-c0473b9248e7,Thomas Crites,Bibb County SO GA,1420,"05/12/2026, 01:57:37 AM UTC
05/12/2026, 01:57:37 PM UTC",***Redacted***,Terrorism/Terroristic Threats - ,Dignitary threat (capt lebeuf),***Redacted***,"05/12/2026, 01:57:39 PM UTC",lookup - Mobile,,
f14248e1-ffc7-4160-b2c2-1d8d6672f006,Thomas Crites,Bibb County SO GA,1420,"05/12/2026, 01:57:53 AM UTC
05/12/2026, 01:57:53 PM UTC",***Redacted***,Terrorism/Terroristic Threats - ,Dignitary threat (capt lebeuf),***Redacted***,"05/12/2026, 01:57:54 PM UTC",lookup - Mobile,,
e580e7a9-7ead-4e9c-b3dd-df8e9e1ba924,Thomas Crites,Bibb County SO GA,1420,"05/12/2026, 01:58:22 AM UTC
05/12/2026, 01:58:22 PM UTC",***Redacted***,Terrorism/Terroristic Threats - ,Dignitary threat (capt lebeuf),***Redacted***,"05/12/2026, 01:58:22 PM UTC",lookup - Mobile,,
c6e26cc5-4b92-4282-9899-772549ca2924,Min Ha,Bibb County SO GA,11,"05/12/2026, 01:00:00 PM UTC
05/12/2026, 02:00:00 PM UTC",***Redacted***,Motor Vehicle Theft/Stolen - ,2026-40926,***Redacted***,"05/12/2026, 01:58:32 PM UTC",search,,
81ea2d6f-c374-4db2-8e3b-2f92a420a7a3,Thomas Crites,Bibb County SO GA,1420,"05/12/2026, 01:59:22 AM UTC
05/12/2026, 01:59:22 PM UTC",***Redacted***,Terrorism/Terroristic Threats - ,Dignitary threat (capt lebeuf),***Redacted***,"05/12/2026, 01:59:24 PM UTC",lookup - Mobile,,
2d41548d-a7db-453d-a355-52c0c3debc62,Min Ha,Bibb County SO GA,2,"05/12/2026, 01:00:00 PM UTC
05/12/2026, 02:00:00 PM UTC",***Redacted***,Motor Vehicle Theft/Stolen - ,2026-40926,***Redacted***,"05/12/2026, 02:02:23 PM UTC",search,,
afcd0443-0994-4b85-b4e6-ebc92c90b7aa,Min Ha,Bibb County SO GA,2,"05/12/2026, 01:00:00 PM UTC
05/12/2026, 02:00:00 PM UTC",***Redacted***,Motor Vehicle Theft/Stolen - ,2026-40926,***Redacted***,"05/12/2026, 02:03:06 PM UTC",search,,
8e722083-5136-4c84-b6cb-ea3aa085e449,Thomas Crites,Bibb County SO GA,1420,"05/12/2026, 02:10:18 AM UTC
05/12/2026, 02:10:18 PM UTC",***Redacted***,Terrorism/Terroristic Threats - ,Dignitary threat (capt lebeuf),***Redacted***,"05/12/2026, 02:10:20 PM UTC",lookup - Mobile,,
15092209-d66e-4272-92b0-3ea31f3655d4,Min Ha,Bibb County SO GA,2,"05/12/2026, 12:30:55 PM UTC
05/12/2026, 02:30:55 PM UTC",***Redacted***,Motor Vehicle Theft/Stolen - ,2026-40926,***Redacted***,"05/12/2026, 02:16:13 PM UTC",search,,
dde928c8-1ce4-47ac-9ac1-c96d6a13b754,Min Ha,Bibb County SO GA,2,"05/12/2026, 12:30:55 PM UTC
05/12/2026, 02:30:55 PM UTC",***Redacted***,Motor Vehicle Theft/Stolen - ,2026-40926,***Redacted***,"05/12/2026, 02:16:58 PM UTC",search,,
708d6e17-0acc-49e5-8b7a-692c4eeb003b,Min Ha,Bibb County SO GA,2,"05/12/2026, 12:30:55 PM UTC
05/12/2026, 02:30:55 PM UTC",***Redacted***,Motor Vehicle Theft/Stolen - ,2026-40926,***Redacted***,"05/12/2026, 02:29:21 PM UTC",search,,
45821fa5-a836-4a4e-a3ce-63286f650da1,Courtney Wilder,Bibb County SO GA,2,"04/01/2026, 04:30:15 PM UTC
05/01/2026, 04:30:15 PM UTC",***Redacted***,Motor Vehicle Theft/Stolen - CFS # 844,,***Redacted***,"05/01/2026, 08:19:14 PM UTC",lookup,,
f0c16995-8a7a-4a8c-86cb-07d3b805a756,Min Ha,Bibb County SO GA,11,"05/01/2026, 08:12:58 PM UTC
05/01/2026, 08:27:58 PM UTC",***Redacted***,Weapons Offense (Guns/Shots Fired) - 2026-37621,,***Redacted***,"05/01/2026, 08:28:03 PM UTC",search,,
91ab73a3-f53f-4442-8bf4-05a5f63a3a84,Min Ha,Bibb County SO GA,11,"05/01/2026, 08:12:58 PM UTC
05/01/2026, 08:27:58 PM UTC",***Redacted***,Weapons Offense (Guns/Shots Fired) - 2026-37621,,***Redacted***,"05/01/2026, 08:29:26 PM UTC",search,,
4b788083-9ea2-4db8-bc5c-5140b87acdcb,Adam Grant,Bibb County SO GA,1361,"05/01/2026, 02:30:14 PM UTC
05/01/2026, 08:30:14 PM UTC",***Redacted***,Motor Vehicle Theft/Stolen - 2026-1296,,***Redacted***,"05/01/2026, 08:30:15 PM UTC",lookup - Mobile,,
97f4a4e1-aa32-4e6a-935f-9abe1f87df42,Min Ha,Bibb County SO GA,11,"05/01/2026, 08:12:58 PM UTC
05/01/2026, 08:27:58 PM UTC",***Redacted***,Weapons Offense (Guns/Shots Fired) - 2026-37621,,***Redacted***,"05/01/2026, 08:45:30 PM UTC",search,,
76e3bf9e-3443-4a3f-b44a-f542c3c107a8,Min Ha,Bibb County SO GA,11,"05/01/2026, 08:12:58 PM UTC
05/01/2026, 08:27:58 PM UTC",***Redacted***,Weapons Offense (Guns/Shots Fired) - 2026-37621,,***Redacted***,"05/01/2026, 08:45:48 PM UTC",search,,
32ad4cce-cd45-44f7-8bea-f1e49d800315,Min Ha,Bibb County SO GA,2,"05/01/2026, 08:12:58 PM UTC
05/01/2026, 08:27:58 PM UTC",***Redacted***,Weapons Offense (Guns/Shots Fired) - 2026-37621,,***Redacted***,"05/01/2026, 08:47:19 PM UTC",search,,
a5551fc3-9648-4387-ad47-fc3c9cba6d63,Adam Grant,Bibb County SO GA,1361,"05/01/2026, 05:12:15 PM UTC
05/01/2026, 11:12:15 PM UTC",***Redacted***,Motor Vehicle Theft/Stolen - 2026-1296,,***Redacted***,"05/01/2026, 11:12:16 PM UTC",lookup - Mobile,,
e4c97e78-2052-4aef-8a2a-e83c30412786,Adam Grant,Bibb County SO GA,1361,"04/24/2026, 11:14:17 PM UTC
05/01/2026, 11:14:17 PM UTC",***Redacted***,Motor Vehicle Theft/Stolen - 2026-1296,,***Redacted***,"05/01/2026, 11:14:20 PM UTC",lookup - Mobile,,
de9d9765-3244-45cc-b500-9a989a4ed9b1,Adam Grant,Bibb County SO GA,1361,"05/01/2026, 05:15:05 PM UTC
05/01/2026, 11:15:05 PM UTC",***Redacted***,Motor Vehicle Theft/Stolen - 2026-1296,,***Redacted***,"05/01/2026, 11:15:07 PM UTC",lookup - Mobile,,
dfb46e6d-0203-4392-86dd-9d8479ab972d,Justin Edwards,Bibb County SO GA,3,"04/24/2026, 11:17:05 PM UTC
05/01/2026, 11:17:05 PM UTC",***Redacted***,Wanted Person (Arrest Warrant/Fugitive) - 2024-67104,,***Redacted***,"05/01/2026, 11:17:07 PM UTC",lookup - Mobile,,
24add6ed-8db9-4c59-86c4-4121976b6aac,Adam Grant,Bibb County SO GA,1361,"05/01/2026, 05:19:10 PM UTC
05/01/2026, 11:19:10 PM UTC",***Redacted***,Motor Vehicle Theft/Stolen - 2026-1296,,***Redacted***,"05/01/2026, 11:19:12 PM UTC",lookup - Mobile,,
63513086-6631-4d18-a487-3fdbc4ae4938,Matthew Grube,Bibb County SO GA,22,"05/01/2026, 09:30:58 PM UTC
05/01/2026, 11:30:58 PM UTC",***Redacted***,Kidnapping/Abduction - 2026-37662,,***Redacted***,"05/01/2026, 11:23:16 PM UTC",search,,
d345428c-4560-4e7c-a2c4-3aaeef125d38,Adam Grant,Bibb County SO GA,1361,"05/01/2026, 05:24:28 PM UTC
05/01/2026, 11:24:28 PM UTC",***Redacted***,Motor Vehicle Theft/Stolen - 2026-1296,,***Redacted***,"05/01/2026, 11:24:29 PM UTC",lookup - Mobile,,
32886cef-b1e4-479b-97d5-0d21dcc258ab,Adam Grant,Bibb County SO GA,1361,"04/24/2026, 11:24:39 PM UTC
05/01/2026, 11:24:39 PM UTC",***Redacted***,Motor Vehicle Theft/Stolen - 2026-1296,,***Redacted***,"05/01/2026, 11:24:40 PM UTC",lookup - Mobile,,
6308a4f1-ba35-462c-9bca-ca291a81ae41,Adam Grant,Bibb County SO GA,1361,"05/01/2026, 05:34:44 PM UTC
05/01/2026, 11:34:44 PM UTC",***Redacted***,Motor Vehicle Theft/Stolen - 2026-1296,,***Redacted***,"05/01/2026, 11:34:46 PM UTC",lookup - Mobile,,
02da643d-73ed-4e9a-b18b-87cf05630b3a,Adam Grant,Bibb County SO GA,1361,"04/24/2026, 11:38:35 PM UTC
05/01/2026, 11:38:35 PM UTC",***Redacted***,Motor Vehicle Theft/Stolen - 2026-1296,,***Redacted***,"05/01/2026, 11:38:36 PM UTC",lookup - Mobile,,
4dc23cec-2b4c-4b69-aaed-8db7a9a7d22f,Adam Grant,Bibb County SO GA,1361,"05/01/2026, 05:39:02 PM UTC
05/01/2026, 11:39:02 PM UTC",***Redacted***,Motor Vehicle Theft/Stolen - 2026-1296,,***Redacted***,"05/01/2026, 11:39:03 PM UTC",lookup - Mobile,,
3bba7ad7-b162-45dc-b50b-8591a533d5dc,Adam Grant,Bibb County SO GA,1361,"04/24/2026, 11:42:39 PM UTC
05/01/2026, 11:42:39 PM UTC",***Redacted***,Motor Vehicle Theft/Stolen - 2026-1296,,***Redacted***,"05/01/2026, 11:42:40 PM UTC",lookup - Mobile,,
6959f28a-1b4d-4e1a-99aa-298624629077,Adam Grant,Bibb County SO GA,1361,"05/01/2026, 05:43:52 PM UTC
05/01/2026, 11:43:52 PM UTC",***Redacted***,Motor Vehicle Theft/Stolen - 2026-1296,,***Redacted***,"05/01/2026, 11:43:54 PM UTC",lookup - Mobile,,
3c62eb1a-c55e-40d7-800f-d535a9d9f59d,Adam Grant,Bibb County SO GA,1361,"05/01/2026, 05:51:10 PM UTC
05/01/2026, 11:51:10 PM UTC",***Redacted***,Motor Vehicle Theft/Stolen - 2026-1296,,***Redacted***,"05/01/2026, 11:51:11 PM UTC",lookup - Mobile,,
c69d59d7-0e45-4dcc-8e1d-25b5dea7a496,Adam Grant,Bibb County SO GA,1361,"04/24/2026, 11:51:21 PM UTC
05/01/2026, 11:51:21 PM UTC",***Redacted***,Motor Vehicle Theft/Stolen - 2026-1296,,***Redacted***,"05/01/2026, 11:51:22 PM UTC",lookup - Mobile,,
93c4ae62-c2bf-42b9-92bd-c3050be9f1e1,George Witherspoon,Bibb County SO GA,3,"05/01/2026, 11:33:38 PM UTC
05/02/2026, 11:33:38 PM UTC",***Redacted***,Hit and Run/Car Accident - Investigation,,***Redacted***,"05/02/2026, 11:33:39 PM UTC",lookup - Mobile,,
00e9bd72-debc-4ab5-af69-025d85a80162,George Witherspoon,Bibb County SO GA,3,"04/25/2026, 11:33:41 PM UTC
05/02/2026, 11:33:41 PM UTC",***Redacted***,Hit and Run/Car Accident - Investigation,,***Redacted***,"05/02/2026, 11:33:41 PM UTC",lookup - Mobile,,
91ceb486-bde9-4ae4-876d-b402f982b6f1,George Witherspoon,Bibb County SO GA,3,"04/18/2026, 11:33:43 PM UTC
05/02/2026, 11:33:43 PM UTC",***Redacted***,Hit and Run/Car Accident - Investigation,,***Redacted***,"05/02/2026, 11:33:51 PM UTC",lookup - Mobile,,
df484194-232d-4dae-a54d-581bb2d2afc6,George Witherspoon,Bibb County SO GA,3,"04/02/2026, 11:33:53 PM UTC
05/02/2026, 11:33:53 PM UTC",***Redacted***,Hit and Run/Car Accident - Investigation,,***Redacted***,"05/02/2026, 11:33:53 PM UTC",lookup - Mobile,,
ea8475f7-6994-45ee-83e9-e0f9a9f07835,George Witherspoon,Bibb County SO GA,1361,"04/02/2026, 11:33:55 PM UTC
05/02/2026, 11:33:55 PM UTC",***Redacted***,Hit and Run/Car Accident - Investigation,,***Redacted***,"05/02/2026, 11:34:00 PM UTC",lookup - Mobile,,
64765a3b-0337-48fa-9827-4fa9700e561d,George Witherspoon,Bibb County SO GA,3,"05/01/2026, 11:34:56 PM UTC
05/02/2026, 11:34:56 PM UTC",***Redacted***,Hit and Run/Car Accident - Investigation,,***Redacted***,"05/02/2026, 11:34:56 PM UTC",lookup - Mobile,,
34fa8747-8f78-4211-8cb2-eef95f460b38,George Witherspoon,Bibb County SO GA,3,"04/25/2026, 11:34:58 PM UTC
05/02/2026, 11:34:58 PM UTC",***Redacted***,Hit and Run/Car Accident - Investigation,,***Redacted***,"05/02/2026, 11:35:02 PM UTC",lookup - Mobile,,
05491f9a-fc21-4f0b-8276-d6bbe86545d7,George Witherspoon,Bibb County SO GA,3,"04/18/2026, 11:35:03 PM UTC
05/02/2026, 11:35:03 PM UTC",***Redacted***,Hit and Run/Car Accident - Investigation,,***Redacted***,"05/02/2026, 11:35:04 PM UTC",lookup - Mobile,,
3d6cc023-a372-4d2a-a3b7-265e304e497e,George Witherspoon,Bibb County SO GA,3,"04/02/2026, 11:35:06 PM UTC
05/02/2026, 11:35:06 PM UTC",***Redacted***,Hit and Run/Car Accident - Investigation,,***Redacted***,"05/02/2026, 11:35:07 PM UTC",lookup - Mobile,,
d1064cda-d590-45ab-b2b4-93d7a04e78ed,George Witherspoon,Bibb County SO GA,1361,"04/02/2026, 11:35:08 PM UTC
05/02/2026, 11:35:08 PM UTC",***Redacted***,Hit and Run/Car Accident - Investigation,,***Redacted***,"05/02/2026, 11:35:14 PM UTC",lookup - Mobile,,
b68fa638-82e7-4146-8500-b4a855aac624,Adam Grant,Bibb County SO GA,1361,"04/25/2026, 04:56:01 AM UTC
05/02/2026, 04:56:01 AM UTC",***Redacted***,Motor Vehicle Theft/Stolen - 2026-1296,,***Redacted***,"05/02/2026, 04:56:04 AM UTC",lookup - Mobile,,
b6aacef0-1628-4e51-9efb-5905b58c076b,Adam Grant,Bibb County SO GA,1361,"04/25/2026, 05:01:01 AM UTC
05/02/2026, 05:01:01 AM UTC",***Redacted***,Motor Vehicle Theft/Stolen - 2026-1296,,***Redacted***,"05/02/2026, 05:01:03 AM UTC",lookup - Mobile,,
1279ef44-68c7-4f27-a14b-75789c232db6,Adam Grant,Bibb County SO GA,1361,"04/25/2026, 05:03:46 AM UTC
05/02/2026, 05:03:46 AM UTC",***Redacted***,Motor Vehicle Theft/Stolen - 2026-1296,,***Redacted***,"05/02/2026, 05:03:47 AM UTC",lookup - Mobile,,
9194be3b-40f5-4062-9854-a5211d824136,Adam Grant,Bibb County SO GA,1361,"04/25/2026, 05:07:41 AM UTC
05/02/2026, 05:07:41 AM UTC",***Redacted***,Motor Vehicle Theft/Stolen - 2026-1296,,***Redacted***,"05/02/2026, 05:07:42 AM UTC",lookup - Mobile,,
6685d238-93bc-47fa-b9aa-4d54d2792180,Adam Grant,Bibb County SO GA,1361,"04/25/2026, 05:20:42 AM UTC
05/02/2026, 05:20:42 AM UTC",***Redacted***,Motor Vehicle Theft/Stolen - 2026-1296,,***Redacted***,"05/02/2026, 05:20:44 AM UTC",lookup - Mobile,,
bade7d7b-856c-48b8-bb65-197cd8658fae,Steve Gatlin,Bibb County SO GA,778,"05/01/2026, 05:30:18 AM UTC
05/02/2026, 05:30:18 AM UTC",***Redacted***,Larceny/Theft Offenses - stolen vehicle,,***Redacted***,"05/02/2026, 05:24:22 AM UTC",lookup,,
44ad257c-de12-4fdc-9341-3d6431244cb1,Steve Gatlin,Bibb County SO GA,778,"05/01/2026, 05:30:18 AM UTC
05/02/2026, 05:30:18 AM UTC",***Redacted***,Larceny/Theft Offenses - stolen vehicle,,***Redacted***,"05/02/2026, 05:26:46 AM UTC",lookup,,
6e4ac234-5223-4dce-a5a6-e6b1b1a64710,Steve Gatlin,Bibb County SO GA,778,"05/01/2026, 05:30:18 AM UTC
05/02/2026, 05:30:18 AM UTC",***Redacted***,Larceny/Theft Offenses - stolen vehicle,,***Redacted***,"05/02/2026, 05:32:18 AM UTC",lookup,,
22f9f095-cb6c-4982-88ec-cb951e7dd669,Adam Grant,Bibb County SO GA,1361,"04/25/2026, 05:38:11 AM UTC
05/02/2026, 05:38:11 AM UTC",***Redacted***,Motor Vehicle Theft/Stolen - 2026-1296,,***Redacted***,"05/02/2026, 05:38:13 AM UTC",lookup - Mobile,,
7df0fe11-5009-4cfd-abe3-f90b89a85399,Steve Gatlin,Bibb County SO GA,778,"05/01/2026, 05:30:18 AM UTC
05/02/2026, 05:30:18 AM UTC",***Redacted***,Larceny/Theft Offenses - stolen vehicle,,***Redacted***,"05/02/2026, 05:38:22 AM UTC",lookup,,
c2a88daf-a901-43a3-ad9e-a3efdb803519,Steve Gatlin,Bibb County SO GA,778,"05/01/2026, 05:30:18 AM UTC
05/02/2026, 05:30:18 AM UTC",***Redacted***,Larceny/Theft Offenses - stolen vehicle,,***Redacted***,"05/02/2026, 05:38:34 AM UTC",lookup,,
7a1f2931-3876-476a-880d-ce8a3f0f8ade,Steve Gatlin,Bibb County SO GA,778,"05/01/2026, 05:30:18 AM UTC
05/02/2026, 05:30:18 AM UTC",***Redacted***,Larceny/Theft Offenses - stolen vehicle,,***Redacted***,"05/02/2026, 05:38:58 AM UTC",lookup,,
ba084d4b-cd8a-40e2-8aa7-e1bb13b3fd57,Steve Gatlin,Bibb County SO GA,778,"05/01/2026, 06:00:06 AM UTC
05/02/2026, 06:00:06 AM UTC",***Redacted***,Motor Vehicle Theft/Stolen - stolen,,***Redacted***,"05/02/2026, 05:41:10 AM UTC",lookup,,
ff39da3a-eef9-4e0c-9e7a-dac7a0d070e9,Adam Grant,Bibb County SO GA,1361,"04/25/2026, 05:43:45 AM UTC
05/02/2026, 05:43:45 AM UTC",***Redacted***,Motor Vehicle Theft/Stolen - 2026-1296,,***Redacted***,"05/02/2026, 05:43:47 AM UTC",lookup - Mobile,,
93e91af4-77e9-4685-9f78-cc906205d43d,Adam Grant,Bibb County SO GA,1361,"04/25/2026, 05:45:33 AM UTC
05/02/2026, 05:45:33 AM UTC",***Redacted***,Motor Vehicle Theft/Stolen - 2026-1296,,***Redacted***,"05/02/2026, 05:45:35 AM UTC",lookup - Mobile,,
373ca4c6-bb88-402c-a1c4-78eeb55b7427,Michael Jones,Bibb County SO GA,2,"05/01/2026, 11:46:39 PM UTC
05/02/2026, 05:46:39 AM UTC",***Redacted***,Assault/Battery Offenses - Agg assault,,***Redacted***,"05/02/2026, 05:46:41 AM UTC",search - Mobile,,
4b2b4bef-5b45-4c29-876f-aa9b9a0c6fb0,Adam Grant,Bibb County SO GA,1361,"04/25/2026, 05:47:43 AM UTC
05/02/2026, 05:47:43 AM UTC",***Redacted***,Motor Vehicle Theft/Stolen - 2026-1296,,***Redacted***,"05/02/2026, 05:47:43 AM UTC",lookup - Mobile,,
a0a629eb-a2e8-480f-937b-ba7a43f80188,Michael Jones,Bibb County SO GA,2,"05/01/2026, 11:50:29 PM UTC
05/02/2026, 05:50:29 AM UTC",***Redacted***,Assault/Battery Offenses - Agg assault,,***Redacted***,"05/02/2026, 05:50:31 AM UTC",search - Mobile,,
94de112b-4b4c-400c-b83d-a0f6bfc743de,Adam Grant,Bibb County SO GA,1361,"04/25/2026, 05:52:41 AM UTC
05/02/2026, 05:52:41 AM UTC",***Redacted***,Motor Vehicle Theft/Stolen - 2026-1296,,***Redacted***,"05/02/2026, 05:52:43 AM UTC",lookup - Mobile,,
0962a592-6c80-4fb2-b725-6d0140964d31,Michael Jones,Bibb County SO GA,2,"05/01/2026, 11:53:57 PM UTC
05/02/2026, 05:53:57 AM UTC",***Redacted***,Assault/Battery Offenses - Agg assault,,***Redacted***,"05/02/2026, 05:53:58 AM UTC",search - Mobile,,
6f430e82-50da-4aec-80e6-81ec1d8b3c95,Shane Benton,Bibb County SO GA,11,"05/01/2026, 12:30:10 PM UTC
05/01/2026, 02:30:10 PM UTC",***Redacted***,Motor Vehicle Theft/Stolen - 26-37513,,***Redacted***,"05/01/2026, 02:04:16 PM UTC",lookup,,
641d3e65-7c20-43d6-b01d-451dc709749d,Shane Benton,Bibb County SO GA,11,"04/30/2026, 02:30:37 PM UTC
05/01/2026, 02:30:37 PM UTC",***Redacted***,Motor Vehicle Theft/Stolen - 26-37513,,***Redacted***,"05/01/2026, 02:04:39 PM UTC",lookup,,
13510e42-e562-45ec-824e-5691a4f5938e,Justin Edwards,Bibb County SO GA,3,"04/30/2026, 02:05:11 PM UTC
05/01/2026, 02:05:11 PM UTC",***Redacted***,Wanted Person (Arrest Warrant/Fugitive) - 2024-67104,,***Redacted***,"05/01/2026, 02:05:13 PM UTC",lookup - Mobile,,
3d99e507-8397-44ac-b2e0-bb6088184133,Justin Edwards,Bibb County SO GA,3,"04/30/2026, 02:05:28 PM UTC
05/01/2026, 02:05:28 PM UTC",***Redacted***,Wanted Person (Arrest Warrant/Fugitive) - 2024-67104,,***Redacted***,"05/01/2026, 02:05:29 PM UTC",lookup - Mobile,,
5ccdb280-b8ea-423e-887e-21b999991df2,Justin Edwards,Bibb County SO GA,3,"04/30/2026, 02:05:31 PM UTC
05/01/2026, 02:05:31 PM UTC",***Redacted***,Wanted Person (Arrest Warrant/Fugitive) - 2024-67104,,***Redacted***,"05/01/2026, 02:05:32 PM UTC",lookup - Mobile,,
2bbea294-6465-4c76-b9f9-e0902fdede9d,Enrique Hogan,Bibb County SO GA,733,"04/24/2026, 02:05:45 PM UTC
05/01/2026, 02:05:45 PM UTC",***Redacted***,Wanted Person (Arrest Warrant/Fugitive) - 2026-32227,,***Redacted***,"05/01/2026, 02:05:48 PM UTC",lookup - Mobile,,
d28b71fd-bde0-4565-9cf1-15a38fc88dc7,Alexis Robinson,Bibb County SO GA,1,"05/01/2026, 05:00:00 AM UTC
05/01/2026, 08:00:00 AM UTC",***Redacted***,"Motor Vehicle Theft/Stolen, Robbery - 2026-00037510",,***Redacted***,"05/01/2026, 02:07:41 PM UTC",search,,
ce61acb4-d88b-4b3d-980a-ac61d54bfa30,Justin Edwards,Bibb County SO GA,3,"04/30/2026, 02:08:10 PM UTC
05/01/2026, 02:08:10 PM UTC",***Redacted***,Wanted Person (Arrest Warrant/Fugitive) - 2024-67104,,***Redacted***,"05/01/2026, 02:08:11 PM UTC",lookup - Mobile,,
947cd73c-a64e-444b-bac8-c51d996bd78e,Justin Edwards,Bibb County SO GA,3,"04/30/2026, 02:08:13 PM UTC
05/01/2026, 02:08:13 PM UTC",***Redacted***,Wanted Person (Arrest Warrant/Fugitive) - 2024-67104,,***Redacted***,"05/01/2026, 02:08:13 PM UTC",lookup - Mobile,,
875ea516-5835-4875-a844-95fc9d85cedd,Justin Edwards,Bibb County SO GA,3,"04/24/2026, 02:08:31 PM UTC
05/01/2026, 02:08:31 PM UTC",***Redacted***,Wanted Person (Arrest Warrant/Fugitive) - 2024-67104,,***Redacted***,"05/01/2026, 02:08:33 PM UTC",lookup - Mobile,,
078c7c9d-8af4-4e7a-8d08-ed91b4311532,Alexis Robinson,Bibb County SO GA,3,"04/30/2026, 02:30:43 PM UTC
05/01/2026, 02:30:43 PM UTC",***Redacted***,"Motor Vehicle Theft/Stolen, Robbery - 2026-00037510",,***Redacted***,"05/01/2026, 02:09:51 PM UTC",search,,
ffd6cb57-aa4a-4133-b57c-13a6b472dbf2,Alexis Robinson,Bibb County SO GA,3,"04/30/2026, 02:30:43 PM UTC
05/01/2026, 02:30:43 PM UTC",***Redacted***,"Motor Vehicle Theft/Stolen, Robbery - 2026-00037510",,***Redacted***,"05/01/2026, 02:12:17 PM UTC",search,,
77890a1a-4ffc-4455-bc35-cbc9e6e2eff5,Alexis Robinson,Bibb County SO GA,3,"04/30/2026, 02:30:43 PM UTC
05/01/2026, 02:30:43 PM UTC",***Redacted***,"Motor Vehicle Theft/Stolen, Robbery - 2026-00037510",,***Redacted***,"05/01/2026, 02:12:35 PM UTC",search,,
4a8f8b0c-9263-409e-8889-9303b7bebcb3,Alexis Robinson,Bibb County SO GA,1428,"04/30/2026, 02:30:43 PM UTC
05/01/2026, 02:30:43 PM UTC",***Redacted***,"Motor Vehicle Theft/Stolen, Robbery - 2026-00037510",,***Redacted***,"05/01/2026, 02:14:07 PM UTC",search,,
f698f909-1ec2-49b4-90da-99f919efb8c4,Justin Edwards,Bibb County SO GA,3,"04/24/2026, 02:14:37 PM UTC
05/01/2026, 02:14:37 PM UTC",***Redacted***,Wanted Person (Arrest Warrant/Fugitive) - 2024-67104,,***Redacted***,"05/01/2026, 02:14:38 PM UTC",lookup - Mobile,,
fd98d72e-c5a5-4082-8478-4e729c786527,Emily Mattox,Bibb County SO GA,11,"04/29/2026, 02:30:09 PM UTC
05/01/2026, 02:30:09 PM UTC",***Redacted***,Stolen Property Offenses - stolen,,***Redacted***,"05/01/2026, 02:17:17 PM UTC",lookup,,
5704d1f8-13b1-4f10-9dab-59088c2f50a3,Shane Benton,Bibb County SO GA,11,"05/01/2026, 12:30:57 PM UTC
05/01/2026, 02:30:57 PM UTC",***Redacted***,Motor Vehicle Theft/Stolen - 26-37513,,***Redacted***,"05/01/2026, 02:22:02 PM UTC",lookup,,
2532baf2-6df2-43ee-aff4-e739c2f5a34d,Alexis Robinson,Bibb County SO GA,3,"04/30/2026, 02:30:43 PM UTC
05/01/2026, 02:30:43 PM UTC",***Redacted***,"Motor Vehicle Theft/Stolen, Robbery - 2026-00037510",,***Redacted***,"05/01/2026, 02:22:54 PM UTC",lookup,,
73ec437e-c74e-47cc-86ce-87ad41d0ed29,Alexis Robinson,Bibb County SO GA,3,"04/30/2026, 02:30:43 PM UTC
05/01/2026, 02:30:43 PM UTC",***Redacted***,"Motor Vehicle Theft/Stolen, Robbery - 2026-00037510",,***Redacted***,"05/01/2026, 02:23:15 PM UTC",lookup,,
1f859ef6-3a48-418b-a0b7-c01ae6437a0d,Adam Grant,Bibb County SO GA,1360,"05/01/2026, 08:34:49 AM UTC
05/01/2026, 02:34:49 PM UTC",***Redacted***,Motor Vehicle Theft/Stolen - 2026-1296,,***Redacted***,"05/01/2026, 02:34:58 PM UTC",lookup - Mobile,,
b15bb6ca-9e0f-47ae-a277-70d4c8b2f2c1,Seth Vonderhuevel,Bibb County SO GA,3,"05/01/2026, 05:00:33 PM UTC
05/02/2026, 05:00:33 PM UTC",***Redacted***,Wanted Person (Arrest Warrant/Fugitive) - wanted subject,,***Redacted***,"05/02/2026, 04:49:38 PM UTC",lookup,,
3ceec3d0-7cd0-4382-826c-26d83b565823,Steve Gatlin,Bibb County SO GA,778,"05/01/2026, 06:00:06 AM UTC
05/02/2026, 06:00:06 AM UTC",***Redacted***,Motor Vehicle Theft/Stolen - stolen,,***Redacted***,"05/02/2026, 04:56:14 PM UTC",lookup,,
aeda2c5c-ce14-4301-a674-2765247b12a5,Seth Vonderhuevel,Bibb County SO GA,1428,"05/01/2026, 05:00:33 PM UTC
05/02/2026, 05:00:33 PM UTC",***Redacted***,Wanted Person (Arrest Warrant/Fugitive) - wanted subject,,***Redacted***,"05/02/2026, 05:25:57 PM UTC",lookup,,
2a896150-1616-4cdb-8496-ca2e0050da3e,Adam Grant,Bibb County SO GA,1361,"05/01/2026, 09:07:17 PM UTC
05/02/2026, 09:07:17 PM UTC",***Redacted***,Motor Vehicle Theft/Stolen - 2026-1296,,***Redacted***,"05/02/2026, 09:07:17 PM UTC",lookup - Mobile,,
7cdeb017-b140-4362-8094-d9e093ef301c,Adam Grant,Bibb County SO GA,1361,"04/25/2026, 09:07:26 PM UTC
05/02/2026, 09:07:26 PM UTC",***Redacted***,Motor Vehicle Theft/Stolen - 2026-1296,,***Redacted***,"05/02/2026, 09:07:27 PM UTC",lookup - Mobile,,
d00a9713-2e65-4ff5-aec1-8ec2a652b3ee,Adam Grant,Bibb County SO GA,1428,"05/01/2026, 05:45:00 AM UTC
05/01/2026, 06:14:59 AM UTC",***Redacted***,Motor Vehicle Theft/Stolen - 2026-1296,,***Redacted***,"05/02/2026, 09:31:40 PM UTC",lookup - Mobile,,
8c7d0a2b-7600-4d6e-bdb0-7bab4a95b539,Adam Grant,Bibb County SO GA,1428,"05/01/2026, 05:45:00 AM UTC
05/01/2026, 06:14:59 AM UTC",***Redacted***,Motor Vehicle Theft/Stolen - 2026-1296,,***Redacted***,"05/02/2026, 09:32:29 PM UTC",lookup - Mobile,,
b78bd963-8f5c-46a2-8708-2e8c470faffb,Adam Grant,Bibb County SO GA,1428,"05/01/2026, 05:00:00 AM UTC
05/01/2026, 06:14:59 AM UTC",***Redacted***,Motor Vehicle Theft/Stolen - 2026-1296,,***Redacted***,"05/02/2026, 09:32:45 PM UTC",lookup - Mobile,,
69631056-9141-4850-8f09-004887e49ba3,Adam Grant,Bibb County SO GA,1428,"05/01/2026, 05:40:00 AM UTC
05/01/2026, 06:14:59 AM UTC",***Redacted***,Motor Vehicle Theft/Stolen - 2026-1296,,***Redacted***,"05/02/2026, 09:33:05 PM UTC",search - Mobile,,
6fc4e103-e138-4add-9987-4f8494640988,Adam Grant,Bibb County SO GA,1428,"05/01/2026, 05:00:00 AM UTC
05/01/2026, 06:14:59 AM UTC",***Redacted***,Motor Vehicle Theft/Stolen - 2026-1296,,***Redacted***,"05/02/2026, 09:33:36 PM UTC",search - Mobile,,
6390a71a-4390-447e-bb27-ce52f77f8193,Adam Grant,Bibb County SO GA,1428,"05/01/2026, 04:00:00 AM UTC
05/01/2026, 06:14:59 AM UTC",***Redacted***,Motor Vehicle Theft/Stolen - 2026-1296,,***Redacted***,"05/02/2026, 09:36:38 PM UTC",search - Mobile,,
08798bd8-efd7-4231-8f5d-a74ac4794586,Seth Vonderhuevel,Bibb County SO GA,1428,"05/01/2026, 07:30:56 PM UTC
05/02/2026, 07:30:56 PM UTC",***Redacted***,Motor Vehicle Theft/Stolen - wanted subject,,***Redacted***,"05/02/2026, 07:02:59 PM UTC",lookup,,
2d9584da-564d-4c9a-a754-64b1cec730e7,George Witherspoon,Bibb County SO GA,1428,"05/01/2026, 07:36:26 PM UTC
05/02/2026, 07:36:26 PM UTC",***Redacted***,Hit and Run/Car Accident - Suspect,,***Redacted***,"05/02/2026, 07:36:29 PM UTC",search - Mobile,,
7e9d3abf-bff6-4ac9-b470-33f58f1007b3,Justin Edwards,Bibb County SO GA,3,"04/24/2026, 07:06:41 PM UTC
05/01/2026, 07:06:41 PM UTC",***Redacted***,Wanted Person (Arrest Warrant/Fugitive) - 2024-67104,,***Redacted***,"05/01/2026, 07:06:43 PM UTC",lookup - Mobile,,
4c30aac5-12e3-47e8-8901-18e21f0808e4,Alexis Robinson,Bibb County SO GA,1428,"04/30/2026, 07:30:48 PM UTC
05/01/2026, 07:30:48 PM UTC",***Redacted***,Robbery - 2026-00037599,,***Redacted***,"05/01/2026, 07:21:21 PM UTC",lookup,,
82183a2a-487b-4a8c-a592-cd232f6e2d50,Charlee Gibson,Bibb County SO GA,1428,"05/01/2026, 05:30:29 PM UTC
05/01/2026, 07:30:29 PM UTC",***Redacted***,Robbery - 2026-37599,,***Redacted***,"05/01/2026, 07:22:54 PM UTC",lookup,,
4c1905b9-c659-4203-9cdd-50005e19eb4f,Charlee Gibson,Bibb County SO GA,1428,"05/01/2026, 05:30:29 PM UTC
05/01/2026, 07:30:29 PM UTC",***Redacted***,Robbery - 2026-37599,,***Redacted***,"05/01/2026, 07:23:48 PM UTC",lookup,,
b81a28cc-b78c-43a7-9bb5-dcea23b4fac3,Adam Grant,Bibb County SO GA,1361,"05/01/2026, 01:24:18 PM UTC
05/01/2026, 07:24:18 PM UTC",***Redacted***,Motor Vehicle Theft/Stolen - 2026-1296,,***Redacted***,"05/01/2026, 07:24:20 PM UTC",lookup - Mobile,,
d79f5f12-b45b-4c70-9017-95c01b8ade5e,Fred Gray,Bibb County SO GA,2,"04/30/2026, 01:00:24 PM UTC
05/01/2026, 01:00:24 PM UTC",***Redacted***,Motor Vehicle Theft/Stolen - Stolen vehicle,,***Redacted***,"05/01/2026, 07:24:26 PM UTC",lookup,,
1a6f6137-ffaa-4bbb-9e55-8fbbed484ef6,Fred Gray,Bibb County SO GA,2,"04/30/2026, 07:30:30 PM UTC
05/01/2026, 07:30:30 PM UTC",***Redacted***,Motor Vehicle Theft/Stolen - Stolen vehicle,,***Redacted***,"05/01/2026, 07:24:32 PM UTC",lookup,,
d7857162-07c0-4bde-9391-81f327e51de9,Fred Gray,Bibb County SO GA,2,"04/30/2026, 07:30:30 PM UTC
05/01/2026, 07:30:30 PM UTC",***Redacted***,Motor Vehicle Theft/Stolen - Stolen vehicle,,***Redacted***,"05/01/2026, 07:26:24 PM UTC",lookup,,
b15c75cd-5f4c-4fde-acd8-bfbb6d6beaf7,Seth Vonderhuevel,Bibb County SO GA,3,"04/30/2026, 07:27:36 PM UTC
05/01/2026, 07:27:36 PM UTC",***Redacted***,Robbery - Robbery at mall,,***Redacted***,"05/01/2026, 07:27:38 PM UTC",lookup - Mobile,,
9eb1b532-2d85-45f8-804d-17d8d702f655,Seth Vonderhuevel,Bibb County SO GA,1361,"04/30/2026, 07:28:00 PM UTC
05/01/2026, 07:28:00 PM UTC",***Redacted***,Robbery - Robbery at mall,,***Redacted***,"05/01/2026, 07:28:02 PM UTC",lookup - Mobile,,
cc7be502-d554-4cd8-8238-08306e9a557d,Seth Vonderhuevel,Bibb County SO GA,1361,"04/30/2026, 07:30:50 PM UTC
05/01/2026, 07:30:50 PM UTC",***Redacted***,Robbery - Robbery at mall,,***Redacted***,"05/01/2026, 07:30:53 PM UTC",lookup - Mobile,,
1bb23ef9-41c2-4869-8b31-a7721f10cfad,Adam Grant,Bibb County SO GA,1361,"05/01/2026, 01:33:13 PM UTC
05/01/2026, 07:33:13 PM UTC",***Redacted***,Motor Vehicle Theft/Stolen - 2026-1296,,***Redacted***,"05/01/2026, 07:33:14 PM UTC",lookup - Mobile,,
c4a49562-3d34-4fde-9f79-428489327fbd,Fred Gray,Bibb County SO GA,2,"04/30/2026, 07:30:30 PM UTC
05/01/2026, 07:30:30 PM UTC",***Redacted***,Motor Vehicle Theft/Stolen - Stolen vehicle,,***Redacted***,"05/01/2026, 07:34:35 PM UTC",lookup,,
80414634-d9da-4696-9064-272088a0b1ad,Charlee Gibson,Bibb County SO GA,1428,"05/01/2026, 05:30:29 PM UTC
05/01/2026, 07:30:29 PM UTC",***Redacted***,Robbery - 2026-37599,,***Redacted***,"05/01/2026, 07:38:30 PM UTC",lookup,,
9fe68dfb-5621-4d43-95b3-a2ee26164074,Charlee Gibson,Bibb County SO GA,1428,"05/01/2026, 05:30:00 PM UTC
05/01/2026, 08:00:00 PM UTC",***Redacted***,Robbery - 2026-37599,,***Redacted***,"05/01/2026, 07:38:47 PM UTC",lookup,,
cf02cdcb-1723-45bc-bf73-df9c374d89a6,Charlee Gibson,Bibb County SO GA,1428,"05/01/2026, 05:30:00 PM UTC
05/01/2026, 08:00:00 PM UTC",***Redacted***,Robbery - 2026-37599,,***Redacted***,"05/01/2026, 07:48:06 PM UTC",lookup,,
61e6f4d3-9f7a-48c0-8992-69c50c6b1619,Courtney Wilder,Bibb County SO GA,2,"04/01/2026, 04:30:15 PM UTC
05/01/2026, 04:30:15 PM UTC",***Redacted***,Motor Vehicle Theft/Stolen - CFS # 844,,***Redacted***,"05/01/2026, 07:55:57 PM UTC",lookup,,
61143c05-419c-4862-9628-3b65a68ed9e9,Courtney Wilder,Bibb County SO GA,2,"04/01/2026, 04:30:15 PM UTC
05/01/2026, 04:30:15 PM UTC",***Redacted***,Motor Vehicle Theft/Stolen - CFS # 844,,***Redacted***,"05/01/2026, 07:56:14 PM UTC",lookup,,
79907325-07bc-4245-ae7e-3af8f0605eed,Courtney Wilder,Bibb County SO GA,2,"04/01/2026, 04:30:15 PM UTC
05/01/2026, 04:30:15 PM UTC",***Redacted***,Motor Vehicle Theft/Stolen - CFS # 844,,***Redacted***,"05/01/2026, 07:56:48 PM UTC",lookup,,
3242fce9-4391-4284-a1c6-465fe019f829,Courtney Wilder,Bibb County SO GA,2,"04/01/2026, 04:30:15 PM UTC
05/01/2026, 04:30:15 PM UTC",***Redacted***,Motor Vehicle Theft/Stolen - CFS # 844,,***Redacted***,"05/01/2026, 07:57:34 PM UTC",lookup,,
65777cf8-a59d-49b3-ba97-c998f19623aa,Adam Grant,Bibb County SO GA,1361,"05/01/2026, 03:05:41 PM UTC
05/01/2026, 09:05:41 PM UTC",***Redacted***,Motor Vehicle Theft/Stolen - 2026-1296,,***Redacted***,"05/01/2026, 09:05:44 PM UTC",lookup - Mobile,,
53361bda-eeb4-497d-890f-29ab777232db,Min Ha,Bibb County SO GA,11,"05/01/2026, 07:30:00 PM UTC
05/01/2026, 08:45:00 PM UTC",***Redacted***,Weapons Offense (Guns/Shots Fired) - 2026-37621,,***Redacted***,"05/01/2026, 09:05:51 PM UTC",search,,
3a484d12-6849-4700-ae2b-e3cdca65d532,Courtney Wilder,Bibb County SO GA,2,"04/01/2026, 04:30:15 PM UTC
05/01/2026, 04:30:15 PM UTC",***Redacted***,Motor Vehicle Theft/Stolen - CFS # 844,,***Redacted***,"05/01/2026, 09:20:58 PM UTC",lookup,,
02923414-aa91-4170-8546-eaf4d60ebaaa,Adam Grant,Bibb County SO GA,1361,"05/01/2026, 03:27:00 PM UTC
05/01/2026, 09:27:00 PM UTC",***Redacted***,Motor Vehicle Theft/Stolen - 2026-1296,,***Redacted***,"05/01/2026, 09:27:03 PM UTC",lookup - Mobile,,
c95842f4-5b55-4ebb-90b6-1ac3bb36a99c,Emily Mattox,Bibb County SO GA,11,"05/01/2026, 05:00:00 AM UTC
05/01/2026, 09:00:00 AM UTC",***Redacted***,Stolen Property Offenses - stolen,,***Redacted***,"05/01/2026, 01:40:41 PM UTC",search,,
320ffed1-fbf9-4d68-a065-20e43f1787eb,Adam Grant,Bibb County SO GA,1428,"05/01/2026, 01:30:00 PM UTC
05/01/2026, 01:39:59 PM UTC",***Redacted***,Motor Vehicle Theft/Stolen - 2026-1296,,***Redacted***,"05/01/2026, 01:41:16 PM UTC",search - Mobile,,
5755ac9e-c91c-4786-ac99-07d86c9623d5,Emily Mattox,Bibb County SO GA,11,"05/01/2026, 05:00:00 AM UTC
05/01/2026, 09:00:00 AM UTC",***Redacted***,Stolen Property Offenses - stolen,,***Redacted***,"05/01/2026, 01:42:00 PM UTC",search,,
9221a4a7-f371-413c-b3d5-b10e5fa27896,Adam Grant,Bibb County SO GA,1428,"05/01/2026, 01:30:00 PM UTC
05/01/2026, 01:39:59 PM UTC",***Redacted***,Motor Vehicle Theft/Stolen - 2026-1296,,***Redacted***,"05/01/2026, 01:42:46 PM UTC",search - Mobile,,
2b58a556-0610-4c17-9822-9005cf911c71,Alexis Robinson,Bibb County SO GA,1,"05/01/2026, 05:00:00 AM UTC
05/01/2026, 08:00:00 AM UTC",***Redacted***,"Motor Vehicle Theft/Stolen, Robbery - 2026-00037510",,***Redacted***,"05/01/2026, 01:42:57 PM UTC",search,,
8b78211a-dcde-4662-8652-2a0dcfc9d177,Emily Mattox,Bibb County SO GA,11,"04/30/2026, 02:00:06 PM UTC
05/01/2026, 02:00:06 PM UTC",***Redacted***,Stolen Property Offenses - stolen,,***Redacted***,"05/01/2026, 01:43:07 PM UTC",search,,
fde6af01-c4a7-46e4-895a-bd83c364994b,Alexis Robinson,Bibb County SO GA,1,"05/01/2026, 06:00:00 AM UTC
05/01/2026, 06:10:00 AM UTC",***Redacted***,"Motor Vehicle Theft/Stolen, Robbery - 2026-00037510",,***Redacted***,"05/01/2026, 01:44:08 PM UTC",search,,
696f4fda-c373-4ac6-b8ea-f8fd33e7310a,Justin Edwards,Bibb County SO GA,3,"04/30/2026, 01:46:56 PM UTC
05/01/2026, 01:46:56 PM UTC",***Redacted***,Wanted Person (Arrest Warrant/Fugitive) - 2024-67104,,***Redacted***,"05/01/2026, 01:46:57 PM UTC",lookup - Mobile,,
e88b8f55-bcbd-4b13-9d17-6e6a98debcb5,Justin Edwards,Bibb County SO GA,3,"04/24/2026, 01:46:58 PM UTC
05/01/2026, 01:46:58 PM UTC",***Redacted***,Wanted Person (Arrest Warrant/Fugitive) - 2024-67104,,***Redacted***,"05/01/2026, 01:46:59 PM UTC",lookup - Mobile,,
524a095a-3221-46c9-b9e0-399c663f288f,Justin Edwards,Bibb County SO GA,3,"04/01/2026, 01:47:00 PM UTC
05/01/2026, 01:47:00 PM UTC",***Redacted***,Wanted Person (Arrest Warrant/Fugitive) - 2024-67104,,***Redacted***,"05/01/2026, 01:47:01 PM UTC",lookup - Mobile,,
7efc410a-8fb9-4d09-b884-87201aac5137,Justin Edwards,Bibb County SO GA,3,"04/30/2026, 01:47:17 PM UTC
05/01/2026, 01:47:17 PM UTC",***Redacted***,Wanted Person (Arrest Warrant/Fugitive) - 2024-67104,,***Redacted***,"05/01/2026, 01:47:18 PM UTC",lookup - Mobile,,
50625e59-ef8c-4d3d-b3b5-4bcf787e758a,Alexis Robinson,Bibb County SO GA,3,"05/01/2026, 05:00:00 AM UTC
05/01/2026, 08:00:00 AM UTC",***Redacted***,"Motor Vehicle Theft/Stolen, Robbery - 2026-00037510",,***Redacted***,"05/01/2026, 01:49:28 PM UTC",search,,
04c0e5e4-83d8-4221-831e-12d2efa46801,Justin Edwards,Bibb County SO GA,3,"04/30/2026, 01:50:22 PM UTC
05/01/2026, 01:50:22 PM UTC",***Redacted***,Wanted Person (Arrest Warrant/Fugitive) - 2024-67104,,***Redacted***,"05/01/2026, 01:50:23 PM UTC",lookup - Mobile,,
0ff30152-7487-49f8-ac28-11d39e224a7a,Emily Mattox,Bibb County SO GA,11,"04/29/2026, 02:00:18 PM UTC
05/01/2026, 02:00:18 PM UTC",***Redacted***,Stolen Property Offenses - stolen,,***Redacted***,"05/01/2026, 01:50:25 PM UTC",lookup,,
e0dde949-5e0d-49df-9cf5-30853fd3c72c,Justin Edwards,Bibb County SO GA,3,"04/30/2026, 01:51:44 PM UTC
05/01/2026, 01:51:44 PM UTC",***Redacted***,Wanted Person (Arrest Warrant/Fugitive) - 2024-67104,,***Redacted***,"05/01/2026, 01:51:46 PM UTC",lookup - Mobile,,
8dab443c-a9e2-49a7-9b92-5596a470d7e5,Justin Edwards,Bibb County SO GA,3,"04/30/2026, 01:52:23 PM UTC
05/01/2026, 01:52:23 PM UTC",***Redacted***,Wanted Person (Arrest Warrant/Fugitive) - 2024-67104,,***Redacted***,"05/01/2026, 01:52:24 PM UTC",lookup - Mobile,,
df1d984f-4909-4eb3-9050-7143e5c6c3a7,Justin Edwards,Bibb County SO GA,3,"04/30/2026, 01:55:10 PM UTC
05/01/2026, 01:55:10 PM UTC",***Redacted***,Wanted Person (Arrest Warrant/Fugitive) - 2024-67104,,***Redacted***,"05/01/2026, 01:55:11 PM UTC",lookup - Mobile,,
86d8db67-6680-4c62-860a-981d9b67505c,Justin Edwards,Bibb County SO GA,3,"04/30/2026, 01:55:16 PM UTC
05/01/2026, 01:55:16 PM UTC",***Redacted***,Wanted Person (Arrest Warrant/Fugitive) - 2024-67104,,***Redacted***,"05/01/2026, 01:55:16 PM UTC",lookup - Mobile,,
1e140040-0c74-4886-8552-89e3fa1d1211,Adam Grant,Bibb County SO GA,1360,"05/01/2026, 07:55:18 AM UTC
05/01/2026, 01:55:18 PM UTC",***Redacted***,Motor Vehicle Theft/Stolen - 2026-1296,,***Redacted***,"05/01/2026, 01:55:19 PM UTC",lookup - Mobile,,
544284d1-0cd3-4575-ad8e-47ee2352572b,Adam Grant,Bibb County SO GA,1361,"04/24/2026, 11:56:55 PM UTC
05/01/2026, 11:56:55 PM UTC",***Redacted***,Motor Vehicle Theft/Stolen - 2026-1296,,***Redacted***,"05/01/2026, 11:56:56 PM UTC",lookup - Mobile,,
b7cb1ba3-ded0-440b-bb26-a56aa714bbe5,Adam Grant,Bibb County SO GA,1361,"04/25/2026, 12:02:59 AM UTC
05/02/2026, 12:02:59 AM UTC",***Redacted***,Motor Vehicle Theft/Stolen - 2026-1296,,***Redacted***,"05/02/2026, 12:03:00 AM UTC",lookup - Mobile,,
a10a3d52-20a6-4e73-886b-dbb92128426b,Adam Grant,Bibb County SO GA,1361,"05/01/2026, 06:03:09 PM UTC
05/02/2026, 12:03:09 AM UTC",***Redacted***,Motor Vehicle Theft/Stolen - 2026-1296,,***Redacted***,"05/02/2026, 12:03:11 AM UTC",lookup - Mobile,,
f17dbae6-fbb8-448a-bd28-2a3e7343e09c,Adam Grant,Bibb County SO GA,1361,"05/01/2026, 06:08:19 PM UTC
05/02/2026, 12:08:19 AM UTC",***Redacted***,Motor Vehicle Theft/Stolen - 2026-1296,,***Redacted***,"05/02/2026, 12:08:20 AM UTC",lookup - Mobile,,
039aaa51-ee75-499e-863b-20956b294a64,Adam Grant,Bibb County SO GA,1361,"05/01/2026, 06:08:23 PM UTC
05/02/2026, 12:08:23 AM UTC",***Redacted***,Motor Vehicle Theft/Stolen - 2026-1296,,***Redacted***,"05/02/2026, 12:08:24 AM UTC",lookup - Mobile,,
a6491fc4-4105-43fb-806c-160ed1d855b2,Adam Grant,Bibb County SO GA,1361,"04/25/2026, 12:08:30 AM UTC
05/02/2026, 12:08:30 AM UTC",***Redacted***,Motor Vehicle Theft/Stolen - 2026-1296,,***Redacted***,"05/02/2026, 12:08:31 AM UTC",lookup - Mobile,,
aa855375-342d-4380-9d30-be07b7a460eb,Adam Grant,Bibb County SO GA,1361,"04/25/2026, 12:22:20 AM UTC
05/02/2026, 12:22:20 AM UTC",***Redacted***,Motor Vehicle Theft/Stolen - 2026-1296,,***Redacted***,"05/02/2026, 12:22:21 AM UTC",lookup - Mobile,,
30ac49e8-34db-422a-a862-b41fb259d088,Adam Grant,Bibb County SO GA,1361,"05/01/2026, 06:22:28 PM UTC
05/02/2026, 12:22:28 AM UTC",***Redacted***,Motor Vehicle Theft/Stolen - 2026-1296,,***Redacted***,"05/02/2026, 12:22:29 AM UTC",lookup - Mobile,,
d3478862-45da-4217-a755-e57a1b31f037,Adam Grant,Bibb County SO GA,1361,"05/01/2026, 06:33:31 PM UTC
05/02/2026, 12:33:31 AM UTC",***Redacted***,Motor Vehicle Theft/Stolen - 2026-1296,,***Redacted***,"05/02/2026, 12:33:34 AM UTC",lookup - Mobile,,
c6ec3fa9-92a9-4c97-a5af-455989e7aca2,Adam Grant,Bibb County SO GA,1361,"04/25/2026, 12:33:45 AM UTC
05/02/2026, 12:33:45 AM UTC",***Redacted***,Motor Vehicle Theft/Stolen - 2026-1296,,***Redacted***,"05/02/2026, 12:33:45 AM UTC",lookup - Mobile,,
f7c5c2e4-1f12-460e-9aaf-808c63007c86,Adam Grant,Bibb County SO GA,1361,"04/25/2026, 12:37:02 AM UTC
05/02/2026, 12:37:02 AM UTC",***Redacted***,Motor Vehicle Theft/Stolen - 2026-1296,,***Redacted***,"05/02/2026, 12:37:04 AM UTC",lookup - Mobile,,
d2c73a71-479f-4ce0-91ca-8d2811500c43,Adam Grant,Bibb County SO GA,1361,"05/01/2026, 06:37:10 PM UTC
05/02/2026, 12:37:10 AM UTC",***Redacted***,Motor Vehicle Theft/Stolen - 2026-1296,,***Redacted***,"05/02/2026, 12:37:11 AM UTC",lookup - Mobile,,
941b98cd-7149-429a-a7a7-7ffcb0f3fc2a,Emily Mattox,Bibb County SO GA,11,"04/29/2026, 02:30:09 PM UTC
05/01/2026, 02:30:09 PM UTC",***Redacted***,Stolen Property Offenses - stolen,,***Redacted***,"05/01/2026, 03:44:33 PM UTC",lookup,,
b903e2c2-2d89-4166-b666-ee72d0446665,Ansley Smith,Bibb County SO GA,11,"04/01/2026, 04:00:03 PM UTC
05/01/2026, 04:00:03 PM UTC",***Redacted***,Homicide/Death Investigation - 2026-212,,***Redacted***,"05/01/2026, 03:45:08 PM UTC",lookup,,
34487b93-59b5-4002-ba0b-3b387031e845,Justin Edwards,Bibb County SO GA,3,"04/24/2026, 03:47:23 PM UTC
05/01/2026, 03:47:23 PM UTC",***Redacted***,Wanted Person (Arrest Warrant/Fugitive) - 2024-67104,,***Redacted***,"05/01/2026, 03:47:24 PM UTC",lookup - Mobile,,
a45c7b37-e3f6-4710-8ad2-e69a2daf9905,Shane Benton,Bibb County SO GA,11,"05/01/2026, 02:00:42 PM UTC
05/01/2026, 04:00:42 PM UTC",***Redacted***,Motor Vehicle Theft/Stolen - 26-37513,,***Redacted***,"05/01/2026, 03:50:45 PM UTC",lookup,,
87d9c1cf-9f5f-4aaa-95a1-21a282bda88e,Shane Benton,Bibb County SO GA,11,"05/01/2026, 02:00:42 PM UTC
05/01/2026, 04:00:42 PM UTC",***Redacted***,Motor Vehicle Theft/Stolen - 26-37513,,***Redacted***,"05/01/2026, 03:55:02 PM UTC",lookup,,
c96881af-a7a6-4ba8-b836-5f42eb7d9a60,Courtney Wilder,Bibb County SO GA,11,"05/01/2026, 02:30:18 PM UTC
05/01/2026, 04:30:18 PM UTC",***Redacted***,Illegal Dumping/Littering - CFS 668,,***Redacted***,"05/01/2026, 04:00:41 PM UTC",lookup,,
41bf287f-7018-4d97-87fc-7318c8e5b375,Courtney Wilder,Bibb County SO GA,11,"05/01/2026, 02:30:18 PM UTC
05/01/2026, 04:30:18 PM UTC",***Redacted***,Missing/Endangered Person/Runaway - CFS 670,,***Redacted***,"05/01/2026, 04:05:01 PM UTC",lookup,,
32597103-8e35-4e72-84df-688c65c41e33,Courtney Wilder,Bibb County SO GA,11,"04/01/2026, 04:30:03 PM UTC
05/01/2026, 04:30:03 PM UTC",***Redacted***,Missing/Endangered Person/Runaway - CFS 670,,***Redacted***,"05/01/2026, 04:05:05 PM UTC",lookup,,
6cba1155-18f9-451f-b0a2-5b4feeac7372,Courtney Wilder,Bibb County SO GA,774,"04/01/2026, 04:30:10 PM UTC
05/01/2026, 04:30:10 PM UTC",***Redacted***,Missing/Endangered Person/Runaway - CFS 670,,***Redacted***,"05/01/2026, 04:05:12 PM UTC",lookup,,
c5fa0bff-fa79-438e-8099-1798b980a3a8,Courtney Wilder,Bibb County SO GA,774,"04/01/2026, 04:30:15 PM UTC
05/01/2026, 04:30:15 PM UTC",***Redacted***,Missing/Endangered Person/Runaway - CFS 670,,***Redacted***,"05/01/2026, 04:05:16 PM UTC",lookup,,
a02b0e19-367a-4e9d-a063-2ffa3be7aeb6,Courtney Wilder,Bibb County SO GA,774,"04/01/2026, 04:30:15 PM UTC
05/01/2026, 04:30:15 PM UTC",***Redacted***,Missing/Endangered Person/Runaway - CFS 670,,***Redacted***,"05/01/2026, 04:05:35 PM UTC",lookup,,
cf7b8862-a19e-4593-acc1-a67717b53073,Shane Benton,Bibb County SO GA,11,"05/01/2026, 02:00:42 PM UTC
05/01/2026, 04:00:42 PM UTC",***Redacted***,Motor Vehicle Theft/Stolen - 26-37513,,***Redacted***,"05/01/2026, 04:09:51 PM UTC",lookup,,
626f2d0b-dcac-4988-b42d-390168c6b2a6,Justin Edwards,Bibb County SO GA,3,"04/24/2026, 04:10:44 PM UTC
05/01/2026, 04:10:44 PM UTC",***Redacted***,Wanted Person (Arrest Warrant/Fugitive) - 2024-67104,,***Redacted***,"05/01/2026, 04:10:46 PM UTC",lookup - Mobile,,
3300ceba-6648-4967-9d72-e0c6cb713fe4,Fred Gray,Bibb County SO GA,2,"04/30/2026, 01:00:24 PM UTC
05/01/2026, 01:00:24 PM UTC",***Redacted***,Motor Vehicle Theft/Stolen - Stolen vehicle,,***Redacted***,"05/01/2026, 04:24:34 PM UTC",lookup,,
49641ec8-cec8-4190-8943-1a91d15e577a,Justin Edwards,Bibb County SO GA,3,"04/24/2026, 04:49:35 PM UTC
05/01/2026, 04:49:35 PM UTC",***Redacted***,Wanted Person (Arrest Warrant/Fugitive) - 2024-67104,,***Redacted***,"05/01/2026, 04:49:37 PM UTC",lookup - Mobile,,
75adc79a-82cd-400b-9aad-a460ca519ac1,Justin Edwards,Bibb County SO GA,3,"04/24/2026, 04:50:08 PM UTC
05/01/2026, 04:50:08 PM UTC",***Redacted***,Wanted Person (Arrest Warrant/Fugitive) - 2024-67104,,***Redacted***,"05/01/2026, 04:50:09 PM UTC",lookup - Mobile,,
8015256c-46bb-47d2-81e2-d7fbf1305f2a,Justin Edwards,Bibb County SO GA,733,"04/24/2026, 04:50:34 PM UTC
05/01/2026, 04:50:34 PM UTC",***Redacted***,Wanted Person (Arrest Warrant/Fugitive) - 2024-67104,,***Redacted***,"05/01/2026, 04:50:37 PM UTC",lookup - Mobile,,
43ae71d7-7421-447d-a765-c4926308c971,Adam Grant,Bibb County SO GA,1361,"04/25/2026, 05:57:15 AM UTC
05/02/2026, 05:57:15 AM UTC",***Redacted***,Motor Vehicle Theft/Stolen - 2026-1296,,***Redacted***,"05/02/2026, 05:57:17 AM UTC",lookup - Mobile,,
a1cc9400-303e-42df-ab9a-fc4f9be7a26e,Michael Jones,Bibb County SO GA,2,"05/01/2026, 11:57:37 PM UTC
05/02/2026, 05:57:37 AM UTC",***Redacted***,Assault/Battery Offenses - Agg assault,,***Redacted***,"05/02/2026, 05:57:38 AM UTC",search - Mobile,,
bd5b6d4a-0e62-4d73-9e55-0416cef2e01a,Adam Grant,Bibb County SO GA,1361,"04/25/2026, 05:59:34 AM UTC
05/02/2026, 05:59:34 AM UTC",***Redacted***,Motor Vehicle Theft/Stolen - 2026-1296,,***Redacted***,"05/02/2026, 05:59:36 AM UTC",lookup - Mobile,,
6394ff6b-9393-465e-833d-19f74a88dc3e,Michael Jones,Bibb County SO GA,2,"05/02/2026, 12:01:29 AM UTC
05/02/2026, 06:01:29 AM UTC",***Redacted***,Assault/Battery Offenses - Agg assault,,***Redacted***,"05/02/2026, 06:01:31 AM UTC",search - Mobile,,
27dab061-f7f5-48f7-9b88-d9b59c0dc361,Michael Jones,Bibb County SO GA,2,"05/02/2026, 12:01:49 AM UTC
05/02/2026, 06:01:49 AM UTC",***Redacted***,Assault/Battery Offenses - Agg assault,,***Redacted***,"05/02/2026, 06:01:51 AM UTC",search - Mobile,,
df7c10a0-65e2-48f1-bc8e-aa7aca6b366e,Jeremy Holmes,Bibb County SO GA,22,"05/01/2026, 06:30:03 AM UTC
05/02/2026, 06:30:03 AM UTC",***Redacted***,Hit and Run/Car Accident - 2026-37709,,***Redacted***,"05/02/2026, 06:29:23 AM UTC",lookup,,
29268d52-3cf6-4f55-a0e4-b8c6d557d399,Emily Mattox,Bibb County SO GA,11,"04/29/2026, 02:30:09 PM UTC
05/01/2026, 02:30:09 PM UTC",***Redacted***,Stolen Property Offenses - stolen,,***Redacted***,"05/01/2026, 02:42:27 PM UTC",lookup,,
e2a3b6d4-a559-4b9b-9404-2be898720689,Charlee Gibson,Bibb County SO GA,1428,"05/01/2026, 01:00:46 PM UTC
05/01/2026, 03:00:46 PM UTC",***Redacted***,Motor Vehicle Theft/Stolen - 2026-37513,,***Redacted***,"05/01/2026, 02:44:17 PM UTC",lookup,,
228a328e-dff9-4d8e-a52b-340d7f59e5ab,Justin Edwards,Bibb County SO GA,3,"04/24/2026, 02:47:33 PM UTC
05/01/2026, 02:47:33 PM UTC",***Redacted***,Wanted Person (Arrest Warrant/Fugitive) - 2024-67104,,***Redacted***,"05/01/2026, 02:47:35 PM UTC",lookup - Mobile,,
3b5a0bb3-c2f5-42ff-80bc-8900cbda51a5,Alexis Robinson,Bibb County SO GA,3,"04/30/2026, 02:30:43 PM UTC
05/01/2026, 02:30:43 PM UTC",***Redacted***,"Motor Vehicle Theft/Stolen, Robbery - 2026-00037510",,***Redacted***,"05/01/2026, 02:55:45 PM UTC",lookup,,
862ee4cc-383a-4d23-ba11-818a1dc87497,Justin Edwards,Bibb County SO GA,3,"04/24/2026, 03:02:06 PM UTC
05/01/2026, 03:02:06 PM UTC",***Redacted***,Wanted Person (Arrest Warrant/Fugitive) - 2024-67104,,***Redacted***,"05/01/2026, 03:02:08 PM UTC",lookup - Mobile,,
cbb6942a-e919-41a1-9609-231d7cabd9fd,Adam Grant,Bibb County SO GA,1361,"05/01/2026, 09:02:28 AM UTC
05/01/2026, 03:02:28 PM UTC",***Redacted***,Motor Vehicle Theft/Stolen - 2026-1296,,***Redacted***,"05/01/2026, 03:02:30 PM UTC",lookup - Mobile,,
94a97807-db9b-45bb-8188-68e089022b92,Justin Edwards,Bibb County SO GA,733,"04/24/2026, 03:08:18 PM UTC
05/01/2026, 03:08:18 PM UTC",***Redacted***,Wanted Person (Arrest Warrant/Fugitive) - 2024-67104,,***Redacted***,"05/01/2026, 03:08:25 PM UTC",lookup - Mobile,,
e35b1429-9ef3-4a1a-ad69-18db3dc0fea0,Justin Edwards,Bibb County SO GA,733,"04/24/2026, 03:10:05 PM UTC
05/01/2026, 03:10:05 PM UTC",***Redacted***,Wanted Person (Arrest Warrant/Fugitive) - 2024-67104,,***Redacted***,"05/01/2026, 03:10:08 PM UTC",lookup - Mobile,,
fe78d022-61fa-4da6-b36c-a2e7988780c1,Shane Benton,Bibb County SO GA,11,"05/01/2026, 01:30:22 PM UTC
05/01/2026, 03:30:22 PM UTC",***Redacted***,Motor Vehicle Theft/Stolen - 26-37513,,***Redacted***,"05/01/2026, 03:12:29 PM UTC",lookup,,
7ebcf69b-b784-4188-804e-5fb726f826b8,Justin Edwards,Bibb County SO GA,733,"04/24/2026, 03:13:09 PM UTC
05/01/2026, 03:13:09 PM UTC",***Redacted***,Wanted Person (Arrest Warrant/Fugitive) - 2024-67104,,***Redacted***,"05/01/2026, 03:13:11 PM UTC",lookup - Mobile,,
f8035e90-c7cd-4b7c-bd55-c4361bbd8315,Shane Benton,Bibb County SO GA,11,"05/01/2026, 01:30:34 PM UTC
05/01/2026, 03:30:34 PM UTC",***Redacted***,Motor Vehicle Theft/Stolen - 26-37513,,***Redacted***,"05/01/2026, 03:26:39 PM UTC",lookup,,
6b6211c5-697d-47ce-848d-f55b55eee6d0,Joseph Callaway,Bibb County SO GA,775,"04/02/2026, 04:00:05 AM UTC
05/02/2026, 04:00:05 AM UTC",***Redacted***,Welfare Check - na,,***Redacted***,"05/02/2026, 03:44:15 AM UTC",lookup,,
0d696c7f-4934-4739-b94b-994102c95108,Justin Edwards,Bibb County SO GA,733,"04/24/2026, 04:55:15 PM UTC
05/01/2026, 04:55:15 PM UTC",***Redacted***,Wanted Person (Arrest Warrant/Fugitive) - 2024-67104,,***Redacted***,"05/01/2026, 04:55:17 PM UTC",lookup - Mobile,,
7ea7208d-e617-44a4-b8b3-004849f7777f,Justin Edwards,Bibb County SO GA,733,"04/24/2026, 04:56:39 PM UTC
05/01/2026, 04:56:39 PM UTC",***Redacted***,Wanted Person (Arrest Warrant/Fugitive) - 2024-67104,,***Redacted***,"05/01/2026, 04:56:41 PM UTC",lookup - Mobile,,
1a5d7252-8d4e-47a8-8b30-6e30faae1628,Justin Edwards,Bibb County SO GA,733,"04/24/2026, 04:56:44 PM UTC
05/01/2026, 04:56:44 PM UTC",***Redacted***,Wanted Person (Arrest Warrant/Fugitive) - 2024-67104,,***Redacted***,"05/01/2026, 04:56:45 PM UTC",lookup - Mobile,,
71c20e9f-592e-48a1-9ef7-0e54fbbbe539,Dina Shurley,Bibb County SO GA,11,"04/24/2026, 05:00:54 PM UTC
05/01/2026, 05:00:54 PM UTC",***Redacted***,Motor Vehicle Theft/Stolen - stolen vehicle,,***Redacted***,"05/01/2026, 04:59:57 PM UTC",lookup,,
b7f0eadc-bbee-4642-bbd7-bea8dc777fca,Justin Edwards,Bibb County SO GA,733,"04/24/2026, 05:01:45 PM UTC
05/01/2026, 05:01:45 PM UTC",***Redacted***,Wanted Person (Arrest Warrant/Fugitive) - 2024-67104,,***Redacted***,"05/01/2026, 05:01:46 PM UTC",lookup - Mobile,,
e5bbfc62-a60a-4cca-9147-b9a1ec8f5f67,Justin Edwards,Bibb County SO GA,733,"04/24/2026, 05:08:36 PM UTC
05/01/2026, 05:08:36 PM UTC",***Redacted***,Wanted Person (Arrest Warrant/Fugitive) - 2024-67104,,***Redacted***,"05/01/2026, 05:08:37 PM UTC",lookup - Mobile,,
9ab2c833-b6de-423f-af6f-df7812801f82,Justin Edwards,Bibb County SO GA,733,"04/24/2026, 05:18:14 PM UTC
05/01/2026, 05:18:14 PM UTC",***Redacted***,Wanted Person (Arrest Warrant/Fugitive) - 2024-67104,,***Redacted***,"05/01/2026, 05:18:16 PM UTC",lookup - Mobile,,
e8c84c85-6601-4d8a-9eff-9f3a63a539d7,Justin Edwards,Bibb County SO GA,733,"04/24/2026, 05:19:55 PM UTC
05/01/2026, 05:19:55 PM UTC",***Redacted***,Wanted Person (Arrest Warrant/Fugitive) - 2024-67104,,***Redacted***,"05/01/2026, 05:19:56 PM UTC",lookup - Mobile,,
38e497f3-49f6-4f0c-bdd5-9e126436b694,Justin Edwards,Bibb County SO GA,733,"04/24/2026, 05:19:58 PM UTC
05/01/2026, 05:19:58 PM UTC",***Redacted***,Wanted Person (Arrest Warrant/Fugitive) - 2024-67104,,***Redacted***,"05/01/2026, 05:19:59 PM UTC",lookup - Mobile,,
67ba7cb3-a7ed-4dee-9e20-6bbe0932bdac,Justin Edwards,Bibb County SO GA,733,"04/24/2026, 05:20:07 PM UTC
05/01/2026, 05:20:07 PM UTC",***Redacted***,Wanted Person (Arrest Warrant/Fugitive) - 2024-67104,,***Redacted***,"05/01/2026, 05:20:07 PM UTC",lookup - Mobile,,
37f38528-7acb-4b21-80e7-1eaf1b7f4dbc,Justin Edwards,Bibb County SO GA,733,"04/24/2026, 05:20:51 PM UTC
05/01/2026, 05:20:51 PM UTC",***Redacted***,Wanted Person (Arrest Warrant/Fugitive) - 2024-67104,,***Redacted***,"05/01/2026, 05:20:51 PM UTC",lookup - Mobile,,
c76f9545-e42d-4c62-963d-5df7c60f8fbf,Justin Edwards,Bibb County SO GA,733,"04/24/2026, 05:20:57 PM UTC
05/01/2026, 05:20:57 PM UTC",***Redacted***,Wanted Person (Arrest Warrant/Fugitive) - 2024-67104,,***Redacted***,"05/01/2026, 05:20:59 PM UTC",lookup - Mobile,,
0b7da1f5-9da8-4165-bf85-5d7c5c6d03c1,Justin Edwards,Bibb County SO GA,733,"04/24/2026, 05:21:17 PM UTC
05/01/2026, 05:21:17 PM UTC",***Redacted***,Wanted Person (Arrest Warrant/Fugitive) - 2024-67104,,***Redacted***,"05/01/2026, 05:21:17 PM UTC",lookup - Mobile,,
669d4740-52aa-4108-9978-7df3d510a0da,Justin Edwards,Bibb County SO GA,733,"04/24/2026, 05:21:34 PM UTC
05/01/2026, 05:21:34 PM UTC",***Redacted***,Wanted Person (Arrest Warrant/Fugitive) - 2024-67104,,***Redacted***,"05/01/2026, 05:21:36 PM UTC",lookup - Mobile,,
e6699f03-97a0-4998-8ac6-7ca88b09f694,Justin Edwards,Bibb County SO GA,733,"04/24/2026, 05:21:46 PM UTC
05/01/2026, 05:21:46 PM UTC",***Redacted***,Wanted Person (Arrest Warrant/Fugitive) - 2024-67104,,***Redacted***,"05/01/2026, 05:21:47 PM UTC",lookup - Mobile,,
f94c2fc4-1c84-4358-ba54-4d328448a89a,Justin Edwards,Bibb County SO GA,733,"04/24/2026, 05:22:00 PM UTC
05/01/2026, 05:22:00 PM UTC",***Redacted***,Wanted Person (Arrest Warrant/Fugitive) - 2024-67104,,***Redacted***,"05/01/2026, 05:22:01 PM UTC",lookup - Mobile,,
1f329e06-a033-4f66-abdd-79d1df72cec6,Justin Edwards,Bibb County SO GA,733,"04/24/2026, 05:22:38 PM UTC
05/01/2026, 05:22:38 PM UTC",***Redacted***,Wanted Person (Arrest Warrant/Fugitive) - 2024-67104,,***Redacted***,"05/01/2026, 05:22:40 PM UTC",lookup - Mobile,,
5959d3d9-50b1-4b7f-a5a7-100e5fb520ba,Justin Edwards,Bibb County SO GA,733,"04/24/2026, 05:22:43 PM UTC
05/01/2026, 05:22:43 PM UTC",***Redacted***,Wanted Person (Arrest Warrant/Fugitive) - 2024-67104,,***Redacted***,"05/01/2026, 05:22:44 PM UTC",lookup - Mobile,,
50b9a80b-630b-4862-8f83-57720c6e6da7,Justin Edwards,Bibb County SO GA,733,"04/24/2026, 05:22:59 PM UTC
05/01/2026, 05:22:59 PM UTC",***Redacted***,Wanted Person (Arrest Warrant/Fugitive) - 2024-67104,,***Redacted***,"05/01/2026, 05:23:01 PM UTC",lookup - Mobile,,
0c13a8f9-6673-42df-b2e4-afff590d4177,Justin Edwards,Bibb County SO GA,733,"04/24/2026, 05:23:11 PM UTC
05/01/2026, 05:23:11 PM UTC",***Redacted***,Wanted Person (Arrest Warrant/Fugitive) - 2024-67104,,***Redacted***,"05/01/2026, 05:23:12 PM UTC",lookup - Mobile,,
123ee793-9cc4-4e9e-bc1f-d6426d038c57,Justin Edwards,Bibb County SO GA,733,"04/24/2026, 05:24:11 PM UTC
05/01/2026, 05:24:11 PM UTC",***Redacted***,Wanted Person (Arrest Warrant/Fugitive) - 2024-67104,,***Redacted***,"05/01/2026, 05:24:11 PM UTC",lookup - Mobile,,
db47604a-1fa7-4bc3-81a6-2458fc44907f,Justin Edwards,Bibb County SO GA,733,"04/24/2026, 05:24:35 PM UTC
05/01/2026, 05:24:35 PM UTC",***Redacted***,Wanted Person (Arrest Warrant/Fugitive) - 2024-67104,,***Redacted***,"05/01/2026, 05:24:35 PM UTC",lookup - Mobile,,
179f3009-7208-48df-b16a-ee5b1a4b0b5a,Justin Edwards,Bibb County SO GA,733,"04/24/2026, 05:24:44 PM UTC
05/01/2026, 05:24:44 PM UTC",***Redacted***,Wanted Person (Arrest Warrant/Fugitive) - 2024-67104,,***Redacted***,"05/01/2026, 05:24:46 PM UTC",lookup - Mobile,,
c0e73c00-be25-4efe-8346-5a3acbe3f75d,Justin Edwards,Bibb County SO GA,733,"04/24/2026, 05:26:29 PM UTC
05/01/2026, 05:26:29 PM UTC",***Redacted***,Wanted Person (Arrest Warrant/Fugitive) - 2024-67104,,***Redacted***,"05/01/2026, 05:26:30 PM UTC",lookup - Mobile,,
7c7706e4-bb1b-480b-bdac-7377336a394c,Justin Edwards,Bibb County SO GA,733,"04/24/2026, 05:26:32 PM UTC
05/01/2026, 05:26:32 PM UTC",***Redacted***,Wanted Person (Arrest Warrant/Fugitive) - 2024-67104,,***Redacted***,"05/01/2026, 05:26:33 PM UTC",lookup - Mobile,,
37d0989a-8360-4a3f-90ff-0fe5099d77cc,Justin Edwards,Bibb County SO GA,733,"04/24/2026, 05:27:57 PM UTC
05/01/2026, 05:27:57 PM UTC",***Redacted***,Wanted Person (Arrest Warrant/Fugitive) - 2024-67104,,***Redacted***,"05/01/2026, 05:27:57 PM UTC",lookup - Mobile,,
5d46100e-0605-4dd6-9210-cf68b96cfa73,Justin Edwards,Bibb County SO GA,733,"04/24/2026, 05:28:53 PM UTC
05/01/2026, 05:28:53 PM UTC",***Redacted***,Wanted Person (Arrest Warrant/Fugitive) - 2024-67104,,***Redacted***,"05/01/2026, 05:28:55 PM UTC",lookup - Mobile,,
e46c3d44-e21f-45c3-84b0-02b0f3b20580,Justin Edwards,Bibb County SO GA,733,"04/24/2026, 05:29:12 PM UTC
05/01/2026, 05:29:12 PM UTC",***Redacted***,Wanted Person (Arrest Warrant/Fugitive) - 2024-67104,,***Redacted***,"05/01/2026, 05:29:14 PM UTC",lookup - Mobile,,
f72c765e-9460-4b88-a839-e636a33fed31,Justin Edwards,Bibb County SO GA,733,"04/24/2026, 05:30:34 PM UTC
05/01/2026, 05:30:34 PM UTC",***Redacted***,Wanted Person (Arrest Warrant/Fugitive) - 2024-67104,,***Redacted***,"05/01/2026, 05:30:35 PM UTC",lookup - Mobile,,
689ba9f6-ab69-4cb8-823e-34b2cec57971,Justin Edwards,Bibb County SO GA,733,"04/24/2026, 05:30:37 PM UTC
05/01/2026, 05:30:37 PM UTC",***Redacted***,Wanted Person (Arrest Warrant/Fugitive) - 2024-67104,,***Redacted***,"05/01/2026, 05:30:39 PM UTC",lookup - Mobile,,
d9df5449-5228-4b93-8c35-f1c3ff97573e,Justin Edwards,Bibb County SO GA,733,"04/24/2026, 05:30:40 PM UTC
05/01/2026, 05:30:40 PM UTC",***Redacted***,Wanted Person (Arrest Warrant/Fugitive) - 2024-67104,,***Redacted***,"05/01/2026, 05:30:41 PM UTC",lookup - Mobile,,
74d518d0-a0f8-41bc-b3c7-b49f551c05a1,Justin Edwards,Bibb County SO GA,733,"04/24/2026, 05:32:28 PM UTC
05/01/2026, 05:32:28 PM UTC",***Redacted***,Wanted Person (Arrest Warrant/Fugitive) - 2024-67104,,***Redacted***,"05/01/2026, 05:32:29 PM UTC",lookup - Mobile,,
199a80ce-3fb2-4f78-81b3-0ef190b40ea9,Charlee Gibson,Bibb County SO GA,1428,"05/01/2026, 01:00:46 PM UTC
05/01/2026, 03:00:46 PM UTC",***Redacted***,Motor Vehicle Theft/Stolen - 2026-37513,,***Redacted***,"05/01/2026, 05:33:43 PM UTC",search,,
1970b5eb-c669-4116-a00b-28e48bcc9cd5,Charlee Gibson,Bibb County SO GA,1428,"05/01/2026, 01:00:46 PM UTC
05/01/2026, 03:00:46 PM UTC",***Redacted***,Motor Vehicle Theft/Stolen - 2026-37513,,***Redacted***,"05/01/2026, 05:34:01 PM UTC",lookup,,
817bc7b4-1e46-4d45-9f11-dd37e76a685f,Justin Edwards,Bibb County SO GA,733,"04/24/2026, 05:36:26 PM UTC
05/01/2026, 05:36:26 PM UTC",***Redacted***,Wanted Person (Arrest Warrant/Fugitive) - 2024-67104,,***Redacted***,"05/01/2026, 05:36:27 PM UTC",lookup - Mobile,,
6adb8687-e061-45fd-849d-c199f89c32ff,Alexis Robinson,Bibb County SO GA,3,"04/30/2026, 02:30:43 PM UTC
05/01/2026, 02:30:43 PM UTC",***Redacted***,"Motor Vehicle Theft/Stolen, Robbery - 2026-00037510",,***Redacted***,"05/01/2026, 05:37:31 PM UTC",lookup,,
e896bce8-483b-46b9-a996-09687f021388,Alexis Robinson,Bibb County SO GA,3,"04/30/2026, 06:00:39 PM UTC
05/01/2026, 06:00:39 PM UTC",***Redacted***,"Motor Vehicle Theft/Stolen, Robbery - 2026-00037510",,***Redacted***,"05/01/2026, 05:37:42 PM UTC",lookup,,
b0acd835-227d-40c0-8c9a-ee4efa38a819,Justin Edwards,Bibb County SO GA,733,"04/24/2026, 05:38:54 PM UTC
05/01/2026, 05:38:54 PM UTC",***Redacted***,Wanted Person (Arrest Warrant/Fugitive) - 2024-67104,,***Redacted***,"05/01/2026, 05:38:56 PM UTC",lookup - Mobile,,
5e2587f0-4d2b-4d89-a548-b02bdeff5eda,Justin Edwards,Bibb County SO GA,733,"04/24/2026, 05:57:13 PM UTC
05/01/2026, 05:57:13 PM UTC",***Redacted***,Wanted Person (Arrest Warrant/Fugitive) - 2024-67104,,***Redacted***,"05/01/2026, 05:57:13 PM UTC",lookup - Mobile,,
0867ad56-bc1c-4997-b0ed-6e423c682bdb,Adam Grant,Bibb County SO GA,1361,"05/01/2026, 04:31:52 PM UTC
05/01/2026, 10:31:52 PM UTC",***Redacted***,Motor Vehicle Theft/Stolen - 2026-1296,,***Redacted***,"05/01/2026, 10:31:53 PM UTC",lookup - Mobile,,
3d48a619-6c9c-4dd2-a2d8-ce02455bd431,Adam Grant,Bibb County SO GA,1361,"04/30/2026, 10:57:34 PM UTC
05/01/2026, 10:57:34 PM UTC",***Redacted***,Motor Vehicle Theft/Stolen - 2026-1296,,***Redacted***,"05/01/2026, 10:57:35 PM UTC",lookup - Mobile,,
d454631e-8a7e-4cfd-b770-8e18b87d0aab,Adam Grant,Bibb County SO GA,1361,"04/24/2026, 10:57:39 PM UTC
05/01/2026, 10:57:39 PM UTC",***Redacted***,Motor Vehicle Theft/Stolen - 2026-1296,,***Redacted***,"05/01/2026, 10:57:41 PM UTC",lookup - Mobile,,
69f1a717-d45d-463e-9a4f-74b07a51b716,Adam Grant,Bibb County SO GA,1361,"04/24/2026, 11:07:40 PM UTC
05/01/2026, 11:07:40 PM UTC",***Redacted***,Motor Vehicle Theft/Stolen - 2026-1296,,***Redacted***,"05/01/2026, 11:07:41 PM UTC",lookup - Mobile,,
d3ed2942-e6fa-421a-986f-e0e7a846e191,Adam Grant,Bibb County SO GA,1361,"05/01/2026, 05:08:06 PM UTC
05/01/2026, 11:08:06 PM UTC",***Redacted***,Motor Vehicle Theft/Stolen - 2026-1296,,***Redacted***,"05/01/2026, 11:08:07 PM UTC",lookup - Mobile,,
1d41efe9-d6a4-459e-b0d5-6edc82190daa,Adam Grant,Bibb County SO GA,1361,"05/02/2026, 01:53:22 AM UTC
05/03/2026, 01:53:22 AM UTC",***Redacted***,Motor Vehicle Theft/Stolen - 2026-37866,,***Redacted***,"05/03/2026, 01:53:23 AM UTC",lookup - Mobile,,
5f130c0d-8a67-4a36-af7c-fc018e44683f,Adam Grant,Bibb County SO GA,1361,"04/26/2026, 01:53:31 AM UTC
05/03/2026, 01:53:31 AM UTC",***Redacted***,Motor Vehicle Theft/Stolen - 2026-37866,,***Redacted***,"05/03/2026, 01:53:34 AM UTC",lookup - Mobile,,
4bcc20af-e85a-4244-8c8a-6ebfce60609c,Adam Grant,Bibb County SO GA,1361,"04/03/2026, 01:54:34 AM UTC
05/03/2026, 01:54:34 AM UTC",***Redacted***,Motor Vehicle Theft/Stolen - 2026-37866,,***Redacted***,"05/03/2026, 01:54:36 AM UTC",lookup - Mobile,,
ccbef5ce-f14f-4249-bac4-9475469f9b27,Kirsten Davella,Bibb County SO GA,1508,"05/02/2026, 03:30:41 AM UTC
05/03/2026, 03:30:41 AM UTC",***Redacted***,Hit and Run/Car Accident - 2026-38021,,***Redacted***,"05/03/2026, 03:21:43 AM UTC",lookup,,
49452a93-5522-4b40-a50f-889b0dac0ba6,Kirsten Davella,Bibb County SO GA,1508,"05/02/2026, 03:30:41 AM UTC
05/03/2026, 03:30:41 AM UTC",***Redacted***,Hit and Run/Car Accident - 2026-38021,,***Redacted***,"05/03/2026, 03:22:10 AM UTC",lookup,,
08173f64-0568-44b5-8dbf-5e6f203ecd7f,Kirsten Davella,Bibb County SO GA,1508,"05/02/2026, 03:30:41 AM UTC
05/03/2026, 03:30:41 AM UTC",***Redacted***,Hit and Run/Car Accident - 2026-38021,,***Redacted***,"05/03/2026, 03:27:17 AM UTC",lookup,,
2b9036ca-edf5-427d-a92c-52022f3f9c82,Justin Edwards,Bibb County SO GA,733,"04/24/2026, 06:44:38 PM UTC
05/01/2026, 06:44:38 PM UTC",***Redacted***,Wanted Person (Arrest Warrant/Fugitive) - 2024-67104,,***Redacted***,"05/01/2026, 06:44:40 PM UTC",lookup - Mobile,,
7876cd03-3b0a-4483-b9e0-a2430087db55,Kasie Huston,Bibb County SO GA,2,"04/24/2026, 06:47:35 PM UTC
05/01/2026, 06:47:35 PM UTC",***Redacted***,Material Witness - 23CR81339,,***Redacted***,"05/01/2026, 06:47:36 PM UTC",lookup - Mobile,,
b7e0e954-c10a-4005-b3b7-ae1a5d855f3a,Kasie Huston,Bibb County SO GA,2,"04/24/2026, 06:49:26 PM UTC
05/01/2026, 06:49:26 PM UTC",***Redacted***,Material Witness - 23CR81339,,***Redacted***,"05/01/2026, 06:49:27 PM UTC",lookup - Mobile,,
214886af-5d2d-4bc1-b572-f0f27074fdbb,Justin Edwards,Bibb County SO GA,3,"04/24/2026, 06:51:20 PM UTC
05/01/2026, 06:51:20 PM UTC",***Redacted***,Wanted Person (Arrest Warrant/Fugitive) - 2024-67104,,***Redacted***,"05/01/2026, 06:51:22 PM UTC",lookup - Mobile,,
c5b6acc7-ae9f-492c-9324-ae864487cdb0,Alexis Robinson,Bibb County SO GA,3,"04/30/2026, 07:00:56 PM UTC
05/01/2026, 07:00:56 PM UTC",***Redacted***,"Motor Vehicle Theft/Stolen, Robbery - 2026-00037510",,***Redacted***,"05/01/2026, 06:55:58 PM UTC",lookup,,
b83d1b37-c790-48dd-9582-133ed4458e87,Justin Edwards,Bibb County SO GA,3,"04/24/2026, 07:00:24 PM UTC
05/01/2026, 07:00:24 PM UTC",***Redacted***,Wanted Person (Arrest Warrant/Fugitive) - 2024-67104,,***Redacted***,"05/01/2026, 07:00:26 PM UTC",lookup - Mobile,,
5a344bf1-8427-47a1-90d5-062a05fd8617,Justin Edwards,Bibb County SO GA,3,"04/24/2026, 07:00:29 PM UTC
05/01/2026, 07:00:29 PM UTC",***Redacted***,Wanted Person (Arrest Warrant/Fugitive) - 2024-67104,,***Redacted***,"05/01/2026, 07:00:31 PM UTC",lookup - Mobile,,
35d9caac-fb05-4fc1-a390-05f9c6dcf9e3,Alexis Robinson,Bibb County SO GA,1428,"04/01/2026, 07:30:57 PM UTC
05/01/2026, 07:30:57 PM UTC",***Redacted***,"Motor Vehicle Theft/Stolen, Robbery - 2026-00037510",,***Redacted***,"05/01/2026, 07:05:03 PM UTC",lookup,,
107168bf-b1df-4ee7-93b1-f40778e44928,Lee Rohrbach,Bibb County SO GA,778,"05/03/2026, 12:20:00 AM UTC
05/03/2026, 12:40:00 AM UTC",***Redacted***,Assault/Battery Offenses - Assault,,***Redacted***,"05/03/2026, 12:35:45 AM UTC",search,,
624aecc0-e3fa-4416-80f0-54215018bb41,Lee Rohrbach,Bibb County SO GA,778,"05/03/2026, 12:20:00 AM UTC
05/03/2026, 12:40:00 AM UTC",***Redacted***,Assault/Battery Offenses - Assault,,***Redacted***,"05/03/2026, 12:36:00 AM UTC",search,,
ab1469ab-f777-4210-a5f2-777c16d7ebd7,Lee Rohrbach,Bibb County SO GA,778,"05/03/2026, 12:20:00 AM UTC
05/03/2026, 12:40:00 AM UTC",***Redacted***,Assault/Battery Offenses - Assault,,***Redacted***,"05/03/2026, 12:36:26 AM UTC",search,,
94f0c948-c656-4408-8504-705cd14739d4,Lee Rohrbach,Bibb County SO GA,778,"05/03/2026, 12:10:00 AM UTC
05/03/2026, 12:40:00 AM UTC",***Redacted***,Assault/Battery Offenses - Assault,,***Redacted***,"05/03/2026, 12:37:02 AM UTC",search,,
020edea9-1c23-4ff7-99be-a651c68aa4da,Dina Shurley,Bibb County SO GA,11,"04/30/2026, 12:30:36 PM UTC
05/01/2026, 12:30:36 PM UTC",***Redacted***,Motor Vehicle Theft/Stolen - stolen vehicle,,***Redacted***,"05/01/2026, 12:01:39 PM UTC",lookup,,
43795680-fbff-40d6-852c-e47db0b2c040,Toni Lewis,Bibb County SO GA,11,"05/02/2026, 12:00:31 AM UTC
05/02/2026, 02:00:31 AM UTC",***Redacted***,Welfare Check - victim vehicle,,***Redacted***,"05/02/2026, 01:44:16 AM UTC",lookup,,
9f809563-31be-4167-acf2-e1c3445b7e49,Toni Lewis,Bibb County SO GA,11,"05/01/2026, 02:00:02 AM UTC
05/02/2026, 02:00:02 AM UTC",***Redacted***,Welfare Check - victim vehicle,,***Redacted***,"05/02/2026, 01:44:32 AM UTC",lookup,,
f6f90e56-d485-4fbe-8f12-f9ccd6307883,Toni Lewis,Bibb County SO GA,11,"05/01/2026, 01:00:00 AM UTC
05/02/2026, 01:00:00 AM UTC",***Redacted***,Welfare Check - victim vehicle,,***Redacted***,"05/02/2026, 01:48:49 AM UTC",lookup,,
1ad6dac7-71f7-456d-882f-00c705cf433a,Adam Grant,Bibb County SO GA,1361,"04/25/2026, 01:57:02 AM UTC
05/02/2026, 01:57:02 AM UTC",***Redacted***,Motor Vehicle Theft/Stolen - 2026-1296,,***Redacted***,"05/02/2026, 01:57:02 AM UTC",lookup - Mobile,,
d643b629-10ef-4c44-b09a-87fb6a80e0fb,Adam Grant,Bibb County SO GA,1361,"04/25/2026, 02:33:51 AM UTC
05/02/2026, 02:33:51 AM UTC",***Redacted***,Motor Vehicle Theft/Stolen - 2026-1296,,***Redacted***,"05/02/2026, 02:33:52 AM UTC",lookup - Mobile,,
a458774e-e652-4cc3-a6a9-560f8fe4b617,Adam Grant,Bibb County SO GA,1428,"04/25/2026, 02:35:45 AM UTC
05/02/2026, 02:35:45 AM UTC",***Redacted***,Motor Vehicle Theft/Stolen - 2026-1296,,***Redacted***,"05/02/2026, 02:35:49 AM UTC",search - Mobile,,
cb0f86c4-d0bd-412a-882e-3d51ecf3f55f,Fred Gray,Bibb County SO GA,2,"04/30/2026, 01:00:24 PM UTC
05/01/2026, 01:00:24 PM UTC",***Redacted***,Motor Vehicle Theft/Stolen - Stolen vehicle,,***Redacted***,"05/01/2026, 12:42:26 PM UTC",lookup,,
d45d47b5-d217-406e-b7b7-d9619ea658bf,Adam Grant,Bibb County SO GA,1361,"04/25/2026, 10:12:39 PM UTC
05/02/2026, 10:12:39 PM UTC",***Redacted***,Motor Vehicle Theft/Stolen - 2026-1296,,***Redacted***,"05/02/2026, 10:12:40 PM UTC",lookup - Mobile,,
fd98841a-6bf7-4ed2-8475-a6016bd86e4d,Adam Grant,Bibb County SO GA,1428,"05/01/2026, 06:15:00 AM UTC
05/01/2026, 07:14:59 AM UTC",***Redacted***,Motor Vehicle Theft/Stolen - 2026-1296,,***Redacted***,"05/02/2026, 10:13:51 PM UTC",search - Mobile,,
eedd6ba4-55ef-4277-bf6c-e8cd1881b57e,Adam Grant,Bibb County SO GA,3,"05/01/2026, 06:15:00 AM UTC
05/01/2026, 07:14:59 AM UTC",***Redacted***,Motor Vehicle Theft/Stolen - 2026-1296,,***Redacted***,"05/02/2026, 10:14:03 PM UTC",search - Mobile,,
47455f6e-bdd1-47a4-9972-b7fd3529f746,Adam Grant,Bibb County SO GA,3,"05/01/2026, 06:15:00 AM UTC
05/01/2026, 10:14:59 AM UTC",***Redacted***,Motor Vehicle Theft/Stolen - 2026-1296,,***Redacted***,"05/02/2026, 10:14:16 PM UTC",search - Mobile,,
2c5a6066-0744-4fdb-9670-2b1e2bfd88ac,George Witherspoon,Bibb County SO GA,3,"05/01/2026, 10:36:54 PM UTC
05/02/2026, 10:36:54 PM UTC",***Redacted***,Hit and Run/Car Accident - Suspect,,***Redacted***,"05/02/2026, 10:36:54 PM UTC",lookup - Mobile,,
81dc511c-67c3-468b-9ff3-a4f9c8e82f72,Adam Grant,Bibb County SO GA,1361,"04/25/2026, 12:53:35 AM UTC
05/02/2026, 12:53:35 AM UTC",***Redacted***,Motor Vehicle Theft/Stolen - 2026-1296,,***Redacted***,"05/02/2026, 12:53:37 AM UTC",lookup - Mobile,,
401c29b2-c250-4f10-b90e-aaf84bec8742,Craig Lewis,Bibb County SO GA,11,"04/02/2026, 06:00:35 PM UTC
05/02/2026, 06:00:35 PM UTC",***Redacted***,Motor Vehicle Theft/Stolen - 37909,,***Redacted***,"05/02/2026, 05:56:39 PM UTC",search,,
fc5c9a33-467d-46ae-b551-c6e67abcd930,Craig Lewis,Bibb County SO GA,11,"04/02/2026, 06:00:35 PM UTC
05/02/2026, 06:00:35 PM UTC",***Redacted***,Motor Vehicle Theft/Stolen - 37909,,***Redacted***,"05/02/2026, 05:56:55 PM UTC",search,,
a15bae0e-6539-4a95-857f-58f0545b5ef0,Craig Lewis,Bibb County SO GA,11,"04/02/2026, 06:00:35 PM UTC
05/02/2026, 06:00:35 PM UTC",***Redacted***,Motor Vehicle Theft/Stolen - 37909,,***Redacted***,"05/02/2026, 05:58:06 PM UTC",lookup,,
6fe8e761-b785-465c-8034-b0f1f116526b,Seth Vonderhuevel,Bibb County SO GA,1428,"05/01/2026, 06:30:44 PM UTC
05/02/2026, 06:30:44 PM UTC",***Redacted***,Wanted Person (Arrest Warrant/Fugitive) - wanted subject,,***Redacted***,"05/02/2026, 06:02:48 PM UTC",lookup,,
5a9d16f8-e22f-4272-8404-97cdee483027,Seth Vonderhuevel,Bibb County SO GA,1428,"04/25/2026, 06:30:02 PM UTC
05/02/2026, 06:30:02 PM UTC",***Redacted***,Wanted Person (Arrest Warrant/Fugitive) - wanted subject,,***Redacted***,"05/02/2026, 06:03:04 PM UTC",lookup,,
eb6f1fb3-55ff-4c0f-bfbb-501a3b9b93a8,Seth Vonderhuevel,Bibb County SO GA,1428,"04/25/2026, 06:30:25 PM UTC
05/02/2026, 06:30:25 PM UTC",***Redacted***,Wanted Person (Arrest Warrant/Fugitive) - wanted subject,,***Redacted***,"05/02/2026, 06:04:27 PM UTC",lookup,,
6a6c4643-93f7-43b5-a2a2-0803eebca1a9,Craig Lewis,Bibb County SO GA,1,"04/27/2026, 04:40:40 PM UTC
04/27/2026, 04:40:46 PM UTC",***Redacted***,Motor Vehicle Theft/Stolen - 37909,,***Redacted***,"05/02/2026, 06:09:35 PM UTC",search,,
bc34de77-6f41-4086-96be-4c550e7d964e,Seth Vonderhuevel,Bibb County SO GA,1,"05/02/2026, 05:50:35 PM UTC
05/02/2026, 05:50:41 PM UTC",***Redacted***,Motor Vehicle Theft/Stolen - wanted subject,,***Redacted***,"05/02/2026, 06:09:37 PM UTC",search,,
e1af39ee-ca2a-4ad5-bde6-2d711469cd3e,Seth Vonderhuevel,Bibb County SO GA,1,"04/02/2026, 06:30:13 PM UTC
05/02/2026, 06:30:13 PM UTC",***Redacted***,Motor Vehicle Theft/Stolen - wanted subject,,***Redacted***,"05/02/2026, 06:10:15 PM UTC",lookup,,
2cd7f3ea-2f5a-4c1a-9d8d-10baa21e0397,Seth Vonderhuevel,Bibb County SO GA,1428,"04/02/2026, 06:30:13 PM UTC
05/02/2026, 06:30:13 PM UTC",***Redacted***,Motor Vehicle Theft/Stolen - wanted subject,,***Redacted***,"05/02/2026, 06:10:34 PM UTC",lookup,,
868593e8-01dd-4c98-8f37-f50792d18ff5,Adam Grant,Bibb County SO GA,1361,"05/01/2026, 06:13:50 PM UTC
05/02/2026, 06:13:50 PM UTC",***Redacted***,Larceny/Theft Offenses - 2026-1296,,***Redacted***,"05/02/2026, 06:13:51 PM UTC",lookup - Mobile,,
b7cbee53-3bda-431b-9c19-8c357d1ef4ac,Seth Vonderhuevel,Bibb County SO GA,1,"04/27/2026, 04:40:00 PM UTC
04/27/2026, 04:45:00 PM UTC",***Redacted***,Motor Vehicle Theft/Stolen - bolo 4c1,,***Redacted***,"05/02/2026, 06:14:16 PM UTC",search,,
9e9c51c2-ba90-49f1-b8bc-de2994946135,Adam Grant,Bibb County SO GA,1361,"05/01/2026, 06:14:37 PM UTC
05/02/2026, 06:14:37 PM UTC",***Redacted***,Larceny/Theft Offenses - 2026-1296,,***Redacted***,"05/02/2026, 06:14:38 PM UTC",lookup - Mobile,,
afb86768-e966-4d95-8b0e-c22c29db499a,Adam Grant,Bibb County SO GA,1361,"05/01/2026, 06:15:39 PM UTC
05/02/2026, 06:15:39 PM UTC",***Redacted***,Larceny/Theft Offenses - 2026-1296,,***Redacted***,"05/02/2026, 06:15:41 PM UTC",lookup - Mobile,,
65bfcc60-be60-41d2-8075-b230a15203ad,Seth Vonderhuevel,Bibb County SO GA,1428,"04/02/2026, 06:30:13 PM UTC
05/02/2026, 06:30:13 PM UTC",***Redacted***,Motor Vehicle Theft/Stolen - wanted subject,,***Redacted***,"05/02/2026, 06:16:03 PM UTC",search,,
cd17fadb-5ec4-49ad-ad8a-c7248206fb5f,Seth Vonderhuevel,Bibb County SO GA,1428,"04/02/2026, 06:30:13 PM UTC
05/02/2026, 06:30:13 PM UTC",***Redacted***,Motor Vehicle Theft/Stolen - wanted subject,,***Redacted***,"05/02/2026, 06:16:20 PM UTC",search,,
9feb6fcb-795a-45e9-803f-d40a5e69604c,Craig Lewis,Bibb County SO GA,1,"04/27/2026, 04:40:40 PM UTC
04/27/2026, 04:40:46 PM UTC",***Redacted***,Motor Vehicle Theft/Stolen - 37909,,***Redacted***,"05/02/2026, 06:16:25 PM UTC",search,,
fd4c1337-159a-4f2e-8076-fe9892626b5f,Seth Vonderhuevel,Bibb County SO GA,1428,"05/01/2026, 06:30:28 PM UTC
05/02/2026, 06:30:28 PM UTC",***Redacted***,Motor Vehicle Theft/Stolen - wanted subject,,***Redacted***,"05/02/2026, 06:17:36 PM UTC",lookup,,
f8b2b53d-d0ab-4f1b-9a02-1be7649ad362,Seth Vonderhuevel,Bibb County SO GA,1428,"05/01/2026, 06:30:28 PM UTC
05/02/2026, 06:30:28 PM UTC",***Redacted***,Motor Vehicle Theft/Stolen - wanted subject,,***Redacted***,"05/02/2026, 06:18:50 PM UTC",lookup,,
85a55d45-5374-4597-bb90-907fe9280bd7,Adam Grant,Bibb County SO GA,1361,"05/01/2026, 06:18:50 PM UTC
05/02/2026, 06:18:50 PM UTC",***Redacted***,Larceny/Theft Offenses - 2026-1296,,***Redacted***,"05/02/2026, 06:18:50 PM UTC",lookup - Mobile,,
5b7c49e2-5257-487d-b682-ae65422a5364,Adam Grant,Bibb County SO GA,1361,"05/01/2026, 06:19:35 PM UTC
05/02/2026, 06:19:35 PM UTC",***Redacted***,Larceny/Theft Offenses - 2026-1296,,***Redacted***,"05/02/2026, 06:19:36 PM UTC",lookup - Mobile,,
55bfc436-be2c-4dd3-805d-9a1fd8b83999,Seth Vonderhuevel,Bibb County SO GA,1428,"05/01/2026, 06:30:28 PM UTC
05/02/2026, 06:30:28 PM UTC",***Redacted***,Motor Vehicle Theft/Stolen - wanted subject,,***Redacted***,"05/02/2026, 06:20:39 PM UTC",lookup,,
9f0bfc78-ced1-4a38-a039-e6b9c027dcba,Adam Grant,Bibb County SO GA,1361,"05/01/2026, 06:20:43 PM UTC
05/02/2026, 06:20:43 PM UTC",***Redacted***,Larceny/Theft Offenses - 2026-1296,,***Redacted***,"05/02/2026, 06:20:44 PM UTC",lookup - Mobile,,
b02479ab-3bad-4ddb-b12c-9157e535c39f,Seth Vonderhuevel,Bibb County SO GA,3,"04/27/2026, 04:40:00 PM UTC
04/27/2026, 04:45:00 PM UTC",***Redacted***,Motor Vehicle Theft/Stolen - bolo 4c1,,***Redacted***,"05/02/2026, 06:21:32 PM UTC",lookup,,
aa7c4521-0913-4005-ab89-b559db4b2435,Seth Vonderhuevel,Bibb County SO GA,3,"04/27/2026, 04:40:00 PM UTC
04/27/2026, 04:45:00 PM UTC",***Redacted***,Motor Vehicle Theft/Stolen - bolo 4c1,,***Redacted***,"05/02/2026, 06:21:40 PM UTC",lookup,,
f67d7c41-3508-40bf-9429-425113a7d30a,Seth Vonderhuevel,Bibb County SO GA,3,"04/27/2026, 04:40:00 PM UTC
04/27/2026, 04:45:00 PM UTC",***Redacted***,Motor Vehicle Theft/Stolen - bolo 4c1,,***Redacted***,"05/02/2026, 06:21:56 PM UTC",search,,
4aa617c8-de6c-40cd-ab4b-f2f8b772ee97,Seth Vonderhuevel,Bibb County SO GA,3,"04/27/2026, 04:40:00 PM UTC
04/27/2026, 04:45:00 PM UTC",***Redacted***,Motor Vehicle Theft/Stolen - bolo 4c1,,***Redacted***,"05/02/2026, 06:21:59 PM UTC",search,,
0759c751-60f9-4235-aceb-242fbe1b83c6,Seth Vonderhuevel,Bibb County SO GA,3,"04/02/2026, 06:30:03 PM UTC
05/02/2026, 06:30:03 PM UTC",***Redacted***,Motor Vehicle Theft/Stolen - bolo 4c1,,***Redacted***,"05/02/2026, 06:22:08 PM UTC",search,,
b6a62b60-f643-43df-99e7-642c3496814a,Adam Grant,Bibb County SO GA,1361,"05/01/2026, 06:22:17 PM UTC
05/02/2026, 06:22:17 PM UTC",***Redacted***,Larceny/Theft Offenses - 2026-1296,,***Redacted***,"05/02/2026, 06:22:18 PM UTC",lookup - Mobile,,
32abc01d-a7aa-430d-9abb-86710064d2a1,Seth Vonderhuevel,Bibb County SO GA,1428,"05/01/2026, 06:30:28 PM UTC
05/02/2026, 06:30:28 PM UTC",***Redacted***,Motor Vehicle Theft/Stolen - wanted subject,,***Redacted***,"05/02/2026, 06:22:38 PM UTC",lookup,,
49a61b5a-e7f8-4105-a09c-b851493d11fd,Adam Grant,Bibb County SO GA,1361,"05/01/2026, 06:22:43 PM UTC
05/02/2026, 06:22:43 PM UTC",***Redacted***,Larceny/Theft Offenses - 2026-1296,,***Redacted***,"05/02/2026, 06:22:43 PM UTC",lookup - Mobile,,
a3be52f3-592b-48fd-8aaf-079ad5759553,Seth Vonderhuevel,Bibb County SO GA,3,"04/02/2026, 06:30:03 PM UTC
05/02/2026, 06:30:03 PM UTC",***Redacted***,Motor Vehicle Theft/Stolen - bolo 4c1,,***Redacted***,"05/02/2026, 06:23:57 PM UTC",lookup,,
bdc981aa-4432-4387-be07-a641b595cb2f,Seth Vonderhuevel,Bibb County SO GA,3,"04/02/2026, 06:30:03 PM UTC
05/02/2026, 06:30:03 PM UTC",***Redacted***,Motor Vehicle Theft/Stolen - bolo 4c1,,***Redacted***,"05/02/2026, 06:24:06 PM UTC",search,,
93e9625a-d529-4052-a64c-27e5bad7e676,Seth Vonderhuevel,Bibb County SO GA,3,"04/02/2026, 06:30:03 PM UTC
05/02/2026, 06:30:03 PM UTC",***Redacted***,Motor Vehicle Theft/Stolen - bolo 4c1,,***Redacted***,"05/02/2026, 06:24:19 PM UTC",search,,
0ddd1db9-7c45-471e-ada6-b499d3361c1c,Seth Vonderhuevel,Bibb County SO GA,3,"04/02/2026, 06:30:03 PM UTC
05/02/2026, 06:30:03 PM UTC",***Redacted***,Motor Vehicle Theft/Stolen - bolo 4c1,,***Redacted***,"05/02/2026, 06:24:43 PM UTC",search,,
110f4c2c-6241-4537-9186-695eb6feb687,Seth Vonderhuevel,Bibb County SO GA,1428,"04/25/2026, 06:30:19 PM UTC
05/02/2026, 06:30:19 PM UTC",***Redacted***,Motor Vehicle Theft/Stolen - wanted subject,,***Redacted***,"05/02/2026, 06:25:24 PM UTC",lookup,,
b869644e-aa55-4177-a521-e197c2ea5536,Seth Vonderhuevel,Bibb County SO GA,1428,"04/25/2026, 06:30:19 PM UTC
05/02/2026, 06:30:19 PM UTC",***Redacted***,Motor Vehicle Theft/Stolen - wanted subject,,***Redacted***,"05/02/2026, 06:27:38 PM UTC",lookup,,
0ed1b2e8-8c8a-4f01-9578-0236eb8cc00e,Seth Vonderhuevel,Bibb County SO GA,1428,"05/01/2026, 07:00:26 PM UTC
05/02/2026, 07:00:26 PM UTC",***Redacted***,Motor Vehicle Theft/Stolen - wanted subject,,***Redacted***,"05/02/2026, 06:32:28 PM UTC",lookup,,
5849c1c2-046b-40db-848d-e4ce261c29eb,Seth Vonderhuevel,Bibb County SO GA,1428,"05/01/2026, 07:00:26 PM UTC
05/02/2026, 07:00:26 PM UTC",***Redacted***,Motor Vehicle Theft/Stolen - wanted subject,,***Redacted***,"05/02/2026, 06:38:14 PM UTC",lookup,,
e6f10b46-72ff-4dda-9f1e-ee3167415a86,Seth Vonderhuevel,Bibb County SO GA,1428,"05/01/2026, 07:00:26 PM UTC
05/02/2026, 07:00:26 PM UTC",***Redacted***,Motor Vehicle Theft/Stolen - wanted subject,,***Redacted***,"05/02/2026, 06:44:05 PM UTC",lookup,,
a52bbc92-a67f-4aea-bb1d-d5c705fdc2ef,Seth Vonderhuevel,Bibb County SO GA,3,"04/02/2026, 06:30:03 PM UTC
05/02/2026, 06:30:03 PM UTC",***Redacted***,Motor Vehicle Theft/Stolen - bolo 4c1,,***Redacted***,"05/02/2026, 06:47:34 PM UTC",lookup,,
536e7ffa-53cd-4d11-9790-43bcc869360d,Seth Vonderhuevel,Bibb County SO GA,3,"05/01/2026, 07:00:11 PM UTC
05/02/2026, 07:00:11 PM UTC",***Redacted***,Motor Vehicle Theft/Stolen - bolo 4c1,,***Redacted***,"05/02/2026, 06:49:13 PM UTC",lookup,,
53ea3988-5f30-47cd-ae81-d2f1771e3a43,MELANIE HOFMANN,Bibb County SO GA,11,"05/02/2026, 11:30:23 PM UTC
05/03/2026, 11:30:23 PM UTC",***Redacted***,Motor Vehicle Theft/Stolen - CFS261,,***Redacted***,"05/03/2026, 11:03:27 PM UTC",lookup,,
006bd2b6-2045-4ba9-ba71-8d7bc0f1e260,George Witherspoon,Bibb County SO GA,3,"05/02/2026, 01:04:49 PM UTC
05/03/2026, 01:04:49 PM UTC",***Redacted***,Hit and Run/Car Accident - Investigative,,***Redacted***,"05/03/2026, 01:04:50 PM UTC",lookup - Mobile,,
a83ee468-4070-4a71-8553-76a7c8f1bc4b,Adam Grant,Bibb County SO GA,1361,"04/30/2026, 09:38:56 PM UTC
05/01/2026, 09:38:56 PM UTC",***Redacted***,Larceny/Theft Offenses - 2025-72041,,***Redacted***,"05/01/2026, 09:38:59 PM UTC",lookup - Mobile,,
222bf5ba-b0cb-425b-b982-df1ec1ecd32a,Adam Grant,Bibb County SO GA,1361,"04/24/2026, 09:39:31 PM UTC
05/01/2026, 09:39:31 PM UTC",***Redacted***,Larceny/Theft Offenses - 2025-72041,,***Redacted***,"05/01/2026, 09:39:32 PM UTC",lookup - Mobile,,
1a1b2458-c5ba-4de0-9820-3c64cef20e6b,Adam Grant,Bibb County SO GA,1361,"05/01/2026, 03:58:44 PM UTC
05/01/2026, 09:58:44 PM UTC",***Redacted***,Motor Vehicle Theft/Stolen - 2026-1296,,***Redacted***,"05/01/2026, 09:58:46 PM UTC",lookup - Mobile,,
80a1e888-09ef-442a-99ca-baa3046066e0,Adam Grant,Bibb County SO GA,1361,"05/01/2026, 04:08:28 PM UTC
05/01/2026, 10:08:28 PM UTC",***Redacted***,Motor Vehicle Theft/Stolen - 2026-1296,,***Redacted***,"05/01/2026, 10:08:29 PM UTC",lookup - Mobile,,
25f721ae-ce7f-44b3-8cc9-221595c2c491,Adam Grant,Bibb County SO GA,1361,"05/02/2026, 10:08:12 AM UTC
05/03/2026, 10:08:12 AM UTC",***Redacted***,Motor Vehicle Theft/Stolen - 2026-1296,,***Redacted***,"05/03/2026, 10:08:12 AM UTC",lookup - Mobile,,
6f288f65-ffe5-4662-8160-0a59f796dbdb,Kirsten Davella,Bibb County SO GA,1508,"05/02/2026, 03:30:41 AM UTC
05/03/2026, 03:30:41 AM UTC",***Redacted***,Hit and Run/Car Accident - 2026-38021,,***Redacted***,"05/03/2026, 03:57:38 AM UTC",lookup,,
4700ec8f-048c-4584-b688-88380909b57c,Adam Grant,Bibb County SO GA,1361,"05/02/2026, 06:34:37 AM UTC
05/03/2026, 06:34:37 AM UTC",***Redacted***,Motor Vehicle Theft/Stolen - 2026-1296,,***Redacted***,"05/03/2026, 06:34:37 AM UTC",lookup - Mobile,,
5b4de4d0-e5cf-45b0-9cda-9be3d7b2ef71,Adam Grant,Bibb County SO GA,1428,"05/01/2026, 06:15:00 AM UTC
05/01/2026, 10:14:59 AM UTC",***Redacted***,Motor Vehicle Theft/Stolen - 2026-1296,,***Redacted***,"05/03/2026, 03:23:05 PM UTC",search - Mobile,,
edeec328-98da-4fe2-805f-741d963fd4dc,Adam Grant,Bibb County SO GA,1428,"05/01/2026, 06:15:00 AM UTC
05/01/2026, 10:14:59 AM UTC",***Redacted***,Motor Vehicle Theft/Stolen - 2026-1296,,***Redacted***,"05/03/2026, 03:23:18 PM UTC",search - Mobile,,
ecef24c4-c590-4497-b730-c65115833cdf,Min Ha,Bibb County SO GA,775,"05/02/2026, 07:30:39 PM UTC
05/03/2026, 07:30:39 PM UTC",***Redacted***,Weapons Offense (Guns/Shots Fired) - 2026-38181,,***Redacted***,"05/03/2026, 07:13:43 PM UTC",lookup,,
96f078bc-4d56-4f7c-be34-ef104d79fb9f,Min Ha,Bibb County SO GA,775,"05/02/2026, 07:30:16 PM UTC
05/03/2026, 07:30:16 PM UTC",***Redacted***,Weapons Offense (Guns/Shots Fired) - 2026-38181,,***Redacted***,"05/03/2026, 07:15:21 PM UTC",lookup,,
f49531b3-eda0-4dcf-9ec1-5ff1cb635f58,Min Ha,Bibb County SO GA,775,"05/02/2026, 07:30:16 PM UTC
05/03/2026, 07:30:16 PM UTC",***Redacted***,Weapons Offense (Guns/Shots Fired) - 2026-38181,,***Redacted***,"05/03/2026, 07:15:27 PM UTC",lookup,,
d39ecee8-49ad-4623-bf8b-91769073f7f9,Min Ha,Bibb County SO GA,775,"05/02/2026, 07:30:16 PM UTC
05/03/2026, 07:30:16 PM UTC",***Redacted***,Weapons Offense (Guns/Shots Fired) - 2026-38181,,***Redacted***,"05/03/2026, 07:17:39 PM UTC",lookup,,
16dfc3ca-358c-477a-9452-996faefc9fb0,Thomas Crites,Bibb County SO GA,1,"05/03/2026, 10:45:00 PM UTC
05/03/2026, 11:00:00 PM UTC",***Redacted***,Weapons Offense (Guns/Shots Fired) - 26-38264,,***Redacted***,"05/04/2026, 02:19:16 AM UTC",search,,
25455ea2-57d0-411a-97c9-f024f81eda8e,Seth Vonderhuevel,Bibb County SO GA,1428,"05/02/2026, 03:00:53 PM UTC
05/02/2026, 03:15:53 PM UTC",***Redacted***,Wanted Person (Arrest Warrant/Fugitive) - wanted subject,,***Redacted***,"05/02/2026, 03:15:55 PM UTC",search,,
2a6057f4-9528-4959-9f5f-3e1580f7ad50,Seth Vonderhuevel,Bibb County SO GA,3,"05/02/2026, 03:00:53 PM UTC
05/02/2026, 03:15:53 PM UTC",***Redacted***,Wanted Person (Arrest Warrant/Fugitive) - wanted subject,,***Redacted***,"05/02/2026, 03:16:12 PM UTC",search,,
79d95937-9d35-4a0e-9661-88a71636ce6b,Seth Vonderhuevel,Bibb County SO GA,3,"05/02/2026, 03:00:53 PM UTC
05/02/2026, 03:15:53 PM UTC",***Redacted***,Wanted Person (Arrest Warrant/Fugitive) - wanted subject,,***Redacted***,"05/02/2026, 03:16:31 PM UTC",search,,
8ebae50d-4735-4715-9c1a-0e3695853d01,Adam Grant,Bibb County SO GA,1361,"04/25/2026, 03:19:17 PM UTC
05/02/2026, 03:19:17 PM UTC",***Redacted***,Motor Vehicle Theft/Stolen - 2026-1296,,***Redacted***,"05/02/2026, 03:19:18 PM UTC",lookup - Mobile,,
604c1da9-6476-4fb4-aef8-75a3858197f7,Adam Grant,Bibb County SO GA,1361,"04/25/2026, 03:19:40 PM UTC
05/02/2026, 03:19:40 PM UTC",***Redacted***,Motor Vehicle Theft/Stolen - 2026-1296,,***Redacted***,"05/02/2026, 03:19:41 PM UTC",lookup - Mobile,,
a6201639-ead9-4c25-b72c-8d0d74bf34a1,Min Ha,Bibb County SO GA,2,"05/03/2026, 04:50:00 PM UTC
05/03/2026, 05:25:00 PM UTC",***Redacted***,Weapons Offense (Guns/Shots Fired) - 2026-38181,,***Redacted***,"05/03/2026, 05:41:18 PM UTC",search,,
e4d91f59-d392-421d-8f0f-2f724a5970a6,Min Ha,Bibb County SO GA,2,"05/03/2026, 04:50:00 PM UTC
05/03/2026, 05:25:00 PM UTC",***Redacted***,Weapons Offense (Guns/Shots Fired) - 2026-38181,,***Redacted***,"05/03/2026, 05:41:39 PM UTC",search,,
f40e5da3-fb33-474c-9800-73f10bbf79b7,Min Ha,Bibb County SO GA,2,"05/03/2026, 04:50:00 PM UTC
05/03/2026, 05:25:00 PM UTC",***Redacted***,Weapons Offense (Guns/Shots Fired) - 2026-38181,,***Redacted***,"05/03/2026, 05:41:54 PM UTC",search,,
685d42fe-883b-4299-9ed0-734e6b74ec33,Min Ha,Bibb County SO GA,11,"05/03/2026, 04:50:00 PM UTC
05/03/2026, 05:25:00 PM UTC",***Redacted***,Weapons Offense (Guns/Shots Fired) - 2026-38181,,***Redacted***,"05/03/2026, 05:42:16 PM UTC",search,,
ab92502c-4012-47e5-87d4-396e1f83d08e,Min Ha,Bibb County SO GA,11,"05/03/2026, 04:50:00 PM UTC
05/03/2026, 05:25:00 PM UTC",***Redacted***,Weapons Offense (Guns/Shots Fired) - 2026-38181,,***Redacted***,"05/03/2026, 05:42:36 PM UTC",search,,
660398bc-249e-47be-a636-542ffd223459,Min Ha,Bibb County SO GA,2,"05/03/2026, 04:50:00 PM UTC
05/03/2026, 05:25:00 PM UTC",***Redacted***,Weapons Offense (Guns/Shots Fired) - 2026-38181,,***Redacted***,"05/03/2026, 05:49:17 PM UTC",search,,
2ab1039d-a142-41b6-85d6-6a2920588f75,Min Ha,Bibb County SO GA,2,"05/03/2026, 04:50:00 PM UTC
05/03/2026, 05:25:00 PM UTC",***Redacted***,Weapons Offense (Guns/Shots Fired) - 2026-38181,,***Redacted***,"05/03/2026, 05:50:34 PM UTC",search,,
cdb27b29-66f0-411c-b9c6-0f54e7cadaac,Min Ha,Bibb County SO GA,2,"05/03/2026, 04:50:00 PM UTC
05/03/2026, 05:25:00 PM UTC",***Redacted***,Weapons Offense (Guns/Shots Fired) - 2026-38181,,***Redacted***,"05/03/2026, 05:51:23 PM UTC",search,,
988afeef-ad01-49af-b829-bcf0d71e5670,Min Ha,Bibb County SO GA,11,"05/03/2026, 04:50:00 PM UTC
05/03/2026, 05:25:00 PM UTC",***Redacted***,Weapons Offense (Guns/Shots Fired) - 2026-38181,,***Redacted***,"05/03/2026, 05:52:02 PM UTC",search,,
f18184e2-f2d6-457a-bec9-636eb76473fb,Min Ha,Bibb County SO GA,11,"05/03/2026, 04:50:00 PM UTC
05/03/2026, 05:25:00 PM UTC",***Redacted***,Weapons Offense (Guns/Shots Fired) - 2026-38181,,***Redacted***,"05/03/2026, 05:54:11 PM UTC",search,,
a3aeb1c8-2458-4963-9854-81b65d152473,Min Ha,Bibb County SO GA,11,"05/03/2026, 04:50:00 PM UTC
05/03/2026, 05:25:00 PM UTC",***Redacted***,Weapons Offense (Guns/Shots Fired) - 2026-38181,,***Redacted***,"05/03/2026, 06:06:44 PM UTC",search,,
242e175b-3e09-4435-9a64-f1bcfd2eccb9,Min Ha,Bibb County SO GA,11,"05/03/2026, 04:50:00 PM UTC
05/03/2026, 05:25:00 PM UTC",***Redacted***,Weapons Offense (Guns/Shots Fired) - 2026-38181,,***Redacted***,"05/03/2026, 06:07:21 PM UTC",search,,
1dbe4dea-802a-4736-b7e9-67d47a4a8369,Min Ha,Bibb County SO GA,11,"05/03/2026, 04:50:00 PM UTC
05/03/2026, 05:25:00 PM UTC",***Redacted***,Weapons Offense (Guns/Shots Fired) - 2026-38181,,***Redacted***,"05/03/2026, 06:07:38 PM UTC",search,,
8ee5eb37-bba5-4ec7-87f4-e4daca5685ab,Min Ha,Bibb County SO GA,775,"04/03/2026, 06:30:06 PM UTC
05/03/2026, 06:30:06 PM UTC",***Redacted***,Weapons Offense (Guns/Shots Fired) - 2026-38181,,***Redacted***,"05/03/2026, 06:09:24 PM UTC",lookup,,
57740f43-e6cd-4f23-a86c-1a9bdae4ae96,Min Ha,Bibb County SO GA,775,"04/03/2026, 06:30:06 PM UTC
05/03/2026, 06:30:06 PM UTC",***Redacted***,Weapons Offense (Guns/Shots Fired) - 2026-38181,,***Redacted***,"05/03/2026, 06:09:50 PM UTC",lookup,,
bb8b2382-77ba-47b3-94d2-bde4d4fd60a9,Min Ha,Bibb County SO GA,775,"05/03/2026, 04:30:00 PM UTC
05/03/2026, 06:00:00 PM UTC",***Redacted***,Weapons Offense (Guns/Shots Fired) - 2026-38181,,***Redacted***,"05/03/2026, 06:10:36 PM UTC",lookup,,
700f156e-4768-4558-9a69-e810373c093f,Adam Grant,Bibb County SO GA,1428,"04/25/2026, 02:45:55 AM UTC
05/02/2026, 02:45:55 AM UTC",***Redacted***,Motor Vehicle Theft/Stolen - 2026-1296,,***Redacted***,"05/02/2026, 02:45:59 AM UTC",search - Mobile,,
a6d355b4-14a2-4f65-bcb8-a8df4fe6f665,Adam Grant,Bibb County SO GA,1361,"04/25/2026, 02:46:05 AM UTC
05/02/2026, 02:46:05 AM UTC",***Redacted***,Motor Vehicle Theft/Stolen - 2026-1296,,***Redacted***,"05/02/2026, 02:46:07 AM UTC",lookup - Mobile,,
70b60a33-40d8-4d25-99e9-aeed28164b21,Thomas Crites,Bibb County SO GA,1508,"05/03/2026, 10:30:07 PM UTC
05/04/2026, 12:30:07 AM UTC",***Redacted***,Weapons Offense (Guns/Shots Fired) - 26-38264,,***Redacted***,"05/04/2026, 12:12:02 AM UTC",lookup,,
6efd5b36-54b1-407d-bc8a-07be153f1a1e,Thomas Crites,Bibb County SO GA,1508,"05/03/2026, 10:30:21 PM UTC
05/04/2026, 12:30:21 AM UTC",***Redacted***,Weapons Offense (Guns/Shots Fired) - 26-38264,,***Redacted***,"05/04/2026, 12:12:53 AM UTC",lookup,,
6c3d5e62-d4aa-4de7-9fda-c5bab22f3a97,Thomas Crites,Bibb County SO GA,1508,"05/03/2026, 10:15:00 PM UTC
05/04/2026, 01:00:00 AM UTC",***Redacted***,Weapons Offense (Guns/Shots Fired) - 26-38264,,***Redacted***,"05/04/2026, 12:47:09 AM UTC",lookup,,
00c1da7e-bcca-478a-9ed2-8c9bd4c6de85,Thomas Crites,Bibb County SO GA,1508,"05/03/2026, 10:15:00 PM UTC
05/04/2026, 01:00:00 AM UTC",***Redacted***,Weapons Offense (Guns/Shots Fired) - 26-38264,,***Redacted***,"05/04/2026, 12:47:23 AM UTC",lookup,,
c99fe45f-f47a-4a0b-b355-1751f515b135,Thomas Crites,Bibb County SO GA,1508,"05/03/2026, 10:00:00 PM UTC
05/04/2026, 01:00:00 AM UTC",***Redacted***,Weapons Offense (Guns/Shots Fired) - 26-38264,,***Redacted***,"05/04/2026, 12:48:00 AM UTC",search,,
5e817301-9d05-47b6-96bb-eaa3a61fdd45,Thomas Crites,Bibb County SO GA,1508,"05/03/2026, 10:00:00 PM UTC
05/04/2026, 01:00:00 AM UTC",***Redacted***,Weapons Offense (Guns/Shots Fired) - 26-38264,,***Redacted***,"05/04/2026, 12:48:13 AM UTC",lookup,,
15008a80-291c-4a57-8459-634e84c69ea8,Thomas Crites,Bibb County SO GA,1,"05/03/2026, 10:45:00 PM UTC
05/03/2026, 11:00:00 PM UTC",***Redacted***,Weapons Offense (Guns/Shots Fired) - 26-38264,,***Redacted***,"05/04/2026, 12:51:20 AM UTC",search,,
9d761074-e762-4ee4-84ca-fdf2df62a8d9,Thomas Crites,Bibb County SO GA,1,"05/03/2026, 10:45:00 PM UTC
05/03/2026, 11:00:00 PM UTC",***Redacted***,Weapons Offense (Guns/Shots Fired) - 26-38264,,***Redacted***,"05/04/2026, 12:52:32 AM UTC",search,,
c9424bd8-3297-4000-b4ae-321b5466358d,Jazmine Bussey,Bibb County SO GA,2,"05/01/2026, 08:30:33 PM UTC
05/02/2026, 08:30:33 AM UTC",***Redacted***,Motor Vehicle Theft/Stolen - Missing veh,,***Redacted***,"05/02/2026, 08:03:45 AM UTC",search,,
2f4f391f-2363-40d0-9aee-35f01542d786,Jazmine Bussey,Bibb County SO GA,11,"05/02/2026, 06:44:00 AM UTC
05/02/2026, 08:30:00 AM UTC",***Redacted***,Motor Vehicle Theft/Stolen - Stolen car,,***Redacted***,"05/02/2026, 08:05:29 AM UTC",lookup,,
d57e56c8-f7ce-46f3-97a1-1dfda4f002e2,Jazmine Bussey,Bibb County SO GA,11,"05/02/2026, 06:44:00 AM UTC
05/02/2026, 08:30:00 AM UTC",***Redacted***,Motor Vehicle Theft/Stolen - Stolen car,,***Redacted***,"05/02/2026, 08:05:37 AM UTC",lookup,,
86f37ac1-32c7-4edc-bab0-702cc83964a6,Jazmine Bussey,Bibb County SO GA,775,"05/02/2026, 05:30:00 AM UTC
05/02/2026, 08:30:00 AM UTC",***Redacted***,Motor Vehicle Theft/Stolen - Stolen car,,***Redacted***,"05/02/2026, 08:07:14 AM UTC",lookup,,
4e35afe8-0cd6-498a-a019-d913d319f301,Jazmine Bussey,Bibb County SO GA,775,"05/01/2026, 08:30:18 AM UTC
05/02/2026, 08:30:18 AM UTC",***Redacted***,Motor Vehicle Theft/Stolen - Stolen car,,***Redacted***,"05/02/2026, 08:07:20 AM UTC",lookup,,
19f6f983-0bb1-4f1e-b628-cbab4d2daa0d,Eric Woodford,Bibb County SO GA,2,"05/02/2026, 07:40:52 PM UTC
05/03/2026, 07:40:52 PM UTC",***Redacted***,Missing/Endangered Person/Runaway - Missing person,,***Redacted***,"05/03/2026, 07:40:56 PM UTC",search - Mobile,,
15e7ac3e-b985-44f9-80e3-ded4cca93c8a,Eric Woodford,Bibb County SO GA,2,"05/02/2026, 07:44:44 PM UTC
05/03/2026, 07:44:44 PM UTC",***Redacted***,Missing/Endangered Person/Runaway - Missing person,,***Redacted***,"05/03/2026, 07:44:46 PM UTC",search - Mobile,,
0f9b900b-ad1a-46ad-b4c2-a628290b55b0,Eric Woodford,Bibb County SO GA,2,"05/02/2026, 07:46:09 PM UTC
05/03/2026, 07:46:09 PM UTC",***Redacted***,Missing/Endangered Person/Runaway - Missing person,,***Redacted***,"05/03/2026, 07:46:10 PM UTC",search - Mobile,,
373650f7-1c97-45cc-9024-2d140a720ecc,Eric Woodford,Bibb County SO GA,2,"05/02/2026, 07:47:39 PM UTC
05/03/2026, 07:47:39 PM UTC",***Redacted***,Missing/Endangered Person/Runaway - Missing person,,***Redacted***,"05/03/2026, 07:47:42 PM UTC",search - Mobile,,
92f6ff01-7399-4c81-aec3-2fbb3aeae4f6,Fred Gray,Bibb County SO GA,2,"05/02/2026, 08:30:05 PM UTC
05/03/2026, 08:30:05 PM UTC",***Redacted***,Motor Vehicle Theft/Stolen - Stolen vehicle,,***Redacted***,"05/03/2026, 08:00:07 PM UTC",lookup,,
f8eee306-2c93-4733-9f86-4629dbe05d43,Seth Vonderhuevel,Bibb County SO GA,1428,"04/26/2026, 08:30:55 PM UTC
05/03/2026, 08:30:55 PM UTC",***Redacted***,Motor Vehicle Theft/Stolen - 26-38228,,***Redacted***,"05/03/2026, 08:14:59 PM UTC",lookup,,
cefdb2ca-a554-42c8-b977-1aaa0f70d1ee,Seth Vonderhuevel,Bibb County SO GA,1428,"05/02/2026, 08:30:48 PM UTC
05/03/2026, 08:30:48 PM UTC",***Redacted***,Motor Vehicle Theft/Stolen - 26-38228,,***Redacted***,"05/03/2026, 08:20:50 PM UTC",lookup,,
60a21e85-2881-417a-b457-5523da7026a9,Seth Vonderhuevel,Bibb County SO GA,1428,"05/02/2026, 08:30:44 PM UTC
05/03/2026, 08:30:44 PM UTC",***Redacted***,Motor Vehicle Theft/Stolen - 26-38228,,***Redacted***,"05/03/2026, 08:23:46 PM UTC",search,,
51828752-0b69-4710-bd2b-73a5f26a24ff,Seth Vonderhuevel,Bibb County SO GA,1428,"05/02/2026, 08:30:44 PM UTC
05/03/2026, 08:30:44 PM UTC",***Redacted***,Motor Vehicle Theft/Stolen - 26-38228,,***Redacted***,"05/03/2026, 08:24:09 PM UTC",search,,
3206d011-192e-46f0-8925-0365a3994859,Seth Vonderhuevel,Bibb County SO GA,3,"05/02/2026, 08:30:44 PM UTC
05/03/2026, 08:30:44 PM UTC",***Redacted***,Motor Vehicle Theft/Stolen - 26-38228,,***Redacted***,"05/03/2026, 08:24:26 PM UTC",search,,
caecdcc4-6373-4792-906d-82bba2e17b2c,Seth Vonderhuevel,Bibb County SO GA,1428,"05/02/2026, 08:30:44 PM UTC
05/03/2026, 08:30:44 PM UTC",***Redacted***,Motor Vehicle Theft/Stolen - 26-38228,,***Redacted***,"05/03/2026, 08:28:10 PM UTC",search,,
480ba27f-3c48-4744-9c74-89aeb9426e2c,Seth Vonderhuevel,Bibb County SO GA,1428,"05/02/2026, 09:00:33 PM UTC
05/03/2026, 09:00:33 PM UTC",***Redacted***,Motor Vehicle Theft/Stolen - 26-38228,,***Redacted***,"05/03/2026, 08:31:35 PM UTC",search,,
d6bab231-673f-4698-bd33-8be6bb8e9d50,Seth Vonderhuevel,Bibb County SO GA,1428,"05/02/2026, 09:00:28 PM UTC
05/03/2026, 09:00:28 PM UTC",***Redacted***,Motor Vehicle Theft/Stolen - 26-38228,,***Redacted***,"05/03/2026, 08:32:30 PM UTC",lookup,,
ab17551a-5bd3-4f4c-83ad-8305206676e1,Seth Vonderhuevel,Bibb County SO GA,1428,"05/02/2026, 09:00:28 PM UTC
05/03/2026, 09:00:28 PM UTC",***Redacted***,Motor Vehicle Theft/Stolen - 26-38228,,***Redacted***,"05/03/2026, 08:40:09 PM UTC",lookup,,
3ac303a3-ca4f-448c-927d-4b98eaef358c,Seth Vonderhuevel,Bibb County SO GA,1428,"05/02/2026, 09:00:33 PM UTC
05/03/2026, 09:00:33 PM UTC",***Redacted***,Motor Vehicle Theft/Stolen - 26-38228,,***Redacted***,"05/03/2026, 08:40:21 PM UTC",search,,
17726e11-81e0-4d59-88e6-93707c965605,Seth Vonderhuevel,Bibb County SO GA,1428,"05/02/2026, 09:00:28 PM UTC
05/03/2026, 09:00:28 PM UTC",***Redacted***,Motor Vehicle Theft/Stolen - 26-38228,,***Redacted***,"05/03/2026, 08:42:17 PM UTC",lookup,,
d1325af7-a1c1-4d1a-ac77-d667763c1800,Seth Vonderhuevel,Bibb County SO GA,1428,"05/02/2026, 09:00:33 PM UTC
05/03/2026, 09:00:33 PM UTC",***Redacted***,Motor Vehicle Theft/Stolen - 26-38228,,***Redacted***,"05/03/2026, 08:42:52 PM UTC",search,,
8581078a-495c-4c6e-a94c-4818777de43f,George Witherspoon,Bibb County SO GA,1428,"05/02/2026, 08:43:50 PM UTC
05/03/2026, 08:43:50 PM UTC",***Redacted***,Hit and Run/Car Accident - Investigation,,***Redacted***,"05/03/2026, 08:43:52 PM UTC",search - Mobile,,
b68e48c0-838b-4a4e-bcec-57d679eceece,George Witherspoon,Bibb County SO GA,1428,"05/03/2026, 08:15:00 PM UTC
05/03/2026, 08:19:59 PM UTC",***Redacted***,Hit and Run/Car Accident - Investigation,,***Redacted***,"05/03/2026, 08:45:38 PM UTC",search - Mobile,,
afe19a54-48a9-46fb-96dc-a9d77b14477f,George Witherspoon,Bibb County SO GA,1428,"05/03/2026, 08:10:00 PM UTC
05/03/2026, 08:34:59 PM UTC",***Redacted***,Hit and Run/Car Accident - Investigation,,***Redacted***,"05/03/2026, 08:46:26 PM UTC",search - Mobile,,
154ed496-4e30-4680-9d1b-9f73fb41770d,Seth Vonderhuevel,Bibb County SO GA,1428,"05/02/2026, 09:00:05 PM UTC
05/03/2026, 09:00:05 PM UTC",***Redacted***,Motor Vehicle Theft/Stolen - 26-38228,,***Redacted***,"05/03/2026, 08:47:07 PM UTC",lookup,,
c119b128-64f4-42be-a8c7-5fcc95a6e6c0,George Witherspoon,Bibb County SO GA,1361,"05/03/2026, 08:10:00 PM UTC
05/03/2026, 08:34:59 PM UTC",***Redacted***,Hit and Run/Car Accident - Investigation,,***Redacted***,"05/03/2026, 08:59:44 PM UTC",search - Mobile,,
3c6cf5dc-1cc8-4724-8e8a-aecf0f0bd819,Seth Vonderhuevel,Bibb County SO GA,3,"05/02/2026, 09:00:33 PM UTC
05/03/2026, 09:00:33 PM UTC",***Redacted***,Motor Vehicle Theft/Stolen - 26-38228,,***Redacted***,"05/03/2026, 09:02:13 PM UTC",search,,
8a5f2080-9af8-4472-9d13-e590b71d04af,Seth Vonderhuevel,Bibb County SO GA,3,"05/02/2026, 09:30:19 PM UTC
05/03/2026, 09:30:19 PM UTC",***Redacted***,Motor Vehicle Theft/Stolen - 26-38228,,***Redacted***,"05/03/2026, 09:03:14 PM UTC",lookup,,
6af5d80c-a575-4d87-bf3d-945ade1ff9f0,Min Ha,Bibb County SO GA,11,"05/03/2026, 04:50:00 PM UTC
05/03/2026, 05:25:00 PM UTC",***Redacted***,Motor Vehicle Theft/Stolen - 2026-38228,,***Redacted***,"05/03/2026, 09:06:37 PM UTC",lookup,,
a8371153-84d0-4bd0-af2b-25e85679fd63,Min Ha,Bibb County SO GA,11,"05/03/2026, 07:30:43 PM UTC
05/03/2026, 09:30:43 PM UTC",***Redacted***,Motor Vehicle Theft/Stolen - 2026-38228,,***Redacted***,"05/03/2026, 09:06:45 PM UTC",lookup,,
1c660c3c-225f-4068-8ee2-86b7291ef901,George Witherspoon,Bibb County SO GA,1428,"05/03/2026, 08:10:00 PM UTC
05/03/2026, 08:34:59 PM UTC",***Redacted***,Hit and Run/Car Accident - Investigation,,***Redacted***,"05/03/2026, 09:07:16 PM UTC",search - Mobile,,
4d9b37b1-bde4-486f-8e5f-46166164074d,Seth Vonderhuevel,Bibb County SO GA,3,"05/02/2026, 09:30:20 PM UTC
05/03/2026, 09:30:20 PM UTC",***Redacted***,Motor Vehicle Theft/Stolen - 26-38228,,***Redacted***,"05/03/2026, 09:07:23 PM UTC",lookup,,
ebd6ad50-9ad0-4848-804e-aca9e2a0fb4c,Min Ha,Bibb County SO GA,11,"05/03/2026, 07:30:43 PM UTC
05/03/2026, 09:30:43 PM UTC",***Redacted***,Motor Vehicle Theft/Stolen - 2026-38228,,***Redacted***,"05/03/2026, 09:07:50 PM UTC",lookup,,
7b6c051a-6bb9-431a-9a83-37d1e3592f9d,Min Ha,Bibb County SO GA,11,"05/03/2026, 07:30:43 PM UTC
05/03/2026, 09:30:43 PM UTC",***Redacted***,Motor Vehicle Theft/Stolen - 2026-38228,,***Redacted***,"05/03/2026, 09:07:54 PM UTC",lookup,,
c2da570d-6356-49a2-90ff-db7ae4108cbf,George Witherspoon,Bibb County SO GA,1428,"05/03/2026, 08:10:00 PM UTC
05/03/2026, 08:34:59 PM UTC",***Redacted***,Hit and Run/Car Accident - Investigation,,***Redacted***,"05/03/2026, 09:09:20 PM UTC",search - Mobile,,
b90eed01-cbf3-4dd7-956a-8e0635ef5545,George Witherspoon,Bibb County SO GA,1428,"05/03/2026, 08:10:00 PM UTC
05/03/2026, 08:34:59 PM UTC",***Redacted***,Hit and Run/Car Accident - Investigation,,***Redacted***,"05/03/2026, 09:09:31 PM UTC",searchSummary - Mobile,,
c78bee69-7bcd-4ce1-b633-7f9d1f9094aa,George Witherspoon,Bibb County SO GA,1428,"05/03/2026, 08:10:00 PM UTC
05/03/2026, 08:34:59 PM UTC",***Redacted***,Hit and Run/Car Accident - Investigation,,***Redacted***,"05/03/2026, 09:14:35 PM UTC",search - Mobile,,
6f8fc88e-85df-4233-a705-e1f76459a2fc,George Witherspoon,Bibb County SO GA,3,"05/03/2026, 08:10:00 PM UTC
05/03/2026, 08:34:59 PM UTC",***Redacted***,Hit and Run/Car Accident - Investigation,,***Redacted***,"05/03/2026, 09:16:15 PM UTC",freeform - Mobile,objectClass:vehicle Black Chevy SUV with driver’s side damage and tinted windows,allow
725944fe-0d66-48eb-8adf-2f08c63f982b,George Witherspoon,Bibb County SO GA,3,"05/03/2026, 08:10:00 PM UTC
05/03/2026, 08:34:59 PM UTC",***Redacted***,Hit and Run/Car Accident - Investigation,,***Redacted***,"05/03/2026, 09:17:25 PM UTC",freeform - Mobile,objectClass:vehicle Black Chevy SUV with driver’s side damage and tinted windows,allow
74aa3fb7-7ab5-451d-91b5-f314bac53f61,Wesley Durbin,Bibb County SO GA,776,"05/16/2026, 02:30:00 AM UTC
05/16/2026, 06:30:00 AM UTC",***Redacted***,Burglary/Breaking & Entering - ,2026-44325,***Redacted***,"05/26/2026, 03:49:05 PM UTC",search,,
1eb92322-eb2e-4d59-b165-3c96e66ad428,Wesley Durbin,Bibb County SO GA,1,"05/16/2026, 02:30:00 AM UTC
05/16/2026, 06:30:00 AM UTC",***Redacted***,Burglary/Breaking & Entering - ,2026-44325,***Redacted***,"05/26/2026, 03:49:09 PM UTC",search,,
0322ec6c-c327-46d8-8d69-260167a7eaf9,Wesley Durbin,Bibb County SO GA,1,"05/16/2026, 02:30:00 AM UTC
05/16/2026, 06:30:00 AM UTC",***Redacted***,Burglary/Breaking & Entering - ,2026-44325,***Redacted***,"05/26/2026, 03:49:25 PM UTC",search,,
41b4d959-189c-41ba-b4c7-358393ef66b1,Wesley Durbin,Bibb County SO GA,776,"05/16/2026, 02:30:00 AM UTC
05/16/2026, 06:30:00 AM UTC",***Redacted***,Burglary/Breaking & Entering - ,2026-44325,***Redacted***,"05/26/2026, 03:50:05 PM UTC",search,,
3c726a61-9e34-42b8-8a1d-4f88704b1cc3,Wesley Durbin,Bibb County SO GA,1,"05/16/2026, 02:30:00 AM UTC
05/16/2026, 06:30:00 AM UTC",***Redacted***,Burglary/Breaking & Entering - ,2026-44325,***Redacted***,"05/26/2026, 03:50:13 PM UTC",search,,
8793e5a6-17a0-40f8-8a46-48ba5fabde16,Enrique Hogan,Bibb County SO GA,730,"05/19/2026, 03:50:13 PM UTC
05/26/2026, 03:50:13 PM UTC",***Redacted***,Wanted Person (Arrest Warrant/Fugitive) - ,FID 202467104,***Redacted***,"05/26/2026, 03:50:15 PM UTC",lookup - Mobile,,
c08cd5f3-140c-453e-9a29-36949c4f2bc8,Enrique Hogan,Bibb County SO GA,730,"05/19/2026, 03:50:23 PM UTC
05/26/2026, 03:50:23 PM UTC",***Redacted***,Wanted Person (Arrest Warrant/Fugitive) - ,FID 202467104,***Redacted***,"05/26/2026, 03:50:24 PM UTC",lookup - Mobile,,
5bddd03a-a29a-4309-a7f4-680b628f1098,Enrique Hogan,Bibb County SO GA,730,"05/19/2026, 03:54:02 PM UTC
05/26/2026, 03:54:02 PM UTC",***Redacted***,Wanted Person (Arrest Warrant/Fugitive) - ,FID 202467104,***Redacted***,"05/26/2026, 03:54:03 PM UTC",lookup - Mobile,,
8d09f51d-fbb7-40bb-b3e6-bc1ebbb997f0,Enrique Hogan,Bibb County SO GA,730,"05/19/2026, 03:57:37 PM UTC
05/26/2026, 03:57:37 PM UTC",***Redacted***,Wanted Person (Arrest Warrant/Fugitive) - ,FID 202467104,***Redacted***,"05/26/2026, 03:57:38 PM UTC",lookup - Mobile,,
ed40b7ac-f37c-46e5-93d0-c7533f66fb70,Wesley Durbin,Bibb County SO GA,776,"05/16/2026, 02:30:00 AM UTC
05/16/2026, 06:30:00 AM UTC",***Redacted***,Burglary/Breaking & Entering - ,2026-44325,***Redacted***,"05/26/2026, 03:59:47 PM UTC",search,,
61b568a9-2e0b-4d92-98e1-cc9c0a17cdaa,Wesley Durbin,Bibb County SO GA,776,"05/16/2026, 06:00:00 AM UTC
05/16/2026, 06:30:00 AM UTC",***Redacted***,Burglary/Breaking & Entering - ,2026-44325,***Redacted***,"05/26/2026, 04:00:51 PM UTC",search,,
5a6772b9-18b9-4bae-a3ec-327191cd3610,Wesley Durbin,Bibb County SO GA,1,"05/16/2026, 06:00:00 AM UTC
05/16/2026, 06:30:00 AM UTC",***Redacted***,Burglary/Breaking & Entering - ,2026-44325,***Redacted***,"05/26/2026, 04:01:00 PM UTC",search,,
efdd7f49-e799-4738-8d02-5392e42f8bdb,Wesley Durbin,Bibb County SO GA,1,"05/16/2026, 06:00:00 AM UTC
05/16/2026, 06:30:00 AM UTC",***Redacted***,Burglary/Breaking & Entering - ,2026-44325,***Redacted***,"05/26/2026, 04:03:45 PM UTC",search,,
dd33abd8-6b3e-4817-b21e-4c8d8b871512,Alex Fletcher,Bibb County SO GA,3,"05/23/2026, 04:30:00 PM UTC
05/26/2026, 04:30:00 PM UTC",***Redacted***,Larceny/Theft Offenses - ,2026-31104,***Redacted***,"05/26/2026, 04:04:01 PM UTC",freeform,objectClass:vehicle silver sedan with large item hanging out trunk,allow
fd72e9d9-19c0-4cb6-a24a-3b59de6554aa,Alex Fletcher,Bibb County SO GA,3,"05/23/2026, 04:30:00 PM UTC
05/26/2026, 04:30:00 PM UTC",***Redacted***,Larceny/Theft Offenses - ,2026-31104,***Redacted***,"05/26/2026, 04:05:09 PM UTC",freeform,objectClass:vehicle silver sedan hatchback with large item hanging out trunk,allow
cc439122-028d-4c6d-9b8c-26874f199a17,Enrique Hogan,Bibb County SO GA,730,"05/19/2026, 04:05:53 PM UTC
05/26/2026, 04:05:53 PM UTC",***Redacted***,Wanted Person (Arrest Warrant/Fugitive) - ,FID 202467104,***Redacted***,"05/26/2026, 04:05:58 PM UTC",lookup - Mobile,,
e2172789-5b39-4e96-b62f-1cb79093813f,Alex Fletcher,Bibb County SO GA,3,"05/23/2026, 04:30:00 PM UTC
05/26/2026, 04:30:00 PM UTC",***Redacted***,Larceny/Theft Offenses - ,2026-31104,***Redacted***,"05/26/2026, 04:08:35 PM UTC",freeform,objectClass:vehicle silver sedan hatchback with lawn mower hanging out trunk,allow
71febe3f-c629-406a-ba1b-2a458fba72ce,Wesley Durbin,Bibb County SO GA,1,"05/16/2026, 06:00:00 AM UTC
05/16/2026, 06:30:00 AM UTC",***Redacted***,Burglary/Breaking & Entering - ,2026-44325,***Redacted***,"05/26/2026, 04:09:17 PM UTC",search,,
c04bb31a-3434-41c7-b654-62052579336d,Wesley Durbin,Bibb County SO GA,1,"05/16/2026, 06:00:00 AM UTC
05/16/2026, 06:30:00 AM UTC",***Redacted***,Burglary/Breaking & Entering - ,2026-44325,***Redacted***,"05/26/2026, 04:09:28 PM UTC",search,,
df7b69e0-0185-4f64-b7ab-f6e7dad7494c,Cicero Goddard,Bibb County SO GA,2,"05/25/2026, 07:02:11 PM UTC
05/26/2026, 07:02:11 PM UTC",***Redacted***,Material Witness - ,22CR80337,***Redacted***,"05/26/2026, 07:02:12 PM UTC",lookup - Mobile,,
3afe6348-4a39-495f-8d2b-4a23986ec537,Cicero Goddard,Bibb County SO GA,2,"05/26/2026, 01:02:21 PM UTC
05/26/2026, 07:02:21 PM UTC",***Redacted***,Material Witness - ,22CR80337,***Redacted***,"05/26/2026, 07:02:21 PM UTC",lookup - Mobile,,
345cc8fd-411a-4364-b5ce-b4b9a96fc82c,Cicero Goddard,Bibb County SO GA,2,"05/26/2026, 01:02:25 PM UTC
05/26/2026, 07:02:25 PM UTC",***Redacted***,Material Witness - ,22CR80337,***Redacted***,"05/26/2026, 07:02:25 PM UTC",lookup - Mobile,,
c3d1aba9-a1e4-481e-8b78-c3b9ab083433,Cicero Goddard,Bibb County SO GA,2,"05/25/2026, 07:02:29 PM UTC
05/26/2026, 07:02:29 PM UTC",***Redacted***,Material Witness - ,22CR80337,***Redacted***,"05/26/2026, 07:02:29 PM UTC",lookup - Mobile,,
c1652485-4fc2-45c3-b66b-33c8016c77af,Cicero Goddard,Bibb County SO GA,2,"05/26/2026, 07:02:35 AM UTC
05/26/2026, 07:02:35 PM UTC",***Redacted***,Material Witness - ,22CR80337,***Redacted***,"05/26/2026, 07:02:35 PM UTC",lookup - Mobile,,
a5baf2b6-5b5c-4bdf-8090-e4817f0a8343,Cicero Goddard,Bibb County SO GA,2,"05/26/2026, 01:03:11 PM UTC
05/26/2026, 07:03:11 PM UTC",***Redacted***,Material Witness - ,22CR80337,***Redacted***,"05/26/2026, 07:03:12 PM UTC",search - Mobile,,
74b53877-7487-45c5-8783-28202bd2a8a3,Justin Edwards,Bibb County SO GA,3,"05/19/2026, 07:12:55 PM UTC
05/26/2026, 07:12:55 PM UTC",***Redacted***,"Assault/Battery Offenses, Homicide/Death Investigation - ",2024-67104,***Redacted***,"05/26/2026, 07:12:57 PM UTC",lookup - Mobile,,
b20b6616-2114-48c4-b2c5-0e75ba02b8a8,Justin Edwards,Bibb County SO GA,3,"05/19/2026, 07:13:23 PM UTC
05/26/2026, 07:13:23 PM UTC",***Redacted***,"Assault/Battery Offenses, Homicide/Death Investigation - ",2024-67104,***Redacted***,"05/26/2026, 07:13:24 PM UTC",lookup - Mobile,,
4e51805f-299d-49a7-a057-352c35f0b28b,Justin Edwards,Bibb County SO GA,3,"05/19/2026, 07:13:26 PM UTC
05/26/2026, 07:13:26 PM UTC",***Redacted***,"Assault/Battery Offenses, Homicide/Death Investigation - ",2024-67104,***Redacted***,"05/26/2026, 07:13:27 PM UTC",lookup - Mobile,,
5e310e19-9c86-4010-9f28-b642703755bc,Justin Edwards,Bibb County SO GA,3,"05/19/2026, 07:13:29 PM UTC
05/26/2026, 07:13:29 PM UTC",***Redacted***,"Assault/Battery Offenses, Homicide/Death Investigation - ",2024-67104,***Redacted***,"05/26/2026, 07:13:30 PM UTC",lookup - Mobile,,
3fbb0e44-4439-4298-b13a-ad7302c1b591,Justin Edwards,Bibb County SO GA,3,"05/19/2026, 07:13:31 PM UTC
05/26/2026, 07:13:31 PM UTC",***Redacted***,"Assault/Battery Offenses, Homicide/Death Investigation - ",2024-67104,***Redacted***,"05/26/2026, 07:13:32 PM UTC",lookup - Mobile,,
2996bcb5-d8ce-45ab-b82d-8734197a60da,Justin Edwards,Bibb County SO GA,3,"05/19/2026, 07:13:42 PM UTC
05/26/2026, 07:13:42 PM UTC",***Redacted***,"Assault/Battery Offenses, Homicide/Death Investigation - ",2024-67104,***Redacted***,"05/26/2026, 07:13:43 PM UTC",lookup - Mobile,,
15bd525a-4a4f-40e9-aa14-9aba727f1e1f,Enrique Hogan,Bibb County SO GA,730,"05/19/2026, 07:13:45 PM UTC
05/26/2026, 07:13:45 PM UTC",***Redacted***,Wanted Person (Arrest Warrant/Fugitive) - ,FID 202467104,***Redacted***,"05/26/2026, 07:13:47 PM UTC",lookup - Mobile,,
a3b8d733-8fb3-4aa6-b658-1a6f3547827d,Justin Edwards,Bibb County SO GA,3,"05/19/2026, 07:14:13 PM UTC
05/26/2026, 07:14:13 PM UTC",***Redacted***,"Assault/Battery Offenses, Homicide/Death Investigation - ",2024-67104,***Redacted***,"05/26/2026, 07:14:14 PM UTC",lookup - Mobile,,
4a53e78c-73ec-4c95-95ef-f62ed36ba5a5,Enrique Hogan,Bibb County SO GA,730,"05/19/2026, 07:14:20 PM UTC
05/26/2026, 07:14:20 PM UTC",***Redacted***,Wanted Person (Arrest Warrant/Fugitive) - ,FID 202467104,***Redacted***,"05/26/2026, 07:14:21 PM UTC",lookup - Mobile,,
76f090bc-feb5-4777-a454-2166bfadbbf1,Justin Edwards,Bibb County SO GA,3,"05/19/2026, 07:15:31 PM UTC
05/26/2026, 07:15:31 PM UTC",***Redacted***,"Assault/Battery Offenses, Homicide/Death Investigation - ",2024-67104,***Redacted***,"05/26/2026, 07:15:32 PM UTC",lookup - Mobile,,
4d6d7d55-58c0-43a8-9b25-6c68a9eaf44e,Enrique Hogan,Bibb County SO GA,730,"05/19/2026, 07:16:30 PM UTC
05/26/2026, 07:16:30 PM UTC",***Redacted***,Wanted Person (Arrest Warrant/Fugitive) - ,FID 202467104,***Redacted***,"05/26/2026, 07:16:31 PM UTC",lookup - Mobile,,
2d8db3ba-40ce-4524-95d8-c16f3a26f7f4,George Witherspoon,Bibb County SO GA,1356,"05/25/2026, 07:22:39 PM UTC
05/26/2026, 07:22:39 PM UTC",***Redacted***,Wanted Person (Arrest Warrant/Fugitive) - ,Wanted,***Redacted***,"05/26/2026, 07:22:41 PM UTC",lookup - Mobile,,
7e9d7556-bbad-4885-8909-bad4a0e84220,George Witherspoon,Bibb County SO GA,1356,"05/25/2026, 07:25:15 PM UTC
05/26/2026, 07:25:15 PM UTC",***Redacted***,Wanted Person (Arrest Warrant/Fugitive) - ,Wanted,***Redacted***,"05/26/2026, 07:25:16 PM UTC",lookup - Mobile,,
291c91fb-395b-44e1-9546-9776c1cdd335,Enrique Hogan,Bibb County SO GA,730,"05/19/2026, 07:25:58 PM UTC
05/26/2026, 07:25:58 PM UTC",***Redacted***,Wanted Person (Arrest Warrant/Fugitive) - ,FID 202467104,***Redacted***,"05/26/2026, 07:26:00 PM UTC",lookup - Mobile,,
59eb6e05-7ae9-411c-b49c-b0c27c23fc34,Alex Fletcher,Bibb County SO GA,3,"05/26/2026, 07:00:00 AM UTC
05/26/2026, 08:30:00 AM UTC",***Redacted***,Larceny/Theft Offenses - ,2026-31104,***Redacted***,"05/26/2026, 04:49:31 PM UTC",search,,
85cd70c0-ff3d-4243-8f09-91daf004c736,Alex Fletcher,Bibb County SO GA,3,"05/26/2026, 08:00:00 AM UTC
05/26/2026, 08:40:00 AM UTC",***Redacted***,Larceny/Theft Offenses - ,2026-31104,***Redacted***,"05/26/2026, 04:50:40 PM UTC",search,,
a533a972-20c1-4a0f-8235-1e52fb4a404e,Justin Edwards,Bibb County SO GA,3,"05/19/2026, 04:51:53 PM UTC
05/26/2026, 04:51:53 PM UTC",***Redacted***,"Assault/Battery Offenses, Homicide/Death Investigation - ",2024-67104,***Redacted***,"05/26/2026, 04:52:05 PM UTC",lookup - Mobile,,
4e9ac79e-072d-4369-b512-971539ace683,Enrique Hogan,Bibb County SO GA,730,"05/19/2026, 04:54:01 PM UTC
05/26/2026, 04:54:01 PM UTC",***Redacted***,Wanted Person (Arrest Warrant/Fugitive) - ,FID 202467104,***Redacted***,"05/26/2026, 04:54:02 PM UTC",lookup - Mobile,,
9089654c-014c-452d-ad17-73a302060eb4,Alex Fletcher,Bibb County SO GA,3,"05/24/2026, 04:30:32 PM UTC
05/26/2026, 04:30:32 PM UTC",***Redacted***,Larceny/Theft Offenses - ,2026-31104,***Redacted***,"05/26/2026, 04:54:34 PM UTC",freeform,objectClass:vehicle white work van with stripe down bottom side,allow
3e8a8c9e-5c14-409a-a12d-823d94957f4b,Justin Edwards,Bibb County SO GA,3,"05/19/2026, 05:02:09 PM UTC
05/26/2026, 05:02:09 PM UTC",***Redacted***,"Assault/Battery Offenses, Homicide/Death Investigation - ",2024-67104,***Redacted***,"05/26/2026, 05:02:10 PM UTC",lookup - Mobile,,
af0665da-aef9-462f-adbb-7a4ee958283a,Justin Edwards,Bibb County SO GA,3,"05/19/2026, 05:02:14 PM UTC
05/26/2026, 05:02:14 PM UTC",***Redacted***,"Assault/Battery Offenses, Homicide/Death Investigation - ",2024-67104,***Redacted***,"05/26/2026, 05:02:15 PM UTC",lookup - Mobile,,
d7f1b8be-9cf8-4d7a-81ee-5301d1eecbe1,Enrique Hogan,Bibb County SO GA,730,"05/19/2026, 05:02:22 PM UTC
05/26/2026, 05:02:22 PM UTC",***Redacted***,Wanted Person (Arrest Warrant/Fugitive) - ,FID 202467104,***Redacted***,"05/26/2026, 05:02:23 PM UTC",lookup - Mobile,,
a495f981-fb81-43cd-995e-b4e8da22298c,Enrique Hogan,Bibb County SO GA,730,"05/19/2026, 05:07:50 PM UTC
05/26/2026, 05:07:50 PM UTC",***Redacted***,Wanted Person (Arrest Warrant/Fugitive) - ,FID 202467104,***Redacted***,"05/26/2026, 05:07:52 PM UTC",lookup - Mobile,,
adb598ce-ebef-4f9c-8451-f0e6607db284,Adam Grant,Bibb County SO GA,1356,"04/26/2026, 05:11:35 PM UTC
05/26/2026, 05:11:35 PM UTC",***Redacted***,Larceny/Theft Offenses - ,2026-1296,***Redacted***,"05/26/2026, 05:11:37 PM UTC",lookup - Mobile,,
2bce6961-6179-4346-bc84-570d6039b151,Justin Edwards,Bibb County SO GA,3,"05/19/2026, 05:21:30 PM UTC
05/26/2026, 05:21:30 PM UTC",***Redacted***,"Assault/Battery Offenses, Homicide/Death Investigation - ",2024-67104,***Redacted***,"05/26/2026, 05:21:33 PM UTC",lookup - Mobile,,
0ec3abbd-35a3-4b77-b2c1-6af0a2c1fe8a,Adam Grant,Bibb County SO GA,1356,"04/26/2026, 05:22:52 PM UTC
05/26/2026, 05:22:52 PM UTC",***Redacted***,Larceny/Theft Offenses - ,2026-1296,***Redacted***,"05/26/2026, 05:22:53 PM UTC",lookup - Mobile,,
f053ba82-65c8-46d9-8400-b24434116d17,Craig Lewis,Bibb County SO GA,11,"05/26/2026, 10:30:05 AM UTC
05/26/2026, 12:30:05 PM UTC",***Redacted***,Hit and Run/Car Accident - ,2026-45635,***Redacted***,"05/26/2026, 12:13:28 PM UTC",lookup,,
7f9852be-efc5-43e1-891d-11928311447a,Craig Lewis,Bibb County SO GA,11,"04/26/2026, 12:30:16 PM UTC
05/26/2026, 12:30:16 PM UTC",***Redacted***,Hit and Run/Car Accident - ,2026-45635,***Redacted***,"05/26/2026, 12:14:20 PM UTC",lookup,,
2c864e77-aeb0-43f8-80b2-c5635f2c6dfc,Wesley Durbin,Bibb County SO GA,776,"04/26/2026, 12:30:30 PM UTC
05/26/2026, 12:30:30 PM UTC",***Redacted***,Burglary/Breaking & Entering - ,2026-44325,***Redacted***,"05/26/2026, 12:21:34 PM UTC",lookup,,
3b7208be-7461-428f-9bad-dc28c25526a0,Wesley Durbin,Bibb County SO GA,1,"04/26/2026, 12:30:30 PM UTC
05/26/2026, 12:30:30 PM UTC",***Redacted***,Burglary/Breaking & Entering - ,2026-44325,***Redacted***,"05/26/2026, 12:22:01 PM UTC",lookup,,
6f9dc6e7-1b99-4f8d-a4ba-1b50e09d32f1,Wesley Durbin,Bibb County SO GA,1,"04/26/2026, 12:30:30 PM UTC
05/26/2026, 12:30:30 PM UTC",***Redacted***,Burglary/Breaking & Entering - ,2026-44325,***Redacted***,"05/26/2026, 12:22:40 PM UTC",lookup,,
9ec640d8-fab6-49fd-9fc0-c452d0176ada,Wesley Durbin,Bibb County SO GA,1,"04/26/2026, 12:30:30 PM UTC
05/26/2026, 12:30:30 PM UTC",***Redacted***,Burglary/Breaking & Entering - ,2026-44325,***Redacted***,"05/26/2026, 12:25:58 PM UTC",lookup,,
146b7e08-7416-49e5-b539-ed00213b7482,Robbie Joiner,Bibb County SO GA,1512,"05/22/2026, 11:00:00 PM UTC
05/26/2026, 01:00:00 PM UTC",***Redacted***,Weapons Offense (Guns/Shots Fired) - ,2026-44524,***Redacted***,"05/26/2026, 12:35:30 PM UTC",search,,
8d9b8cff-d848-40ca-a3c3-d7efeed68954,Robbie Joiner,Bibb County SO GA,1512,"05/22/2026, 11:00:00 PM UTC
05/23/2026, 01:00:00 AM UTC",***Redacted***,Weapons Offense (Guns/Shots Fired) - ,2026-44524,***Redacted***,"05/26/2026, 12:35:59 PM UTC",search,,
d1240907-4b75-4fea-8823-a17d735aaea5,Justin Edwards,Bibb County SO GA,730,"05/19/2026, 12:37:35 PM UTC
05/26/2026, 12:37:35 PM UTC",***Redacted***,Assault/Battery Offenses - ,2024-67104,***Redacted***,"05/26/2026, 12:37:40 PM UTC",lookup - Mobile,,
1801f4be-2c74-46ea-82ec-4b6bbc065fab,Robbie Joiner,Bibb County SO GA,1512,"05/22/2026, 11:00:00 PM UTC
05/23/2026, 01:00:00 AM UTC",***Redacted***,Weapons Offense (Guns/Shots Fired) - ,2026-44524,***Redacted***,"05/26/2026, 12:40:03 PM UTC",search,,
9e51c6f9-92a7-4039-a9bf-6c65350a8140,Robbie Joiner,Bibb County SO GA,3,"05/22/2026, 11:00:00 PM UTC
05/23/2026, 01:00:00 AM UTC",***Redacted***,Weapons Offense (Guns/Shots Fired) - ,2026-44524,***Redacted***,"05/26/2026, 12:40:38 PM UTC",search,,
c273dce3-d98c-4297-8f79-857759bcb5e8,Wesley Durbin,Bibb County SO GA,3,"05/26/2026, 11:00:14 AM UTC
05/26/2026, 01:00:14 PM UTC",***Redacted***,Burglary/Breaking & Entering - ,2026-44325,***Redacted***,"05/26/2026, 12:40:50 PM UTC",lookup,,
304b60e9-57a3-411d-84d8-bf4bf0e35979,Wesley Durbin,Bibb County SO GA,3,"04/26/2026, 01:00:55 PM UTC
05/26/2026, 01:00:55 PM UTC",***Redacted***,Burglary/Breaking & Entering - ,2026-44325,***Redacted***,"05/26/2026, 12:40:58 PM UTC",lookup,,
617f4b2e-4263-4b19-b23c-d9d9ffae27f4,Robbie Joiner,Bibb County SO GA,3,"05/22/2026, 04:00:00 PM UTC
05/23/2026, 03:00:00 AM UTC",***Redacted***,Weapons Offense (Guns/Shots Fired) - ,2026-44524,***Redacted***,"05/26/2026, 12:41:19 PM UTC",search,,
b96395f9-5609-4574-9e9c-d0e42db747b4,Robbie Joiner,Bibb County SO GA,3,"05/22/2026, 04:00:00 PM UTC
05/23/2026, 03:00:00 AM UTC",***Redacted***,Weapons Offense (Guns/Shots Fired) - ,2026-44524,***Redacted***,"05/26/2026, 12:41:27 PM UTC",lookup,,
195902a1-7ab5-46d7-b751-e538c8d9a63c,Robbie Joiner,Bibb County SO GA,3,"05/22/2026, 04:00:00 PM UTC
05/23/2026, 03:00:00 AM UTC",***Redacted***,Weapons Offense (Guns/Shots Fired) - ,2026-44524,***Redacted***,"05/26/2026, 12:41:38 PM UTC",search,,
658a336a-8af9-47af-8ea9-020439804926,Wesley Durbin,Bibb County SO GA,776,"04/26/2026, 01:00:55 PM UTC
05/26/2026, 01:00:55 PM UTC",***Redacted***,Burglary/Breaking & Entering - ,2026-44325,***Redacted***,"05/26/2026, 12:42:51 PM UTC",lookup,,
dd023d29-4e47-4671-883b-ad2f24ef3d2f,Wesley Durbin,Bibb County SO GA,1,"04/26/2026, 01:00:55 PM UTC
05/26/2026, 01:00:55 PM UTC",***Redacted***,Burglary/Breaking & Entering - ,2026-44325,***Redacted***,"05/26/2026, 12:43:06 PM UTC",lookup,,
0414cbd2-1921-4b0a-97ce-36c78031f794,Wesley Durbin,Bibb County SO GA,1,"04/26/2026, 01:00:55 PM UTC
05/26/2026, 01:00:55 PM UTC",***Redacted***,Burglary/Breaking & Entering - ,2026-44325,***Redacted***,"05/26/2026, 12:44:18 PM UTC",lookup,,
e79c0d82-21a7-48da-b939-e85655f79197,Wesley Durbin,Bibb County SO GA,1,"04/26/2026, 01:00:55 PM UTC
05/26/2026, 01:00:55 PM UTC",***Redacted***,Burglary/Breaking & Entering - ,2026-44325,***Redacted***,"05/26/2026, 12:57:09 PM UTC",lookup,,
7528fdd4-399a-4109-b9e8-5412786df6c4,Wesley Durbin,Bibb County SO GA,776,"05/17/2026, 02:45:00 AM UTC
05/27/2026, 03:15:00 AM UTC",***Redacted***,Burglary/Breaking & Entering - ,2026-44325,***Redacted***,"05/26/2026, 12:59:17 PM UTC",lookup,,
92c6a852-2b42-42d9-b7ab-360dc767c3c2,Wesley Durbin,Bibb County SO GA,1,"05/17/2026, 02:45:00 AM UTC
05/27/2026, 03:15:00 AM UTC",***Redacted***,Burglary/Breaking & Entering - ,2026-44325,***Redacted***,"05/26/2026, 12:59:25 PM UTC",lookup,,
644c1f09-ba4e-4d83-ba55-7a0935538c9f,Wesley Durbin,Bibb County SO GA,776,"05/17/2026, 02:45:00 AM UTC
05/17/2026, 03:15:00 AM UTC",***Redacted***,Burglary/Breaking & Entering - ,2026-44325,***Redacted***,"05/26/2026, 12:59:35 PM UTC",lookup,,
9e779262-7844-47f3-bfb8-0a348c9120e9,Wesley Durbin,Bibb County SO GA,776,"05/17/2026, 02:45:00 AM UTC
05/17/2026, 03:15:00 AM UTC",***Redacted***,Burglary/Breaking & Entering - ,2026-44325,***Redacted***,"05/26/2026, 12:59:44 PM UTC",lookup,,
bdff63b5-405c-4893-8c28-d48d1fcc8c92,Wesley Durbin,Bibb County SO GA,776,"05/17/2026, 02:45:00 AM UTC
05/17/2026, 03:15:00 AM UTC",***Redacted***,Burglary/Breaking & Entering - ,2026-44325,***Redacted***,"05/26/2026, 12:59:59 PM UTC",lookup,,
5e59a8d5-a6fa-41da-8a36-c221471fd82b,Wesley Durbin,Bibb County SO GA,776,"05/17/2026, 02:45:00 AM UTC
05/17/2026, 03:30:00 AM UTC",***Redacted***,Burglary/Breaking & Entering - ,2026-44325,***Redacted***,"05/26/2026, 01:00:15 PM UTC",lookup,,
3c6c848c-2902-4302-abee-85631c0e3aa6,Wesley Durbin,Bibb County SO GA,776,"05/17/2026, 02:45:00 AM UTC
05/17/2026, 03:30:00 AM UTC",***Redacted***,Burglary/Breaking & Entering - ,2026-44325,***Redacted***,"05/26/2026, 01:00:22 PM UTC",search,,
534829b1-5f1d-4cdb-8200-1e191730bb4e,Wesley Durbin,Bibb County SO GA,776,"05/17/2026, 02:45:00 AM UTC
05/17/2026, 03:30:00 AM UTC",***Redacted***,Burglary/Breaking & Entering - ,2026-44325,***Redacted***,"05/26/2026, 01:02:07 PM UTC",search,,
f5db6868-067e-4458-90ea-ec6a6a23137b,Wesley Durbin,Bibb County SO GA,776,"05/17/2026, 02:45:00 AM UTC
05/17/2026, 03:30:00 AM UTC",***Redacted***,Burglary/Breaking & Entering - ,2026-44325,***Redacted***,"05/26/2026, 01:02:51 PM UTC",search,,
b506e476-d763-460b-9abc-45292f77d280,Wesley Durbin,Bibb County SO GA,1,"05/17/2026, 02:45:00 AM UTC
05/17/2026, 03:30:00 AM UTC",***Redacted***,Burglary/Breaking & Entering - ,2026-44325,***Redacted***,"05/26/2026, 01:03:03 PM UTC",search,,
e948b171-ea93-4db6-94af-f15caf92d5cd,Joshua Benfield,Bibb County SO GA,11,"05/25/2026, 05:30:25 PM UTC
05/26/2026, 05:30:25 PM UTC",***Redacted***,Hit and Run/Car Accident - ,2026-45788,***Redacted***,"05/26/2026, 05:23:27 PM UTC",lookup,,
06f002f2-2207-489f-9de4-4c75b0b3b1b2,Joshua Benfield,Bibb County SO GA,11,"05/25/2026, 05:30:25 PM UTC
05/26/2026, 05:30:25 PM UTC",***Redacted***,Hit and Run/Car Accident - ,2026-45788,***Redacted***,"05/26/2026, 05:43:39 PM UTC",lookup,,
47dfefcd-d2f6-40d7-ac5c-24734722931b,Robbie Joiner,Bibb County SO GA,1512,"04/01/2026, 11:00:00 PM UTC
05/27/2026, 01:55:00 AM UTC",***Redacted***,Weapons Offense (Guns/Shots Fired) - ,2026-44524,***Redacted***,"05/26/2026, 02:12:16 PM UTC",lookup,,
48a6f757-56c4-4fa7-b4af-3d237e98d6f1,Robbie Joiner,Bibb County SO GA,3,"04/01/2026, 11:00:00 PM UTC
05/27/2026, 01:55:00 AM UTC",***Redacted***,Weapons Offense (Guns/Shots Fired) - ,2026-44524,***Redacted***,"05/26/2026, 02:12:49 PM UTC",lookup,,
f383fa25-766c-45d3-8a2f-056f08771e58,Justin Edwards,Bibb County SO GA,3,"05/19/2026, 02:15:38 PM UTC
05/26/2026, 02:15:38 PM UTC",***Redacted***,Assault/Battery Offenses - ,2024-67104,***Redacted***,"05/26/2026, 02:15:40 PM UTC",lookup - Mobile,,
8e898414-ec19-4036-87ef-5356fc538b90,Robbie Joiner,Bibb County SO GA,1,"05/22/2026, 11:50:00 PM UTC
05/22/2026, 11:55:00 PM UTC",***Redacted***,Weapons Offense (Guns/Shots Fired) - ,2026-44524,***Redacted***,"05/26/2026, 02:42:41 PM UTC",search,,
ddbdacde-f570-4f63-979e-7dd0a68fd55e,Robbie Joiner,Bibb County SO GA,1,"05/22/2026, 11:50:00 PM UTC
05/22/2026, 11:55:00 PM UTC",***Redacted***,Weapons Offense (Guns/Shots Fired) - ,2026-44524,***Redacted***,"05/26/2026, 02:43:39 PM UTC",search,,
b6ee5378-6ac5-490d-a828-70d6ac98c49a,Justin Edwards,Bibb County SO GA,3,"05/19/2026, 02:48:56 PM UTC
05/26/2026, 02:48:56 PM UTC",***Redacted***,Assault/Battery Offenses - ,2024-67104,***Redacted***,"05/26/2026, 02:48:58 PM UTC",lookup - Mobile,,
8aff4430-73fe-4c0f-8d4a-7f81fb157077,Enrique Hogan,Bibb County SO GA,3,"05/19/2026, 02:49:49 PM UTC
05/26/2026, 02:49:49 PM UTC",***Redacted***,Wanted Person (Arrest Warrant/Fugitive) - ,FID 202467104,***Redacted***,"05/26/2026, 02:49:50 PM UTC",lookup - Mobile,,
03fb6f49-4a25-445c-afab-dc321013ed9a,Wesley Durbin,Bibb County SO GA,1,"05/16/2026, 06:00:00 AM UTC
05/16/2026, 06:30:00 AM UTC",***Redacted***,Burglary/Breaking & Entering - ,2026-44325,***Redacted***,"05/26/2026, 04:10:53 PM UTC",search,,
d9cbaf72-7884-49a5-a088-9d897f6a4ba4,Wesley Durbin,Bibb County SO GA,776,"05/16/2026, 06:10:00 AM UTC
05/16/2026, 06:25:00 AM UTC",***Redacted***,Burglary/Breaking & Entering - ,2026-44325,***Redacted***,"05/26/2026, 04:11:35 PM UTC",search,,
c2628b37-6607-40e8-a438-c3f01f3548d4,Wesley Durbin,Bibb County SO GA,1,"05/16/2026, 06:10:00 AM UTC
05/16/2026, 06:25:00 AM UTC",***Redacted***,Burglary/Breaking & Entering - ,2026-44325,***Redacted***,"05/26/2026, 04:11:39 PM UTC",search,,
d3552ad7-8d57-4712-97d5-3f38261d9958,Alex Fletcher,Bibb County SO GA,3,"05/26/2026, 06:00:00 AM UTC
05/26/2026, 08:00:00 AM UTC",***Redacted***,Larceny/Theft Offenses - ,2026-31104,***Redacted***,"05/26/2026, 04:12:03 PM UTC",freeform,objectClass:vehicle silver sedan,allow
0f86e9ff-01ae-486a-b234-3ae71bd7918b,Alex Fletcher,Bibb County SO GA,3,"05/26/2026, 07:00:00 AM UTC
05/26/2026, 08:45:00 AM UTC",***Redacted***,Larceny/Theft Offenses - ,2026-31104,***Redacted***,"05/26/2026, 04:14:04 PM UTC",freeform,objectClass:vehicle silver sedan,allow
137a8f66-d1eb-40ef-82ac-cbb761397d69,Alex Fletcher,Bibb County SO GA,3,"05/26/2026, 03:00:00 AM UTC
05/26/2026, 07:00:00 AM UTC",***Redacted***,Larceny/Theft Offenses - ,2026-31104,***Redacted***,"05/26/2026, 04:16:22 PM UTC",freeform,objectClass:vehicle white van with stripe down side with writing on driver door,allow
92cbf9b3-2913-4a09-a55b-1abc754a002a,Alex Fletcher,Bibb County SO GA,3,"05/24/2026, 04:30:32 PM UTC
05/26/2026, 04:30:32 PM UTC",***Redacted***,Larceny/Theft Offenses - ,2026-31104,***Redacted***,"05/26/2026, 04:16:38 PM UTC",freeform,objectClass:vehicle white van with stripe down side with writing on driver door,allow
343bd1f8-461b-49e6-806c-68cc16ca2ab4,Alex Fletcher,Bibb County SO GA,3,"05/24/2026, 04:30:32 PM UTC
05/26/2026, 04:30:32 PM UTC",***Redacted***,Larceny/Theft Offenses - ,2026-31104,***Redacted***,"05/26/2026, 04:16:56 PM UTC",freeform,objectClass:vehicle white work van with stripe down side with writing on driver door,allow
b68d80bd-2976-42d1-9eee-ac7515fb2b11,Alex Fletcher,Bibb County SO GA,3,"05/24/2026, 04:30:32 PM UTC
05/26/2026, 04:30:32 PM UTC",***Redacted***,Larceny/Theft Offenses - ,2026-31104,***Redacted***,"05/26/2026, 04:17:28 PM UTC",freeform,objectClass:vehicle white work van with stripe down bottom side with writing on driver door,allow
6a39f3e8-d835-4711-ba5e-544d62cf2cf2,Alex Fletcher,Bibb County SO GA,3,"05/25/2026, 04:30:24 PM UTC
05/26/2026, 04:30:24 PM UTC",***Redacted***,Larceny/Theft Offenses - ,2026-31104,***Redacted***,"05/26/2026, 04:20:33 PM UTC",search,,
1f2621d6-8c3e-431e-8f0c-aeab60ea298e,Alex Fletcher,Bibb County SO GA,3,"05/25/2026, 04:30:24 PM UTC
05/26/2026, 04:30:24 PM UTC",***Redacted***,Larceny/Theft Offenses - ,2026-31104,***Redacted***,"05/26/2026, 04:26:16 PM UTC",search,,
7670b0ca-065f-4b44-9f10-dca6c37b13d6,Alex Fletcher,Bibb County SO GA,3,"05/25/2026, 04:30:24 PM UTC
05/26/2026, 04:30:24 PM UTC",***Redacted***,Larceny/Theft Offenses - ,2026-31104,***Redacted***,"05/26/2026, 04:26:28 PM UTC",search,,
395a2090-a85f-43a1-9716-a19ffe114942,Dalton Palmer,Bibb County SO GA,11,"05/26/2026, 02:30:10 PM UTC
05/26/2026, 04:30:10 PM UTC",***Redacted***,Wanted Person (Arrest Warrant/Fugitive) - ,26-45688,***Redacted***,"05/26/2026, 04:32:07 PM UTC",search,,
c14e9e81-a56e-4498-9990-51ac25ff36d1,Dalton Palmer,Bibb County SO GA,11,"05/26/2026, 02:30:10 PM UTC
05/26/2026, 04:30:10 PM UTC",***Redacted***,Wanted Person (Arrest Warrant/Fugitive) - ,26-45688,***Redacted***,"05/26/2026, 04:33:25 PM UTC",search,,
8fe87d3d-aa48-4e91-99a9-c6f6f4fe8b46,Dalton Palmer,Bibb County SO GA,11,"05/26/2026, 02:30:00 PM UTC
05/26/2026, 04:30:00 PM UTC",***Redacted***,Wanted Person (Arrest Warrant/Fugitive) - ,26-45688,***Redacted***,"05/26/2026, 04:34:00 PM UTC",search,,
45dde82a-290e-4f22-9857-f7dff3b22b4d,Dalton Palmer,Bibb County SO GA,11,"05/26/2026, 03:30:00 PM UTC
05/26/2026, 04:30:00 PM UTC",***Redacted***,Wanted Person (Arrest Warrant/Fugitive) - ,26-45688,***Redacted***,"05/26/2026, 04:35:03 PM UTC",search,,
175032e4-902f-4f66-82e0-98dd0d37a4a8,Adam Grant,Bibb County SO GA,1356,"04/26/2026, 04:39:47 PM UTC
05/26/2026, 04:39:47 PM UTC",***Redacted***,Larceny/Theft Offenses - ,2026-1296,***Redacted***,"05/26/2026, 04:39:50 PM UTC",lookup - Mobile,,
9753d309-a9e2-4626-9498-ddf02f8eb7c9,Justin Edwards,Bibb County SO GA,3,"05/19/2026, 04:45:08 PM UTC
05/26/2026, 04:45:08 PM UTC",***Redacted***,"Assault/Battery Offenses, Homicide/Death Investigation - ",2024-67104,***Redacted***,"05/26/2026, 04:45:10 PM UTC",lookup - Mobile,,
8d2023ad-31ef-4253-935c-e45ba120dd2d,Wesley Durbin,Bibb County SO GA,1,"05/17/2026, 02:45:00 AM UTC
05/17/2026, 03:30:00 AM UTC",***Redacted***,Burglary/Breaking & Entering - ,2026-44325,***Redacted***,"05/26/2026, 01:18:52 PM UTC",search,,
876877a9-a806-4233-8402-0cc232878136,Wesley Durbin,Bibb County SO GA,776,"05/16/2026, 06:00:00 AM UTC
05/16/2026, 06:30:00 AM UTC",***Redacted***,Burglary/Breaking & Entering - ,2026-44325,***Redacted***,"05/26/2026, 01:19:43 PM UTC",search,,
4d8a97af-1d3a-4e47-a4c8-9dd7242df387,Wesley Durbin,Bibb County SO GA,1,"05/16/2026, 06:00:00 AM UTC
05/16/2026, 06:30:00 AM UTC",***Redacted***,Burglary/Breaking & Entering - ,2026-44325,***Redacted***,"05/26/2026, 01:19:51 PM UTC",search,,
49707651-8fa2-4ebb-bb86-21c6ae48af54,George Witherspoon,Bibb County SO GA,1357,"05/25/2026, 01:20:54 PM UTC
05/26/2026, 01:20:54 PM UTC",***Redacted***,Motor Vehicle Theft/Stolen - ,2926-45666,***Redacted***,"05/26/2026, 01:20:55 PM UTC",lookup - Mobile,,
da7e41a2-82f0-45ed-82ed-2e35be2f943c,George Witherspoon,Bibb County SO GA,1357,"05/19/2026, 01:20:57 PM UTC
05/26/2026, 01:20:57 PM UTC",***Redacted***,Motor Vehicle Theft/Stolen - ,2926-45666,***Redacted***,"05/26/2026, 01:20:57 PM UTC",lookup - Mobile,,
f018ecbf-18bb-439d-b208-a6818cc232a8,George Witherspoon,Bibb County SO GA,1357,"05/12/2026, 01:20:59 PM UTC
05/26/2026, 01:20:59 PM UTC",***Redacted***,Motor Vehicle Theft/Stolen - ,2926-45666,***Redacted***,"05/26/2026, 01:20:59 PM UTC",lookup - Mobile,,
9352859b-604a-4f22-98cc-3130a8405423,George Witherspoon,Bibb County SO GA,1357,"05/25/2026, 01:21:25 PM UTC
05/26/2026, 01:21:25 PM UTC",***Redacted***,Motor Vehicle Theft/Stolen - ,2926-45666,***Redacted***,"05/26/2026, 01:21:27 PM UTC",lookup - Mobile,,
7a927e01-69db-4cc0-a56f-120dcd752724,Emily Mattox,Bibb County SO GA,11,"05/26/2026, 11:30:51 AM UTC
05/26/2026, 01:30:51 PM UTC",***Redacted***,Motor Vehicle Theft/Stolen - ,2026-45666,***Redacted***,"05/26/2026, 01:21:29 PM UTC",lookup,,
f97c6a76-ccd9-4ae2-a9a0-01b00322c46e,Emily Mattox,Bibb County SO GA,11,"05/19/2026, 01:30:34 PM UTC
05/26/2026, 01:30:34 PM UTC",***Redacted***,Motor Vehicle Theft/Stolen - ,2026-45666,***Redacted***,"05/26/2026, 01:21:41 PM UTC",lookup,,
d4f2e19e-10e4-4535-ae76-ff68b6eb8c60,Wesley Durbin,Bibb County SO GA,776,"05/16/2026, 06:00:00 AM UTC
05/16/2026, 06:30:00 AM UTC",***Redacted***,Burglary/Breaking & Entering - ,2026-44325,***Redacted***,"05/26/2026, 01:21:42 PM UTC",search,,
38e3fae3-5bf1-4743-8dc5-ee6468e38995,Wesley Durbin,Bibb County SO GA,776,"05/16/2026, 06:00:00 AM UTC
05/16/2026, 06:30:00 AM UTC",***Redacted***,Burglary/Breaking & Entering - ,2026-44325,***Redacted***,"05/26/2026, 01:21:50 PM UTC",search,,
5b017410-0eff-4405-ab17-f1a48b6c5063,Wesley Durbin,Bibb County SO GA,1,"05/16/2026, 06:00:00 AM UTC
05/16/2026, 06:30:00 AM UTC",***Redacted***,Burglary/Breaking & Entering - ,2026-44325,***Redacted***,"05/26/2026, 01:21:55 PM UTC",search,,
31774016-3920-48e4-b404-e3565499ce9a,Wesley Durbin,Bibb County SO GA,776,"05/17/2026, 06:00:00 AM UTC
05/17/2026, 06:30:00 AM UTC",***Redacted***,Burglary/Breaking & Entering - ,2026-44325,***Redacted***,"05/26/2026, 01:22:59 PM UTC",search,,
c2cb4449-3d39-4caf-a5d5-ffd9a1600716,Wesley Durbin,Bibb County SO GA,1,"05/17/2026, 06:00:00 AM UTC
05/17/2026, 06:30:00 AM UTC",***Redacted***,Burglary/Breaking & Entering - ,2026-44325,***Redacted***,"05/26/2026, 01:23:06 PM UTC",search,,
afe4c0c4-f02b-4216-92a8-e5dbc8b2a84f,Wesley Durbin,Bibb County SO GA,776,"05/17/2026, 02:30:00 AM UTC
05/17/2026, 06:30:00 AM UTC",***Redacted***,Burglary/Breaking & Entering - ,2026-44325,***Redacted***,"05/26/2026, 01:24:03 PM UTC",search,,
fc27e635-e7d3-41ca-a029-f8b7fc5fbe61,Wesley Durbin,Bibb County SO GA,776,"05/17/2026, 02:30:00 AM UTC
05/17/2026, 06:30:00 AM UTC",***Redacted***,Burglary/Breaking & Entering - ,2026-44325,***Redacted***,"05/26/2026, 01:24:16 PM UTC",search,,
2c1e1932-07b5-4472-816c-0de757241115,Wesley Durbin,Bibb County SO GA,1,"05/17/2026, 02:30:00 AM UTC
05/17/2026, 06:30:00 AM UTC",***Redacted***,Burglary/Breaking & Entering - ,2026-44325,***Redacted***,"05/26/2026, 01:25:23 PM UTC",search,,
89a7bdc2-74b4-4580-9021-13f0436ab534,Wesley Durbin,Bibb County SO GA,1,"05/17/2026, 02:30:00 AM UTC
05/17/2026, 06:30:00 AM UTC",***Redacted***,Burglary/Breaking & Entering - ,2026-44325,***Redacted***,"05/26/2026, 01:25:41 PM UTC",search,,
9640d84c-3728-40a0-83e9-658b51ab6ffc,Robbie Joiner,Bibb County SO GA,1,"05/22/2026, 11:45:00 PM UTC
05/22/2026, 11:55:00 PM UTC",***Redacted***,Weapons Offense (Guns/Shots Fired) - ,2026-44524,***Redacted***,"05/26/2026, 01:41:14 PM UTC",search,,
6c2d20dc-3dee-4978-af9e-f307f7806075,Robbie Joiner,Bibb County SO GA,1,"05/22/2026, 11:45:00 PM UTC
05/22/2026, 11:55:00 PM UTC",***Redacted***,Weapons Offense (Guns/Shots Fired) - ,2026-44524,***Redacted***,"05/26/2026, 01:42:04 PM UTC",search,,
e6c6aee8-aee5-415a-9c2c-b792d4f19b5f,Robbie Joiner,Bibb County SO GA,1,"05/22/2026, 11:45:00 PM UTC
05/22/2026, 11:55:00 PM UTC",***Redacted***,Weapons Offense (Guns/Shots Fired) - ,2026-44524,***Redacted***,"05/26/2026, 01:43:47 PM UTC",search,,
a0e6d3f8-7d5e-4a69-8b31-91d967b57a2d,Robbie Joiner,Bibb County SO GA,1512,"05/22/2026, 11:00:00 PM UTC
05/23/2026, 01:55:00 AM UTC",***Redacted***,Weapons Offense (Guns/Shots Fired) - ,2026-44524,***Redacted***,"05/26/2026, 01:51:10 PM UTC",lookup,,
ebc6574b-1035-45c6-b454-3de0ca10821a,Cicero Goddard,Bibb County SO GA,2,"05/25/2026, 01:53:26 PM UTC
05/26/2026, 01:53:26 PM UTC",***Redacted***,Material Witness - ,22CR80337,***Redacted***,"05/26/2026, 01:53:27 PM UTC",lookup - Mobile,,
e64975ae-9c74-4f2b-80fc-4e0c46b25d62,Enrique Hogan,Bibb County SO GA,3,"05/19/2026, 02:58:40 PM UTC
05/26/2026, 02:58:40 PM UTC",***Redacted***,Wanted Person (Arrest Warrant/Fugitive) - ,FID 202467104,***Redacted***,"05/26/2026, 02:58:41 PM UTC",lookup - Mobile,,
0871862e-9c3a-4196-aaa9-5f1ef94ce362,Enrique Hogan,Bibb County SO GA,3,"05/19/2026, 03:02:32 PM UTC
05/26/2026, 03:02:32 PM UTC",***Redacted***,Wanted Person (Arrest Warrant/Fugitive) - ,FID 202467104,***Redacted***,"05/26/2026, 03:02:34 PM UTC",lookup - Mobile,,
aba1ea61-5a13-40f4-8690-aa0ccd5adc6f,Enrique Hogan,Bibb County SO GA,730,"05/19/2026, 03:13:50 PM UTC
05/26/2026, 03:13:50 PM UTC",***Redacted***,Wanted Person (Arrest Warrant/Fugitive) - ,FID 202467104,***Redacted***,"05/26/2026, 03:13:52 PM UTC",lookup - Mobile,,
f27cd214-63bc-4a7e-af4c-51bbb1de4c4b,Justin Edwards,Bibb County SO GA,3,"05/19/2026, 03:15:42 PM UTC
05/26/2026, 03:15:42 PM UTC",***Redacted***,"Assault/Battery Offenses, Homicide/Death Investigation - ",2024-67104,***Redacted***,"05/26/2026, 03:15:44 PM UTC",lookup - Mobile,,
1e374bc8-b707-4430-8797-25aa00f5e2f2,Enrique Hogan,Bibb County SO GA,730,"05/19/2026, 03:18:03 PM UTC
05/26/2026, 03:18:03 PM UTC",***Redacted***,Wanted Person (Arrest Warrant/Fugitive) - ,FID 202467104,***Redacted***,"05/26/2026, 03:18:04 PM UTC",lookup - Mobile,,
101ebe91-4d72-457b-a6ca-e450245562a3,Kirsten Davella,Bibb County SO GA,1512,"04/26/2026, 03:30:17 PM UTC
05/26/2026, 03:30:17 PM UTC",***Redacted***,Wanted Person (Arrest Warrant/Fugitive) - ,276848C,***Redacted***,"05/26/2026, 03:26:19 PM UTC",lookup,,
5b544032-0cb2-4ecb-9ab8-3c334409f582,Kirsten Davella,Bibb County SO GA,1512,"04/26/2026, 03:30:17 PM UTC
05/26/2026, 03:30:17 PM UTC",***Redacted***,Wanted Person (Arrest Warrant/Fugitive) - ,283329-C,***Redacted***,"05/26/2026, 03:27:45 PM UTC",lookup,,
12cd7b36-9ada-4930-a548-9455cb44f848,Joshua Benfield,Bibb County SO GA,11,"05/24/2026, 04:00:12 PM UTC
05/25/2026, 04:00:12 PM UTC",***Redacted***,Motor Vehicle Theft/Stolen - ,2026-6756,***Redacted***,"05/25/2026, 03:59:34 PM UTC",lookup,,
1b46ef68-0d78-4e30-b61f-245eb9ba15a5,Joshua Benfield,Bibb County SO GA,11,"05/18/2026, 04:00:36 PM UTC
05/25/2026, 04:00:36 PM UTC",***Redacted***,Motor Vehicle Theft/Stolen - ,2026-6756,***Redacted***,"05/25/2026, 03:59:37 PM UTC",lookup,,
2a5a635b-7fa4-4125-9fe3-0f7128981cc9,Joshua Benfield,Bibb County SO GA,11,"04/25/2026, 04:00:41 PM UTC
05/25/2026, 04:00:41 PM UTC",***Redacted***,Motor Vehicle Theft/Stolen - ,2026-6756,***Redacted***,"05/25/2026, 03:59:45 PM UTC",lookup,,
6b345703-ff2b-4a25-80fc-24bb509481bf,Shane Benton,Bibb County SO GA,11,"05/25/2026, 02:30:21 PM UTC
05/25/2026, 04:30:21 PM UTC",***Redacted***,Stolen Property Offenses - ,2026-45360,***Redacted***,"05/25/2026, 04:09:24 PM UTC",lookup,,
462cc31a-2fe4-43db-9b58-c2ce6df2b9d5,Shane Benton,Bibb County SO GA,11,"05/24/2026, 04:30:42 PM UTC
05/25/2026, 04:30:42 PM UTC",***Redacted***,Stolen Property Offenses - ,2026-45360,***Redacted***,"05/25/2026, 04:09:46 PM UTC",lookup,,
0dc7c25f-ef6b-46e3-9cb2-3731210567f2,Kirsten Davella,Bibb County SO GA,1512,"05/25/2026, 04:00:00 PM UTC
05/25/2026, 04:28:00 PM UTC",***Redacted***,Assault/Battery Offenses - ,2026-45374,***Redacted***,"05/25/2026, 04:28:37 PM UTC",search,,
fa821448-d5a8-4bf3-bd2a-10b49e79b381,Shane Benton,Bibb County SO GA,11,"05/25/2026, 03:00:04 PM UTC
05/25/2026, 05:00:04 PM UTC",***Redacted***,Stolen Property Offenses - ,2026-45360,***Redacted***,"05/25/2026, 04:54:06 PM UTC",lookup,,
8ccbbe88-4a05-49b7-88b8-98653b29bc61,Kirsten Davella,Bibb County SO GA,1512,"05/18/2026, 05:30:56 PM UTC
05/25/2026, 05:30:56 PM UTC",***Redacted***,Assault/Battery Offenses - ,2026-45374,***Redacted***,"05/25/2026, 05:00:57 PM UTC",lookup,,
6381d09b-3b8f-40ec-ad7c-e6ab41109609,Kirsten Davella,Bibb County SO GA,1512,"04/25/2026, 05:30:04 PM UTC
05/25/2026, 05:30:04 PM UTC",***Redacted***,Assault/Battery Offenses - ,2026-45374,***Redacted***,"05/25/2026, 05:01:06 PM UTC",lookup,,
e03286a8-9d41-4687-8776-d24539d791c7,Kirsten Davella,Bibb County SO GA,1512,"04/25/2026, 05:30:04 PM UTC
05/25/2026, 05:30:04 PM UTC",***Redacted***,Assault/Battery Offenses - ,2026-45374,***Redacted***,"05/25/2026, 05:06:21 PM UTC",lookup,,
76e15fe3-3d78-47e1-b314-5971d1296462,Kirsten Davella,Bibb County SO GA,1512,"04/25/2026, 05:30:04 PM UTC
05/25/2026, 05:30:04 PM UTC",***Redacted***,Assault/Battery Offenses - ,2026-45374,***Redacted***,"05/25/2026, 05:07:13 PM UTC",lookup,,
03569b32-d516-437d-9f22-90b675d27946,Joshua Benfield,Bibb County SO GA,2,"05/18/2026, 08:00:58 PM UTC
05/25/2026, 08:00:58 PM UTC",***Redacted***,Wanted Person (Arrest Warrant/Fugitive) - ,2026-45314,***Redacted***,"05/25/2026, 07:41:00 PM UTC",lookup,,
4c29bac2-50ad-417b-aae9-af45147fc15a,Joshua Benfield,Bibb County SO GA,2,"04/25/2026, 08:00:04 PM UTC
05/25/2026, 08:00:04 PM UTC",***Redacted***,Wanted Person (Arrest Warrant/Fugitive) - ,2026-45314,***Redacted***,"05/25/2026, 07:41:06 PM UTC",lookup,,
3d17ed9c-e4f0-4edb-a4a5-295221b41dc7,Joshua Benfield,Bibb County SO GA,2,"04/25/2026, 08:00:04 PM UTC
05/25/2026, 08:00:04 PM UTC",***Redacted***,Wanted Person (Arrest Warrant/Fugitive) - ,2026-45314,***Redacted***,"05/25/2026, 07:41:54 PM UTC",search,,
21c711db-9bd7-4acd-9e5c-32f2ac113083,George Witherspoon,Bibb County SO GA,1357,"05/24/2026, 08:11:09 PM UTC
05/25/2026, 08:11:09 PM UTC",***Redacted***,Assault/Battery Offenses - ,Assault,***Redacted***,"05/25/2026, 08:11:10 PM UTC",lookup - Mobile,,
0d0900d0-7ae6-429a-b876-0291701b5d96,George Witherspoon,Bibb County SO GA,1357,"05/24/2026, 08:11:21 PM UTC
05/25/2026, 08:11:21 PM UTC",***Redacted***,Assault/Battery Offenses - ,Assault,***Redacted***,"05/25/2026, 08:11:21 PM UTC",lookup - Mobile,,
0e394c38-fa07-411c-8e4c-bec29c2e81fd,George Witherspoon,Bibb County SO GA,1357,"05/18/2026, 08:11:23 PM UTC
05/25/2026, 08:11:23 PM UTC",***Redacted***,Assault/Battery Offenses - ,Assault,***Redacted***,"05/25/2026, 08:11:23 PM UTC",lookup - Mobile,,
57783311-b7db-443a-b6d9-710b34db7f13,George Witherspoon,Bibb County SO GA,1357,"05/11/2026, 08:11:24 PM UTC
05/25/2026, 08:11:24 PM UTC",***Redacted***,Assault/Battery Offenses - ,Assault,***Redacted***,"05/25/2026, 08:11:26 PM UTC",lookup - Mobile,,
72f636d9-97fd-4ebe-b39e-4d5bd0185c18,George Witherspoon,Bibb County SO GA,1357,"05/11/2026, 08:11:32 PM UTC
05/25/2026, 08:11:32 PM UTC",***Redacted***,Assault/Battery Offenses - ,Assault,***Redacted***,"05/25/2026, 08:11:33 PM UTC",lookup - Mobile,,
052e4115-2b5a-4a61-992f-e54e02c99b54,George Witherspoon,Bibb County SO GA,1357,"05/24/2026, 08:11:55 PM UTC
05/25/2026, 08:11:55 PM UTC",***Redacted***,Assault/Battery Offenses - ,Assault,***Redacted***,"05/25/2026, 08:11:59 PM UTC",search - Mobile,,
3fd7dd7c-70e4-471d-8264-6ce09771d382,Christian Erceg,Bibb County SO GA,11,"05/27/2026, 11:00:36 PM UTC
05/28/2026, 01:00:36 AM UTC",***Redacted***,Larceny/Theft Offenses - ,2026-46324,***Redacted***,"05/28/2026, 12:58:45 AM UTC",lookup,,
f022ecc9-cc9f-47dd-a8ff-e033ad498cbd,Enrique Hogan,Bibb County SO GA,730,"04/27/2026, 03:02:25 PM UTC
05/27/2026, 03:02:25 PM UTC",***Redacted***,Wanted Person (Arrest Warrant/Fugitive) - ,FID 11968103,***Redacted***,"05/27/2026, 03:02:28 PM UTC",lookup - Mobile,,
11c6fc95-95f8-4150-bdf4-7a7a2f6e4f12,Adam Grant,Bibb County SO GA,1356,"04/26/2026, 08:12:31 PM UTC
05/26/2026, 08:12:31 PM UTC",***Redacted***,Larceny/Theft Offenses - ,2026-1296,***Redacted***,"05/26/2026, 08:12:35 PM UTC",lookup - Mobile,,
b5feccf8-f856-46e8-b41b-fabed3f0609f,Enrique Hogan,Bibb County SO GA,730,"05/19/2026, 07:31:09 PM UTC
05/26/2026, 07:31:09 PM UTC",***Redacted***,Wanted Person (Arrest Warrant/Fugitive) - ,FID 202467104,***Redacted***,"05/26/2026, 07:31:13 PM UTC",lookup - Mobile,,
83147e2c-50fb-4c87-ad97-e92649527e77,Enrique Hogan,Bibb County SO GA,730,"05/19/2026, 07:32:30 PM UTC
05/26/2026, 07:32:30 PM UTC",***Redacted***,Wanted Person (Arrest Warrant/Fugitive) - ,FID 202467104,***Redacted***,"05/26/2026, 07:32:32 PM UTC",lookup - Mobile,,
8722c588-6eed-4fa8-96fa-a509a6f27d10,Enrique Hogan,Bibb County SO GA,730,"05/19/2026, 07:35:18 PM UTC
05/26/2026, 07:35:18 PM UTC",***Redacted***,Wanted Person (Arrest Warrant/Fugitive) - ,FID 202467104,***Redacted***,"05/26/2026, 07:35:20 PM UTC",lookup - Mobile,,
48e4a66f-a75e-4d7c-ab89-a5acb31a138e,Charlee Gibson,Bibb County SO GA,3,"05/26/2026, 06:00:00 PM UTC
05/26/2026, 08:00:00 PM UTC",***Redacted***,Larceny/Theft Offenses - ,CFS590,***Redacted***,"05/26/2026, 07:36:07 PM UTC",lookup,,
eac0168c-d7b9-473e-b36a-0df12e250ff0,Charlee Gibson,Bibb County SO GA,3,"05/25/2026, 08:00:22 PM UTC
05/26/2026, 08:00:22 PM UTC",***Redacted***,Larceny/Theft Offenses - ,CFS590,***Redacted***,"05/26/2026, 07:36:25 PM UTC",lookup,,
22243406-f675-4921-bd5f-dcebb4810217,Enrique Hogan,Bibb County SO GA,730,"05/19/2026, 07:37:20 PM UTC
05/26/2026, 07:37:20 PM UTC",***Redacted***,Wanted Person (Arrest Warrant/Fugitive) - ,FID 202467104,***Redacted***,"05/26/2026, 07:37:22 PM UTC",lookup - Mobile,,
e6649315-2651-4275-9607-a95c423616b4,Charlee Gibson,Bibb County SO GA,3,"05/13/2026, 12:30:00 PM UTC
05/13/2026, 06:30:00 PM UTC",***Redacted***,Stolen Property Offenses - ,2026-3072,***Redacted***,"05/26/2026, 07:37:39 PM UTC",lookup,,
39345527-afbe-4b1b-a3c5-56ec91e0fd32,Shenisha Hutchings,Bibb County SO GA,11,"05/18/2026, 04:00:00 PM UTC
05/18/2026, 04:20:00 PM UTC",***Redacted***,Stolen Property Offenses - ,2026-43069,***Redacted***,"05/26/2026, 07:40:07 PM UTC",search,,
9a525048-30c1-4355-8a48-999dc8d6c0ed,Shenisha Hutchings,Bibb County SO GA,11,"05/18/2026, 03:20:00 PM UTC
05/18/2026, 05:00:00 PM UTC",***Redacted***,Stolen Property Offenses - ,2026-43069,***Redacted***,"05/26/2026, 07:41:57 PM UTC",search,,
8f6d1ebd-b1a2-448f-85af-c47c8a7171b4,Adam Grant,Bibb County SO GA,1356,"04/26/2026, 07:46:22 PM UTC
05/26/2026, 07:46:22 PM UTC",***Redacted***,Larceny/Theft Offenses - ,2026-1296,***Redacted***,"05/26/2026, 07:46:24 PM UTC",lookup - Mobile,,
af57edbb-8b2f-40e3-a430-978ab8d15afd,Shenisha Hutchings,Bibb County SO GA,11,"05/18/2026, 03:20:00 PM UTC
05/18/2026, 05:00:00 PM UTC",***Redacted***,Stolen Property Offenses - ,2026-43069,***Redacted***,"05/26/2026, 07:46:50 PM UTC",search,,
c99fe4eb-1fc6-4638-b0b4-60b3123b2ba4,George Witherspoon,Bibb County SO GA,1356,"05/25/2026, 07:55:05 PM UTC
05/26/2026, 07:55:05 PM UTC",***Redacted***,Larceny/Theft Offenses - ,2026-45839,***Redacted***,"05/26/2026, 07:55:07 PM UTC",lookup - Mobile,,
c6058730-917b-4cf4-bc91-762678e45928,Adam Grant,Bibb County SO GA,1356,"04/26/2026, 07:55:23 PM UTC
05/26/2026, 07:55:23 PM UTC",***Redacted***,Larceny/Theft Offenses - ,2026-1296,***Redacted***,"05/26/2026, 07:55:40 PM UTC",lookup - Mobile,,
c6d677f6-6107-43a0-9f10-1800405878a0,Joshua Benfield,Bibb County SO GA,11,"05/25/2026, 08:00:10 PM UTC
05/26/2026, 08:00:10 PM UTC",***Redacted***,Larceny/Theft Offenses - ,2026-45839,***Redacted***,"05/26/2026, 07:57:14 PM UTC",lookup,,
54fe7462-2f2e-477c-a9c3-59fbb408f953,George Witherspoon,Bibb County SO GA,1356,"05/25/2026, 08:03:04 PM UTC
05/26/2026, 08:03:04 PM UTC",***Redacted***,Larceny/Theft Offenses - ,2026-45839,***Redacted***,"05/26/2026, 08:03:05 PM UTC",lookup - Mobile,,
564eda7f-abc6-4744-82db-92d31babe28c,Seth Vonderhuevel,Bibb County SO GA,1357,"05/25/2026, 10:57:25 AM UTC
05/26/2026, 10:57:25 AM UTC",***Redacted***,Driving Under the Influence (DUI/DWI/OWI/OVI) - ,26-45623,***Redacted***,"05/26/2026, 10:57:26 AM UTC",lookup - Mobile,,
35d63161-6874-42bf-9181-20b9d78cdae2,Justin Edwards,Bibb County SO GA,3,"05/19/2026, 11:28:52 AM UTC
05/26/2026, 11:28:52 AM UTC",***Redacted***,Assault/Battery Offenses - ,2024-67104,***Redacted***,"05/26/2026, 11:28:54 AM UTC",lookup - Mobile,,
86d2a3fb-b16c-4dd7-b772-171019096cbd,Justin Edwards,Bibb County SO GA,3,"05/19/2026, 11:52:20 AM UTC
05/26/2026, 11:52:20 AM UTC",***Redacted***,Assault/Battery Offenses - ,2024-67104,***Redacted***,"05/26/2026, 11:52:21 AM UTC",lookup - Mobile,,
691086a0-745b-4bc5-958d-6108281ab7b5,Justin Edwards,Bibb County SO GA,730,"05/19/2026, 11:54:18 AM UTC
05/26/2026, 11:54:18 AM UTC",***Redacted***,Assault/Battery Offenses - ,2024-67104,***Redacted***,"05/26/2026, 11:54:20 AM UTC",lookup - Mobile,,
84659263-2e70-46b8-99b8-6ccf91a5e044,Justin Edwards,Bibb County SO GA,730,"05/19/2026, 12:02:49 PM UTC
05/26/2026, 12:02:49 PM UTC",***Redacted***,Assault/Battery Offenses - ,2024-67104,***Redacted***,"05/26/2026, 12:02:56 PM UTC",lookup - Mobile,,
6edcd0d7-142a-47cb-8bc5-95bb86bbb92e,Dana Kramer,Bibb County SO GA,776,"05/26/2026, 09:30:16 PM UTC
05/27/2026, 09:30:16 PM UTC",***Redacted***,Motor Vehicle Theft/Stolen - ,2026-46240,***Redacted***,"05/27/2026, 09:16:20 PM UTC",lookup,,
f3bbd30e-3f7d-456e-8197-57cf52ba0a7f,Adam Grant,Bibb County SO GA,1356,"04/27/2026, 04:28:03 AM UTC
05/27/2026, 04:28:03 AM UTC",***Redacted***,Larceny/Theft Offenses - ,2026-1296,***Redacted***,"05/27/2026, 04:28:05 AM UTC",lookup - Mobile,,
4d024e7f-55f4-43fe-b1e1-f8f7bc1e4399,Justin Edwards,Bibb County SO GA,3,"05/20/2026, 11:53:55 AM UTC
05/27/2026, 11:53:55 AM UTC",***Redacted***,"Assault/Battery Offenses, Homicide/Death Investigation - ",2024-67104,***Redacted***,"05/27/2026, 11:53:57 AM UTC",lookup - Mobile,,
013457e0-821e-48ed-9e35-52ff7b38fc36,Wesley Durbin,Bibb County SO GA,1,"05/16/2026, 01:00:00 AM UTC
05/16/2026, 09:00:00 AM UTC",***Redacted***,Burglary/Breaking & Entering - ,2026-44325,***Redacted***,"05/27/2026, 12:11:44 PM UTC",lookup,,
5494bfc2-1d65-4b31-b707-c639d674a352,Wesley Durbin,Bibb County SO GA,1,"05/16/2026, 01:00:00 AM UTC
05/16/2026, 09:00:00 AM UTC",***Redacted***,Burglary/Breaking & Entering - ,2026-44325,***Redacted***,"05/27/2026, 12:12:10 PM UTC",lookup,,
e52aa9c3-641c-4308-a57b-af66ec83e5a7,Wesley Durbin,Bibb County SO GA,776,"05/16/2026, 05:20:00 AM UTC
05/16/2026, 05:55:00 AM UTC",***Redacted***,Burglary/Breaking & Entering - ,2026-44325,***Redacted***,"05/27/2026, 12:14:45 PM UTC",lookup,,
41ec889e-294f-465d-831f-f5ac5b2b53ab,Wesley Durbin,Bibb County SO GA,776,"05/16/2026, 05:20:00 AM UTC
05/16/2026, 05:55:00 AM UTC",***Redacted***,Burglary/Breaking & Entering - ,2026-44325,***Redacted***,"05/27/2026, 12:14:51 PM UTC",search,,
a341bdb9-dca3-466a-9eee-bc93783a8026,Wesley Durbin,Bibb County SO GA,1,"05/16/2026, 05:20:00 AM UTC
05/16/2026, 05:55:00 AM UTC",***Redacted***,Burglary/Breaking & Entering - ,2026-44325,***Redacted***,"05/27/2026, 12:15:01 PM UTC",search,,
7b0d64c5-a1be-4915-8b2f-edb6b5d63304,Justin Edwards,Bibb County SO GA,3,"05/20/2026, 12:19:48 PM UTC
05/27/2026, 12:19:48 PM UTC",***Redacted***,"Assault/Battery Offenses, Homicide/Death Investigation - ",2024-67104,***Redacted***,"05/27/2026, 12:19:49 PM UTC",lookup - Mobile,,
4491ae48-cd83-4f59-bb12-0fb1c5fa49a9,Justin Edwards,Bibb County SO GA,3,"05/20/2026, 12:27:34 PM UTC
05/27/2026, 12:27:34 PM UTC",***Redacted***,"Assault/Battery Offenses, Homicide/Death Investigation - ",2024-67104,***Redacted***,"05/27/2026, 12:27:38 PM UTC",lookup - Mobile,,
b1f5a21d-6810-4e87-a188-b02f6ef5fd50,Toni Lewis,Bibb County SO GA,2,"05/25/2026, 06:00:28 AM UTC
05/25/2026, 08:00:28 AM UTC",***Redacted***,Motor Vehicle Theft/Stolen - ,2026-44898,***Redacted***,"05/25/2026, 07:30:56 AM UTC",lookup,,
1d08281b-c03f-411c-ab33-820f989aade3,Toni Lewis,Bibb County SO GA,2,"05/25/2026, 06:00:28 AM UTC
05/25/2026, 08:00:28 AM UTC",***Redacted***,Motor Vehicle Theft/Stolen - ,2026-44898,***Redacted***,"05/25/2026, 07:31:06 AM UTC",lookup,,
9eb84402-f851-48b6-8a3b-94191ff599b8,Toni Lewis,Bibb County SO GA,2,"05/24/2026, 08:00:09 AM UTC
05/25/2026, 08:00:09 AM UTC",***Redacted***,Motor Vehicle Theft/Stolen - ,2026-44898,***Redacted***,"05/25/2026, 07:31:11 AM UTC",lookup,,
243375cf-86e1-4551-9d60-3bd06c031b8b,Toni Lewis,Bibb County SO GA,2,"05/24/2026, 08:00:09 AM UTC
05/25/2026, 08:00:09 AM UTC",***Redacted***,Motor Vehicle Theft/Stolen - ,2026-44898,***Redacted***,"05/25/2026, 07:31:38 AM UTC",lookup,,
2d3191f2-b97f-478f-bf53-fb342698cfd5,Toni Lewis,Bibb County SO GA,2,"05/24/2026, 08:00:48 AM UTC
05/25/2026, 08:00:48 AM UTC",***Redacted***,Motor Vehicle Theft/Stolen - ,2026-44898,***Redacted***,"05/25/2026, 07:31:50 AM UTC",lookup,,
3e98585d-efcd-4567-b409-75cba43127bf,Toni Lewis,Bibb County SO GA,2,"05/24/2026, 08:00:48 AM UTC
05/25/2026, 08:00:48 AM UTC",***Redacted***,Motor Vehicle Theft/Stolen - ,2026-44898,***Redacted***,"05/25/2026, 07:31:56 AM UTC",lookup,,
8c1329eb-def1-411b-adb1-909737c54211,Toni Lewis,Bibb County SO GA,11,"05/25/2026, 06:00:04 AM UTC
05/25/2026, 08:00:04 AM UTC",***Redacted***,Stolen Property Offenses - ,44898,***Redacted***,"05/25/2026, 07:32:34 AM UTC",lookup,,
678b42e0-725a-4c6a-9ad2-e3372f604483,Toni Lewis,Bibb County SO GA,11,"05/24/2026, 08:00:38 AM UTC
05/25/2026, 08:00:38 AM UTC",***Redacted***,Stolen Property Offenses - ,44898,***Redacted***,"05/25/2026, 07:32:39 AM UTC",lookup,,
035916d2-5ce4-4bc1-9206-eb795845a830,Kirsten Davella,Bibb County SO GA,3,"04/26/2026, 10:30:28 PM UTC
05/26/2026, 10:30:28 PM UTC",***Redacted***,Assault/Battery Offenses - ,2026-45734,***Redacted***,"05/26/2026, 10:10:32 PM UTC",lookup,,
9b24ec34-744f-45c6-8ad0-0e8154f68699,Kirsten Davella,Bibb County SO GA,1,"05/25/2026, 08:07:55 PM UTC
05/25/2026, 08:08:01 PM UTC",***Redacted***,Assault/Battery Offenses - ,2026-45734,***Redacted***,"05/26/2026, 10:16:17 PM UTC",search,,
e0b5d40b-a935-45d1-bbe5-72697b0285d5,Kirsten Davella,Bibb County SO GA,1,"05/25/2026, 04:00:00 PM UTC
05/25/2026, 04:30:00 PM UTC",***Redacted***,Assault/Battery Offenses - ,2026-45734,***Redacted***,"05/26/2026, 10:16:29 PM UTC",search,,
4f1f53e4-3437-49a4-9e77-3d9262432fb6,Kirsten Davella,Bibb County SO GA,1510,"04/27/2026, 09:00:18 PM UTC
05/27/2026, 09:00:18 PM UTC",***Redacted***,Homicide/Death Investigation - ,2026-39343,***Redacted***,"05/27/2026, 08:36:21 PM UTC",lookup,,
c749e2a6-8f52-422c-8496-8b265e8e9865,Kirsten Davella,Bibb County SO GA,1510,"04/27/2026, 09:00:18 PM UTC
05/27/2026, 09:00:18 PM UTC",***Redacted***,Homicide/Death Investigation - ,2026-39343,***Redacted***,"05/27/2026, 08:40:03 PM UTC",lookup,,
351f8519-85d3-4b74-95f3-9401076afada,Alex Fletcher,Bibb County SO GA,3,"05/25/2026, 09:00:04 PM UTC
05/27/2026, 09:00:04 PM UTC",***Redacted***,Drugs/Narcotics - ,2025-78977,***Redacted***,"05/27/2026, 08:43:07 PM UTC",lookup,,
57cccc29-e6df-47f9-bccb-9abf60e2cc06,Alex Fletcher,Bibb County SO GA,1425,"05/26/2026, 02:30:29 AM UTC
05/26/2026, 04:30:29 AM UTC",***Redacted***,Assault/Battery Offenses (Domestic) - ,2026-45586,***Redacted***,"05/26/2026, 04:20:04 AM UTC",lookup,,
ade2baba-813f-4e41-9591-29381058c38e,Alex Fletcher,Bibb County SO GA,1425,"05/26/2026, 02:30:29 AM UTC
05/26/2026, 04:30:29 AM UTC",***Redacted***,Assault/Battery Offenses (Domestic) - ,2026-45586,***Redacted***,"05/26/2026, 04:21:09 AM UTC",lookup,,
a447702a-453b-4b25-aafe-c15777071593,Alex Fletcher,Bibb County SO GA,1425,"05/26/2026, 04:08:08 AM UTC
05/26/2026, 04:23:08 AM UTC",***Redacted***,Assault/Battery Offenses (Domestic) - ,2026-45586,***Redacted***,"05/26/2026, 04:23:11 AM UTC",lookup,,
7328abea-8c2f-45a8-ab61-f6feceab76a9,Alex Fletcher,Bibb County SO GA,1425,"05/26/2026, 02:30:14 AM UTC
05/26/2026, 04:30:14 AM UTC",***Redacted***,Assault/Battery Offenses (Domestic) - ,2026-45586,***Redacted***,"05/26/2026, 04:23:15 AM UTC",lookup,,
d8c537a9-b302-4539-a957-3093f7bafab6,Alex Fletcher,Bibb County SO GA,1425,"05/26/2026, 02:30:14 AM UTC
05/26/2026, 04:30:14 AM UTC",***Redacted***,Assault/Battery Offenses (Domestic) - ,2026-45586,***Redacted***,"05/26/2026, 04:24:48 AM UTC",lookup,,
ea40d27a-6a77-4050-beac-828ff6284cf0,Alex Fletcher,Bibb County SO GA,1425,"05/26/2026, 02:30:16 AM UTC
05/26/2026, 04:30:16 AM UTC",***Redacted***,Assault/Battery Offenses (Domestic) - ,2026-45586,***Redacted***,"05/26/2026, 04:27:18 AM UTC",lookup,,
2f941c7f-79f0-4b39-991b-4f18015e40b1,Alex Fletcher,Bibb County SO GA,1425,"05/26/2026, 02:30:16 AM UTC
05/26/2026, 04:30:16 AM UTC",***Redacted***,Assault/Battery Offenses (Domestic) - ,2026-45586,***Redacted***,"05/26/2026, 04:29:56 AM UTC",lookup,,
57ea306d-4da9-4b0c-b27d-aa1b40f3bd6a,Alex Fletcher,Bibb County SO GA,1425,"05/26/2026, 02:30:16 AM UTC
05/26/2026, 04:30:16 AM UTC",***Redacted***,Assault/Battery Offenses (Domestic) - ,2026-45586,***Redacted***,"05/26/2026, 04:32:09 AM UTC",lookup,,
c056f7b0-2800-49c5-b018-e13f42f00013,Alex Fletcher,Bibb County SO GA,1425,"05/26/2026, 02:30:16 AM UTC
05/26/2026, 04:30:16 AM UTC",***Redacted***,Assault/Battery Offenses (Domestic) - ,2026-45586,***Redacted***,"05/26/2026, 04:32:52 AM UTC",lookup,,
f2344f43-87d4-4c30-838a-1d7287ae71a8,Alex Fletcher,Bibb County SO GA,1425,"05/26/2026, 02:30:16 AM UTC
05/26/2026, 04:30:16 AM UTC",***Redacted***,Assault/Battery Offenses (Domestic) - ,2026-45586,***Redacted***,"05/26/2026, 04:33:29 AM UTC",lookup,,
9116bacb-796f-4fcc-a97d-c247bb1a6cb7,Alex Fletcher,Bibb County SO GA,1425,"05/26/2026, 02:30:16 AM UTC
05/26/2026, 04:30:16 AM UTC",***Redacted***,Assault/Battery Offenses (Domestic) - ,2026-45586,***Redacted***,"05/26/2026, 05:15:08 AM UTC",lookup,,
03bcfd42-c53e-40fd-b575-94354e51b810,Alex Fletcher,Bibb County SO GA,1425,"05/26/2026, 02:30:16 AM UTC
05/26/2026, 04:30:16 AM UTC",***Redacted***,Assault/Battery Offenses (Domestic) - ,2026-45586,***Redacted***,"05/26/2026, 05:21:59 AM UTC",lookup,,
82c87f19-39f2-4f25-8431-4f8b0bdd5b34,Joshua Benfield,Bibb County SO GA,1,"05/26/2026, 04:50:00 PM UTC
05/26/2026, 04:59:00 PM UTC",***Redacted***,Hit and Run/Car Accident - ,2026-6756,***Redacted***,"05/27/2026, 05:33:35 PM UTC",search,,
01d8b6b0-9ac7-49bb-bc7c-c7bb6ced4069,Joshua Benfield,Bibb County SO GA,11,"04/27/2026, 05:34:58 PM UTC
05/27/2026, 05:34:58 PM UTC",***Redacted***,Hit and Run/Car Accident - ,2026-6756,***Redacted***,"05/27/2026, 05:35:01 PM UTC",lookup,,
0bd4006e-b5f0-492a-8da1-07dbd518edea,Joshua Benfield,Bibb County SO GA,1,"05/26/2026, 04:50:00 PM UTC
05/26/2026, 04:59:00 PM UTC",***Redacted***,Hit and Run/Car Accident - ,2026-6756,***Redacted***,"05/27/2026, 05:43:24 PM UTC",search,,
92cafdd8-1c41-4153-997f-ec5d00b055e7,Joshua Benfield,Bibb County SO GA,2,"05/26/2026, 06:00:50 PM UTC
05/27/2026, 06:00:50 PM UTC",***Redacted***,Hit and Run/Car Accident - ,2026-6756,***Redacted***,"05/27/2026, 05:43:52 PM UTC",lookup,,
f56a5e05-5810-432a-b102-d20873a98ebc,Joshua Benfield,Bibb County SO GA,2,"05/20/2026, 06:00:27 PM UTC
05/27/2026, 06:00:27 PM UTC",***Redacted***,Hit and Run/Car Accident - ,2026-6756,***Redacted***,"05/27/2026, 05:44:28 PM UTC",lookup,,
0ad60199-fe35-4921-bbaf-1cb6cd810767,Joshua Benfield,Bibb County SO GA,2,"05/26/2026, 04:50:00 PM UTC
05/26/2026, 04:59:00 PM UTC",***Redacted***,Hit and Run/Car Accident - ,2026-6756,***Redacted***,"05/27/2026, 05:46:39 PM UTC",search,,
28e1706f-02aa-44c5-bd9e-06258d6977ba,Joshua Benfield,Bibb County SO GA,1,"05/26/2026, 04:50:00 PM UTC
05/26/2026, 04:59:00 PM UTC",***Redacted***,Hit and Run/Car Accident - ,2026-6756,***Redacted***,"05/27/2026, 05:46:57 PM UTC",search,,
71df91a4-acb5-4c26-9b44-37837ed43394,Joshua Benfield,Bibb County SO GA,1,"05/26/2026, 04:50:00 PM UTC
05/26/2026, 04:59:00 PM UTC",***Redacted***,Hit and Run/Car Accident - ,2026-6756,***Redacted***,"05/27/2026, 05:47:39 PM UTC",search,,
797c8ee7-4780-4139-8f11-13b1dd46be77,Joshua Benfield,Bibb County SO GA,1,"05/26/2026, 04:50:00 PM UTC
05/26/2026, 04:59:00 PM UTC",***Redacted***,Hit and Run/Car Accident - ,2026-6756,***Redacted***,"05/27/2026, 05:48:27 PM UTC",search,,
52dfc7a4-36ee-4198-9325-73261e1e83cf,Joshua Benfield,Bibb County SO GA,1,"05/26/2026, 04:50:00 PM UTC
05/26/2026, 04:59:00 PM UTC",***Redacted***,Hit and Run/Car Accident - ,2026-6756,***Redacted***,"05/27/2026, 05:48:35 PM UTC",search,,
e5c252bb-cd20-4093-82fa-602c55a8af4f,Joshua Benfield,Bibb County SO GA,2,"05/26/2026, 04:50:00 PM UTC
05/26/2026, 04:59:00 PM UTC",***Redacted***,Hit and Run/Car Accident - ,2026-6756,***Redacted***,"05/27/2026, 05:48:56 PM UTC",lookup,,
093d16c1-3c95-4c32-b7e0-7f4151c13996,Joshua Benfield,Bibb County SO GA,2,"05/26/2026, 06:00:16 PM UTC
05/27/2026, 06:00:16 PM UTC",***Redacted***,Hit and Run/Car Accident - ,2026-6756,***Redacted***,"05/27/2026, 05:49:18 PM UTC",lookup,,
ac0b32e0-761a-4bdd-8073-8ca76b2140f3,Joshua Benfield,Bibb County SO GA,11,"05/24/2026, 04:00:12 PM UTC
05/25/2026, 04:00:12 PM UTC",***Redacted***,Motor Vehicle Theft/Stolen - ,2026-6756,***Redacted***,"05/25/2026, 03:44:14 PM UTC",lookup,,
abdc4551-f8b4-4eb7-a4aa-365f28584c02,George Witherspoon,Bibb County SO GA,1357,"04/25/2026, 03:55:24 PM UTC
05/25/2026, 03:55:24 PM UTC",***Redacted***,Motor Vehicle Theft/Stolen - ,2026-45362,***Redacted***,"05/25/2026, 03:55:27 PM UTC",lookup - Mobile,,
7ee1b6f8-8a91-4009-9797-0fc6961c5135,Adam Grant,Bibb County SO GA,1356,"04/26/2026, 09:09:32 PM UTC
05/26/2026, 09:09:32 PM UTC",***Redacted***,Larceny/Theft Offenses - ,2026-1296,***Redacted***,"05/26/2026, 09:09:38 PM UTC",lookup - Mobile,,
5a19f3c7-ccfd-45f1-ae9b-10a8e626bb98,Adam Grant,Bibb County SO GA,1356,"04/26/2026, 09:22:16 PM UTC
05/26/2026, 09:22:16 PM UTC",***Redacted***,Larceny/Theft Offenses - ,2026-1296,***Redacted***,"05/26/2026, 09:22:18 PM UTC",lookup - Mobile,,
28c199ed-1a53-4253-85ee-9d5567e746c7,George Witherspoon,Bibb County SO GA,1356,"05/25/2026, 09:35:03 PM UTC
05/26/2026, 09:35:03 PM UTC",***Redacted***,Larceny/Theft Offenses - ,2026-45839,***Redacted***,"05/26/2026, 09:35:04 PM UTC",lookup - Mobile,,
3b720cff-479f-4ac0-99c4-880d7b3ea234,Kirsten Davella,Bibb County SO GA,1,"05/26/2026, 09:39:30 PM UTC
05/26/2026, 09:54:30 PM UTC",***Redacted***,Assault/Battery Offenses - ,2026-45374,***Redacted***,"05/26/2026, 09:54:59 PM UTC",search,,
63ae774e-8ae1-4918-8635-a9ea05308b48,Kirsten Davella,Bibb County SO GA,1,"05/25/2026, 04:00:00 PM UTC
05/25/2026, 04:30:00 PM UTC",***Redacted***,Assault/Battery Offenses - ,2026-45374,***Redacted***,"05/26/2026, 09:55:12 PM UTC",search,,
b554053b-2886-4ece-909d-cddbe541ebf8,Kirsten Davella,Bibb County SO GA,1,"05/25/2026, 04:00:00 PM UTC
05/25/2026, 04:30:00 PM UTC",***Redacted***,Assault/Battery Offenses - ,2026-45374,***Redacted***,"05/26/2026, 09:55:14 PM UTC",search,,
35273a87-148a-41ec-a92b-eef02c9df946,Kirsten Davella,Bibb County SO GA,1,"05/25/2026, 04:14:10 PM UTC
05/25/2026, 04:14:16 PM UTC",***Redacted***,Assault/Battery Offenses - ,2026-45374,***Redacted***,"05/26/2026, 09:58:30 PM UTC",search,,
4b6df539-6f15-4c76-a144-48dd498842c5,Joshua Benfield,Bibb County SO GA,2,"05/26/2026, 04:00:00 AM UTC
05/26/2026, 04:30:00 AM UTC",***Redacted***,Hit and Run/Car Accident - ,2026-45778,***Redacted***,"05/27/2026, 05:25:51 PM UTC",search,,
9c7f717e-c62a-4cf3-9e46-54f549483e59,Joshua Benfield,Bibb County SO GA,2,"05/26/2026, 04:00:00 PM UTC
05/26/2026, 04:30:00 PM UTC",***Redacted***,Hit and Run/Car Accident - ,2026-45778,***Redacted***,"05/27/2026, 05:26:07 PM UTC",search,,
718d5672-8683-44f0-b9b1-57dd2e498bb8,Joshua Benfield,Bibb County SO GA,2,"05/26/2026, 04:00:00 PM UTC
05/26/2026, 04:30:00 PM UTC",***Redacted***,Hit and Run/Car Accident - ,2026-45778,***Redacted***,"05/27/2026, 05:26:28 PM UTC",search,,
c6c0894c-a925-4d0e-ba3b-4a2e643a815e,Joshua Benfield,Bibb County SO GA,1,"05/26/2026, 04:00:00 PM UTC
05/26/2026, 04:30:00 PM UTC",***Redacted***,Hit and Run/Car Accident - ,2026-45778,***Redacted***,"05/27/2026, 05:26:57 PM UTC",search,,
4bbf5d16-8c6e-4b78-8c4c-07989d4f08fb,Joshua Benfield,Bibb County SO GA,11,"05/20/2026, 05:30:29 PM UTC
05/27/2026, 05:30:29 PM UTC",***Redacted***,Hit and Run/Car Accident - ,2026-45778,***Redacted***,"05/27/2026, 05:29:32 PM UTC",lookup,,
1006e640-93df-4b16-9b4b-b1f511504fa9,Wesley Durbin,Bibb County SO GA,3,"05/16/2026, 01:00:00 AM UTC
05/16/2026, 09:00:00 AM UTC",***Redacted***,Burglary/Breaking & Entering - ,2026-44325,***Redacted***,"05/26/2026, 06:15:45 PM UTC",lookup,,
bba25b2d-93ae-4426-ad32-2bc67cbe4898,Wesley Durbin,Bibb County SO GA,1,"05/16/2026, 01:00:00 AM UTC
05/16/2026, 09:00:00 AM UTC",***Redacted***,Burglary/Breaking & Entering - ,2026-44325,***Redacted***,"05/26/2026, 06:15:53 PM UTC",lookup,,
b764d689-8532-4b34-9a00-9384df57adab,Wesley Durbin,Bibb County SO GA,1,"05/16/2026, 01:00:00 AM UTC
05/16/2026, 09:00:00 AM UTC",***Redacted***,Burglary/Breaking & Entering - ,2026-44325,***Redacted***,"05/26/2026, 06:16:09 PM UTC",lookup,,
cfaf44b2-99b5-46ac-8ad0-5760ea2a4433,Wesley Durbin,Bibb County SO GA,1,"05/16/2026, 01:00:00 AM UTC
05/16/2026, 09:00:00 AM UTC",***Redacted***,Burglary/Breaking & Entering - ,2026-44325,***Redacted***,"05/26/2026, 06:16:25 PM UTC",lookup,,
22ad9106-9603-4243-ad0e-5ee994fbd59a,Wesley Durbin,Bibb County SO GA,1,"05/16/2026, 01:00:00 AM UTC
05/16/2026, 09:00:00 AM UTC",***Redacted***,Burglary/Breaking & Entering - ,2026-44325,***Redacted***,"05/26/2026, 06:16:25 PM UTC",lookup,,
ce941008-2552-4daa-8e21-a805498dd57b,Joshua Benfield,Bibb County SO GA,11,"05/25/2026, 05:30:25 PM UTC
05/26/2026, 05:30:25 PM UTC",***Redacted***,Hit and Run/Car Accident - ,2026-45788,***Redacted***,"05/26/2026, 06:17:26 PM UTC",lookup,,
6a7287db-15bc-4b87-ab48-36e095dd3c8b,Justin Edwards,Bibb County SO GA,3,"05/20/2026, 12:53:23 PM UTC
05/27/2026, 12:53:23 PM UTC",***Redacted***,"Assault/Battery Offenses, Homicide/Death Investigation - ",2024-67104,***Redacted***,"05/27/2026, 12:53:25 PM UTC",lookup - Mobile,,
f330f790-bbf2-46e9-a8ee-d6c94d5083a2,Dina Shurley,Bibb County SO GA,11,"05/21/2026, 11:30:00 AM UTC
05/22/2026, 01:30:00 PM UTC",***Redacted***,Motor Vehicle Theft/Stolen - ,2026-44732,***Redacted***,"05/27/2026, 01:00:58 PM UTC",lookup,,
d5b9c1dc-cdea-4316-98aa-0bb33df6b642,Wesley Durbin,Bibb County SO GA,1,"05/16/2026, 05:20:00 AM UTC
05/16/2026, 05:55:00 AM UTC",***Redacted***,Burglary/Breaking & Entering - ,2026-44325,***Redacted***,"05/27/2026, 01:06:27 PM UTC",search,,
6059b20b-86a6-42f8-ad2f-66ba70628725,Wesley Durbin,Bibb County SO GA,776,"05/16/2026, 04:20:00 AM UTC
05/16/2026, 05:55:00 AM UTC",***Redacted***,Burglary/Breaking & Entering - ,2026-44325,***Redacted***,"05/27/2026, 01:20:32 PM UTC",lookup,,
7f827549-7458-46c9-8cd4-41d12bf2be6d,Wesley Durbin,Bibb County SO GA,1,"05/16/2026, 04:20:00 AM UTC
05/16/2026, 05:55:00 AM UTC",***Redacted***,Burglary/Breaking & Entering - ,2026-44325,***Redacted***,"05/27/2026, 01:20:35 PM UTC",lookup,,
08fc8f74-75f8-4467-8812-447127f55d1f,Wesley Durbin,Bibb County SO GA,1,"05/16/2026, 04:20:00 AM UTC
05/16/2026, 05:55:00 AM UTC",***Redacted***,Burglary/Breaking & Entering - ,2026-44325,***Redacted***,"05/27/2026, 01:22:19 PM UTC",lookup,,
038396ca-8419-4a3b-ae64-a05464709e03,Wesley Durbin,Bibb County SO GA,776,"05/16/2026, 04:20:00 AM UTC
05/16/2026, 05:55:00 AM UTC",***Redacted***,Burglary/Breaking & Entering - ,2026-44325,***Redacted***,"05/27/2026, 01:24:47 PM UTC",search,,
01674095-6a91-4c85-868e-53a1ad36675b,Wesley Durbin,Bibb County SO GA,776,"05/16/2026, 04:20:00 AM UTC
05/16/2026, 05:55:00 AM UTC",***Redacted***,Burglary/Breaking & Entering - ,2026-44325,***Redacted***,"05/27/2026, 01:25:40 PM UTC",lookup,,
7b9a3584-d930-42ea-b1ca-126b0557173c,Wesley Durbin,Bibb County SO GA,1,"05/16/2026, 04:20:00 AM UTC
05/16/2026, 05:55:00 AM UTC",***Redacted***,Burglary/Breaking & Entering - ,2026-44325,***Redacted***,"05/27/2026, 01:25:45 PM UTC",lookup,,
6504caa8-dbdc-4301-aa99-a3745d66097a,Justin Edwards,Bibb County SO GA,3,"05/20/2026, 01:28:31 PM UTC
05/27/2026, 01:28:31 PM UTC",***Redacted***,"Assault/Battery Offenses, Homicide/Death Investigation - ",2024-67104,***Redacted***,"05/27/2026, 01:28:36 PM UTC",search - Mobile,,
539fb5ee-c06e-49b6-bfbb-f4f3bb828eb1,Wesley Durbin,Bibb County SO GA,1,"05/16/2026, 04:20:00 AM UTC
05/16/2026, 05:55:00 AM UTC",***Redacted***,Burglary/Breaking & Entering - ,2026-44325,***Redacted***,"05/27/2026, 01:28:51 PM UTC",lookup,,
737031eb-f6ff-4b81-bde4-2c4f66ccd3b4,Wesley Durbin,Bibb County SO GA,3,"05/16/2026, 05:25:00 AM UTC
05/16/2026, 05:52:00 AM UTC",***Redacted***,Burglary/Breaking & Entering - ,2026-44325,***Redacted***,"05/27/2026, 01:29:31 PM UTC",search,,
03b78690-044c-4a91-8648-d2d70b3fd7f4,Wesley Durbin,Bibb County SO GA,3,"05/16/2026, 05:25:00 AM UTC
05/16/2026, 05:52:00 AM UTC",***Redacted***,Burglary/Breaking & Entering - ,2026-44325,***Redacted***,"05/27/2026, 01:30:09 PM UTC",search,,
aad507db-b4d1-49c2-ae62-799268ac0773,Justin Edwards,Bibb County SO GA,3,"05/20/2026, 01:30:10 PM UTC
05/27/2026, 01:30:10 PM UTC",***Redacted***,"Assault/Battery Offenses, Homicide/Death Investigation - ",2024-67104,***Redacted***,"05/27/2026, 01:30:13 PM UTC",lookup - Mobile,,
8315fdb5-86e4-423a-b2b7-e2eaea46a280,Wesley Durbin,Bibb County SO GA,776,"05/16/2026, 05:25:00 AM UTC
05/16/2026, 05:52:00 AM UTC",***Redacted***,Burglary/Breaking & Entering - ,2026-44325,***Redacted***,"05/27/2026, 01:31:03 PM UTC",search,,
ea83d5a9-b2e5-4a1f-9a46-1ab2f3c9972e,Wesley Durbin,Bibb County SO GA,776,"05/16/2026, 05:25:00 AM UTC
05/16/2026, 05:52:00 AM UTC",***Redacted***,Burglary/Breaking & Entering - ,2026-44325,***Redacted***,"05/27/2026, 01:31:15 PM UTC",search,,
e9cda165-2a25-4808-8f1f-6f89a6423da9,Wesley Durbin,Bibb County SO GA,1,"05/16/2026, 05:25:00 AM UTC
05/16/2026, 05:52:00 AM UTC",***Redacted***,Burglary/Breaking & Entering - ,2026-44325,***Redacted***,"05/27/2026, 01:31:23 PM UTC",search,,
fc45604b-088d-4b03-9c82-91bdc7069cd6,Enrique Hogan,Bibb County SO GA,730,"05/20/2026, 01:39:48 PM UTC
05/27/2026, 01:39:48 PM UTC",***Redacted***,Wanted Person (Arrest Warrant/Fugitive) - ,FID 202467104,***Redacted***,"05/27/2026, 01:39:49 PM UTC",lookup - Mobile,,
e8b5f1b3-d971-400f-9bc4-fc4043417b0f,Elijah White,Bibb County SO GA,11,"05/26/2026, 02:00:27 PM UTC
05/27/2026, 02:00:27 PM UTC",***Redacted***,Missing/Endangered Person/Runaway - ,2026-44782,***Redacted***,"05/27/2026, 01:45:12 PM UTC",lookup,,
32ea06c3-7e7e-4a32-a70e-cd1125e5ca7a,MELANIE HOFMANN,Bibb County SO GA,11,"05/26/2026, 09:30:37 PM UTC
05/26/2026, 11:30:37 PM UTC",***Redacted***,Larceny/Theft Offenses - ,2026-45883,***Redacted***,"05/26/2026, 11:03:41 PM UTC",search,,
af205847-f108-4fb8-9921-f62ce667ccee,George Witherspoon,Bibb County SO GA,1356,"05/25/2026, 11:22:53 PM UTC
05/26/2026, 11:22:53 PM UTC",***Redacted***,Larceny/Theft Offenses - ,2026-45839,***Redacted***,"05/26/2026, 11:22:54 PM UTC",lookup - Mobile,,
5d2d1f8a-d100-4ba6-907d-3057c6cc0a53,George Witherspoon,Bibb County SO GA,1356,"05/25/2026, 11:23:56 PM UTC
05/26/2026, 11:23:56 PM UTC",***Redacted***,Larceny/Theft Offenses - ,2026-45839,***Redacted***,"05/26/2026, 11:23:58 PM UTC",lookup - Mobile,,
d647f9fe-d3d8-41de-9b9b-489d80bc672c,George Witherspoon,Bibb County SO GA,1356,"05/25/2026, 11:28:09 PM UTC
05/26/2026, 11:28:09 PM UTC",***Redacted***,Larceny/Theft Offenses - ,2026-45839,***Redacted***,"05/26/2026, 11:28:10 PM UTC",lookup - Mobile,,
4d1d9bc3-ed5d-4e4e-8d5c-ef5ecf81d2ab,Seth Vonderhuevel,Bibb County SO GA,1356,"05/25/2026, 11:29:02 PM UTC
05/26/2026, 11:29:02 PM UTC",***Redacted***,Motor Vehicle Theft/Stolen - ,26-43773,***Redacted***,"05/26/2026, 11:29:04 PM UTC",lookup - Mobile,,
518daf8a-6e24-4481-843b-015d0c15eb7d,Seth Vonderhuevel,Bibb County SO GA,1356,"05/25/2026, 11:29:36 PM UTC
05/26/2026, 11:29:36 PM UTC",***Redacted***,Motor Vehicle Theft/Stolen - ,26-43773,***Redacted***,"05/26/2026, 11:29:37 PM UTC",lookup - Mobile,,
e91b8b65-b357-4a40-b379-34db6fbbb639,Seth Vonderhuevel,Bibb County SO GA,1356,"05/19/2026, 11:29:38 PM UTC
05/26/2026, 11:29:38 PM UTC",***Redacted***,Motor Vehicle Theft/Stolen - ,26-43773,***Redacted***,"05/26/2026, 11:29:39 PM UTC",lookup - Mobile,,
63d70c90-d270-4ecc-b1b1-42690bb4eed8,George Witherspoon,Bibb County SO GA,1356,"05/25/2026, 11:30:55 PM UTC
05/26/2026, 11:30:55 PM UTC",***Redacted***,Larceny/Theft Offenses - ,2026-45839,***Redacted***,"05/26/2026, 11:30:57 PM UTC",lookup - Mobile,,
053c4107-2f7c-4b69-827d-ad140ee37473,George Witherspoon,Bibb County SO GA,1356,"05/25/2026, 11:32:31 PM UTC
05/26/2026, 11:32:31 PM UTC",***Redacted***,Larceny/Theft Offenses - ,2026-45839,***Redacted***,"05/26/2026, 11:32:34 PM UTC",lookup - Mobile,,
58595f7a-b25d-41e6-b746-52f60ea86841,George Witherspoon,Bibb County SO GA,1356,"05/25/2026, 11:36:12 PM UTC
05/26/2026, 11:36:12 PM UTC",***Redacted***,Larceny/Theft Offenses - ,2026-45839,***Redacted***,"05/26/2026, 11:36:14 PM UTC",lookup - Mobile,,
a6c8640c-c5f3-4759-9593-a69659fa3a7d,George Witherspoon,Bibb County SO GA,1356,"05/25/2026, 11:38:46 PM UTC
05/26/2026, 11:38:46 PM UTC",***Redacted***,Larceny/Theft Offenses - ,2026-45839,***Redacted***,"05/26/2026, 11:38:47 PM UTC",lookup - Mobile,,
29cfcdb1-c92f-4934-a984-6f89026b0aa0,George Witherspoon,Bibb County SO GA,1356,"05/25/2026, 11:38:53 PM UTC
05/26/2026, 11:38:53 PM UTC",***Redacted***,Larceny/Theft Offenses - ,2026-45839,***Redacted***,"05/26/2026, 11:38:54 PM UTC",lookup - Mobile,,
56c6b5fc-a3b3-441e-a5db-4613daf2d534,MELANIE HOFMANN,Bibb County SO GA,11,"05/26/2026, 12:00:29 AM UTC
05/27/2026, 12:00:29 AM UTC",***Redacted***,Larceny/Theft Offenses - ,2026-45883,***Redacted***,"05/26/2026, 11:41:32 PM UTC",lookup,,
fc6c958e-f81e-409f-96c4-9795c530499b,MELANIE HOFMANN,Bibb County SO GA,11,"05/18/2026, 12:00:00 AM UTC
05/27/2026, 12:00:00 AM UTC",***Redacted***,Larceny/Theft Offenses - ,2026-45883,***Redacted***,"05/26/2026, 11:42:37 PM UTC",lookup,,
297c2ff8-c57a-4e97-9b88-96e25ab30312,George Witherspoon,Bibb County SO GA,1356,"05/25/2026, 11:51:38 PM UTC
05/26/2026, 11:51:38 PM UTC",***Redacted***,Larceny/Theft Offenses - ,2026-45839,***Redacted***,"05/26/2026, 11:51:39 PM UTC",lookup - Mobile,,
c75dfa44-83ec-4e44-8d51-b4c71558698f,George Witherspoon,Bibb County SO GA,1356,"05/25/2026, 11:52:23 PM UTC
05/26/2026, 11:52:23 PM UTC",***Redacted***,Larceny/Theft Offenses - ,2026-45839,***Redacted***,"05/26/2026, 11:52:31 PM UTC",lookup - Mobile,,
a1719792-ed20-4832-ad0e-837a0b41066a,George Witherspoon,Bibb County SO GA,1356,"05/25/2026, 11:55:49 PM UTC
05/26/2026, 11:55:49 PM UTC",***Redacted***,Larceny/Theft Offenses - ,2026-45839,***Redacted***,"05/26/2026, 11:55:50 PM UTC",lookup - Mobile,,
60fe7e3e-0c7d-496b-a72a-6b83dfee3ded,George Witherspoon,Bibb County SO GA,1356,"05/25/2026, 11:56:40 PM UTC
05/26/2026, 11:56:40 PM UTC",***Redacted***,Larceny/Theft Offenses - ,2026-45839,***Redacted***,"05/26/2026, 11:56:41 PM UTC",lookup - Mobile,,
04955336-4a46-4b32-8bf4-ad033bcc954b,George Witherspoon,Bibb County SO GA,1356,"05/25/2026, 11:57:08 PM UTC
05/26/2026, 11:57:08 PM UTC",***Redacted***,Larceny/Theft Offenses - ,2026-45839,***Redacted***,"05/26/2026, 11:57:09 PM UTC",lookup - Mobile,,
2ce3f09b-8da5-4156-b020-0044517457e6,George Witherspoon,Bibb County SO GA,1356,"05/25/2026, 11:59:40 PM UTC
05/26/2026, 11:59:40 PM UTC",***Redacted***,Larceny/Theft Offenses - ,2026-45839,***Redacted***,"05/26/2026, 11:59:41 PM UTC",lookup - Mobile,,
5ace9411-5f71-47a0-94ad-d8612382b656,George Witherspoon,Bibb County SO GA,1356,"05/26/2026, 12:01:49 AM UTC
05/27/2026, 12:01:49 AM UTC",***Redacted***,Larceny/Theft Offenses - ,2026-45839,***Redacted***,"05/27/2026, 12:01:51 AM UTC",lookup - Mobile,,
4b96b247-538e-420c-93c4-0a37f26517b1,George Witherspoon,Bibb County SO GA,1356,"05/26/2026, 12:04:11 AM UTC
05/27/2026, 12:04:11 AM UTC",***Redacted***,Larceny/Theft Offenses - ,2026-45839,***Redacted***,"05/27/2026, 12:04:12 AM UTC",lookup - Mobile,,
5e02bf0b-3353-458e-bbb7-fb8366bd5ddd,Kirsten Davella,Bibb County SO GA,1512,"04/25/2026, 05:30:04 PM UTC
05/25/2026, 05:30:04 PM UTC",***Redacted***,Assault/Battery Offenses - ,2026-45510,***Redacted***,"05/26/2026, 02:10:56 AM UTC",search,,
c0998278-3082-4f4a-ac91-ba0095b183c9,Kirsten Davella,Bibb County SO GA,3,"04/25/2026, 05:30:04 PM UTC
05/25/2026, 05:30:04 PM UTC",***Redacted***,Assault/Battery Offenses - ,2026-45510,***Redacted***,"05/26/2026, 02:11:09 AM UTC",search,,
8a69ab8a-8a84-4ad2-ade6-1fb23165148b,Kirsten Davella,Bibb County SO GA,3,"04/25/2026, 05:30:04 PM UTC
05/25/2026, 05:30:04 PM UTC",***Redacted***,Assault/Battery Offenses - ,2026-45510,***Redacted***,"05/26/2026, 02:11:28 AM UTC",search,,
96fa9974-344a-4e3d-939f-6d0aa31021e1,Kirsten Davella,Bibb County SO GA,1512,"04/25/2026, 05:30:04 PM UTC
05/25/2026, 05:30:04 PM UTC",***Redacted***,Assault/Battery Offenses - ,2026-45510,***Redacted***,"05/26/2026, 02:13:04 AM UTC",search,,
f013b0a1-2a9a-4b3a-becc-ba7f154ace22,Kirsten Davella,Bibb County SO GA,1512,"04/25/2026, 05:30:04 PM UTC
05/25/2026, 05:30:04 PM UTC",***Redacted***,Assault/Battery Offenses - ,2026-45510,***Redacted***,"05/26/2026, 02:13:32 AM UTC",search,,
ae1db089-9d61-42e4-8e14-1442bcf94e08,Kirsten Davella,Bibb County SO GA,3,"04/26/2026, 02:15:33 AM UTC
05/26/2026, 02:15:33 AM UTC",***Redacted***,Assault/Battery Offenses - ,2026-45510,***Redacted***,"05/26/2026, 02:15:36 AM UTC",lookup,,
7cec87ac-3f44-41d1-ab73-b7781f87e61e,Adam Grant,Bibb County SO GA,1356,"04/27/2026, 05:44:59 AM UTC
05/27/2026, 05:44:59 AM UTC",***Redacted***,Larceny/Theft Offenses - ,2026-1296,***Redacted***,"05/27/2026, 05:45:03 AM UTC",lookup - Mobile,,
7f6fe3d6-c0f7-4333-8b6b-6886ed9e4c45,Adam Grant,Bibb County SO GA,1356,"04/27/2026, 05:49:27 AM UTC
05/27/2026, 05:49:27 AM UTC",***Redacted***,Larceny/Theft Offenses - ,2026-1296,***Redacted***,"05/27/2026, 05:49:27 AM UTC",lookup - Mobile,,
c77bbd40-771c-46b6-a6c0-492ee247add8,Adam Grant,Bibb County SO GA,1356,"04/27/2026, 05:53:35 AM UTC
05/27/2026, 05:53:35 AM UTC",***Redacted***,Larceny/Theft Offenses - ,2026-1296,***Redacted***,"05/27/2026, 05:53:36 AM UTC",lookup - Mobile,,
a3b225fd-63a4-4589-b9be-72d4865eb6c0,Adam Grant,Bibb County SO GA,1356,"04/27/2026, 06:57:09 AM UTC
05/27/2026, 06:57:09 AM UTC",***Redacted***,Larceny/Theft Offenses - ,2026-1296,***Redacted***,"05/27/2026, 06:57:12 AM UTC",lookup - Mobile,,
77462389-0da5-4dfd-bd69-53cb9fa5943e,Seth Vonderhuevel,Bibb County SO GA,1425,"05/18/2026, 01:00:41 PM UTC
05/25/2026, 01:00:41 PM UTC",***Redacted***,Wanted Person (Arrest Warrant/Fugitive) - ,jones so 2605-07087,***Redacted***,"05/25/2026, 12:58:43 PM UTC",lookup,,
de5ec2af-3bb7-4f02-b90e-649806bb861b,Seth Vonderhuevel,Bibb County SO GA,1425,"04/25/2026, 01:00:23 PM UTC
05/25/2026, 01:00:23 PM UTC",***Redacted***,Wanted Person (Arrest Warrant/Fugitive) - ,jones so 2605-07087,***Redacted***,"05/25/2026, 12:59:25 PM UTC",lookup,,
f53952a1-b0c5-4e7b-8d47-c1bb86dc64e5,Seth Vonderhuevel,Bibb County SO GA,1425,"04/25/2026, 01:00:23 PM UTC
05/25/2026, 01:00:23 PM UTC",***Redacted***,Wanted Person (Arrest Warrant/Fugitive) - ,jones so 2605-07087,***Redacted***,"05/25/2026, 12:59:42 PM UTC",lookup,,
dbb10e21-bf51-4713-8704-8e83f8a78d8b,Joshua Benfield,Bibb County SO GA,11,"05/24/2026, 01:30:11 PM UTC
05/25/2026, 01:30:11 PM UTC",***Redacted***,Assault/Battery Offenses - ,Jones county,***Redacted***,"05/25/2026, 01:18:13 PM UTC",lookup,,
643ccf46-dac4-4116-bff1-cd04c326d3db,George Witherspoon,Bibb County SO GA,1356,"05/26/2026, 12:10:04 AM UTC
05/27/2026, 12:10:04 AM UTC",***Redacted***,Larceny/Theft Offenses - ,2026-45839,***Redacted***,"05/27/2026, 12:10:05 AM UTC",lookup - Mobile,,
0df5c1f2-f23f-4139-b15f-9bb68361a582,George Witherspoon,Bibb County SO GA,1356,"05/26/2026, 12:10:56 AM UTC
05/27/2026, 12:10:56 AM UTC",***Redacted***,Larceny/Theft Offenses - ,2026-45839,***Redacted***,"05/27/2026, 12:10:58 AM UTC",lookup - Mobile,,
a877fc15-34f9-4307-b05b-93fa0757ef34,George Witherspoon,Bibb County SO GA,1356,"05/26/2026, 12:11:02 AM UTC
05/27/2026, 12:11:02 AM UTC",***Redacted***,Larceny/Theft Offenses - ,2026-45839,***Redacted***,"05/27/2026, 12:11:03 AM UTC",lookup - Mobile,,
eeb5f901-3c71-41bb-9833-1f16b7a39005,George Witherspoon,Bibb County SO GA,1356,"05/26/2026, 12:11:04 AM UTC
05/27/2026, 12:11:04 AM UTC",***Redacted***,Larceny/Theft Offenses - ,2026-45839,***Redacted***,"05/27/2026, 12:11:05 AM UTC",lookup - Mobile,,
8338c3c9-5db2-49a5-89a9-27233a5d323c,George Witherspoon,Bibb County SO GA,1356,"05/26/2026, 12:11:08 AM UTC
05/27/2026, 12:11:08 AM UTC",***Redacted***,Larceny/Theft Offenses - ,2026-45839,***Redacted***,"05/27/2026, 12:11:09 AM UTC",lookup - Mobile,,
73fad7f4-67d2-4a99-bbe2-50ae076553b6,George Witherspoon,Bibb County SO GA,1356,"05/26/2026, 12:11:11 AM UTC
05/27/2026, 12:11:11 AM UTC",***Redacted***,Larceny/Theft Offenses - ,2026-45839,***Redacted***,"05/27/2026, 12:11:12 AM UTC",lookup - Mobile,,
964ec5ed-923c-4ec2-b857-78717150ac3a,George Witherspoon,Bibb County SO GA,1356,"05/26/2026, 12:11:16 AM UTC
05/27/2026, 12:11:16 AM UTC",***Redacted***,Larceny/Theft Offenses - ,2026-45839,***Redacted***,"05/27/2026, 12:11:16 AM UTC",lookup - Mobile,,
b2adeaf5-6811-4b03-918c-339879bac581,George Witherspoon,Bibb County SO GA,1356,"05/26/2026, 12:12:11 AM UTC
05/27/2026, 12:12:11 AM UTC",***Redacted***,Larceny/Theft Offenses - ,2026-45839,***Redacted***,"05/27/2026, 12:12:12 AM UTC",lookup - Mobile,,
8a87f4e8-ea15-4c57-9543-1ab8b2fe3086,George Witherspoon,Bibb County SO GA,1356,"05/26/2026, 12:12:42 AM UTC
05/27/2026, 12:12:42 AM UTC",***Redacted***,Larceny/Theft Offenses - ,2026-45839,***Redacted***,"05/27/2026, 12:12:43 AM UTC",lookup - Mobile,,
5c86f632-101f-48f4-b550-d4b3944964c6,George Witherspoon,Bibb County SO GA,1356,"05/26/2026, 12:13:23 AM UTC
05/27/2026, 12:13:23 AM UTC",***Redacted***,Larceny/Theft Offenses - ,2026-45839,***Redacted***,"05/27/2026, 12:13:24 AM UTC",lookup - Mobile,,
e953153c-1e1d-48c0-a4ca-9a71e0af2f18,George Witherspoon,Bibb County SO GA,1356,"05/26/2026, 12:13:27 AM UTC
05/27/2026, 12:13:27 AM UTC",***Redacted***,Larceny/Theft Offenses - ,2026-45839,***Redacted***,"05/27/2026, 12:13:28 AM UTC",lookup - Mobile,,
22d85e79-4489-4918-abc9-b816df239d51,George Witherspoon,Bibb County SO GA,1356,"05/26/2026, 12:13:39 AM UTC
05/27/2026, 12:13:39 AM UTC",***Redacted***,Larceny/Theft Offenses - ,2026-45839,***Redacted***,"05/27/2026, 12:13:40 AM UTC",lookup - Mobile,,
3c58c98b-ba53-4d51-8ae2-5f22396725ce,George Witherspoon,Bibb County SO GA,1356,"05/26/2026, 12:13:44 AM UTC
05/27/2026, 12:13:44 AM UTC",***Redacted***,Larceny/Theft Offenses - ,2026-45839,***Redacted***,"05/27/2026, 12:13:45 AM UTC",lookup - Mobile,,
19bcdc60-4447-4f45-8479-747aec051f4f,MELANIE HOFMANN,Bibb County SO GA,11,"05/18/2026, 12:00:00 AM UTC
05/27/2026, 12:00:00 AM UTC",***Redacted***,Larceny/Theft Offenses - ,2026-45883,***Redacted***,"05/27/2026, 12:31:25 AM UTC",lookup,,
6d46e669-e893-4eb2-99a5-a0c680a2ec19,MELANIE HOFMANN,Bibb County SO GA,11,"05/26/2026, 11:00:29 PM UTC
05/27/2026, 01:00:29 AM UTC",***Redacted***,Larceny/Theft Offenses - ,2026-45883,***Redacted***,"05/27/2026, 12:31:31 AM UTC",lookup,,
706f33a0-3dfd-4a3b-bee3-58e6e9ad233c,Adam Grant,Bibb County SO GA,1356,"04/27/2026, 12:34:18 AM UTC
05/27/2026, 12:34:18 AM UTC",***Redacted***,Larceny/Theft Offenses - ,2026-1296,***Redacted***,"05/27/2026, 12:34:21 AM UTC",lookup - Mobile,,
0645749e-5003-4903-8be7-db2d65e7d053,George Witherspoon,Bibb County SO GA,1356,"05/26/2026, 01:07:40 AM UTC
05/27/2026, 01:07:40 AM UTC",***Redacted***,Larceny/Theft Offenses - ,2026-45839,***Redacted***,"05/27/2026, 01:07:41 AM UTC",lookup - Mobile,,
b235aa91-426e-4225-b5f2-dab70d02f451,Alex Fletcher,Bibb County SO GA,3,"05/26/2026, 03:55:00 AM UTC
05/26/2026, 06:30:00 AM UTC",***Redacted***,Larceny/Theft Offenses - ,2026-31104,***Redacted***,"05/26/2026, 04:47:42 PM UTC",search,,
b7d63b8d-d5b9-4c94-a92e-f19cbc493ef8,Alex Fletcher,Bibb County SO GA,3,"05/26/2026, 03:55:00 AM UTC
05/26/2026, 06:30:00 AM UTC",***Redacted***,Larceny/Theft Offenses - ,2026-31104,***Redacted***,"05/26/2026, 04:47:55 PM UTC",search,,
6edf8c8d-d53f-4cb6-8ba8-a605274cf6ea,Kirsten Davella,Bibb County SO GA,1510,"04/27/2026, 02:00:03 PM UTC
05/27/2026, 02:00:03 PM UTC",***Redacted***,Larceny/Theft Offenses - ,2026-46055,***Redacted***,"05/27/2026, 01:52:05 PM UTC",lookup,,
27d0c5ce-4126-448c-8970-2d6d546a050e,Enrique Hogan,Bibb County SO GA,730,"05/20/2026, 02:06:12 PM UTC
05/27/2026, 02:06:12 PM UTC",***Redacted***,Wanted Person (Arrest Warrant/Fugitive) - ,FID 11968103,***Redacted***,"05/27/2026, 02:06:17 PM UTC",lookup - Mobile,,
daaabbd8-c38b-49ef-b6b5-77e47082163f,Enrique Hogan,Bibb County SO GA,730,"05/20/2026, 02:06:34 PM UTC
05/27/2026, 02:06:34 PM UTC",***Redacted***,Wanted Person (Arrest Warrant/Fugitive) - ,FID 11968103,***Redacted***,"05/27/2026, 02:06:34 PM UTC",lookup - Mobile,,
8c359e6f-1446-47b7-b392-91abad1c97d2,Enrique Hogan,Bibb County SO GA,730,"05/13/2026, 02:06:37 PM UTC
05/27/2026, 02:06:37 PM UTC",***Redacted***,Wanted Person (Arrest Warrant/Fugitive) - ,FID 11968103,***Redacted***,"05/27/2026, 02:06:38 PM UTC",lookup - Mobile,,
4a37c0b5-d46a-4252-91d5-d0ea0a727118,Enrique Hogan,Bibb County SO GA,730,"05/13/2026, 02:06:40 PM UTC
05/27/2026, 02:06:40 PM UTC",***Redacted***,Wanted Person (Arrest Warrant/Fugitive) - ,FID 11968103,***Redacted***,"05/27/2026, 02:06:41 PM UTC",lookup - Mobile,,
6c8e440a-129f-44e8-b8a4-7c4e437ddbc9,Enrique Hogan,Bibb County SO GA,730,"04/27/2026, 02:06:42 PM UTC
05/27/2026, 02:06:42 PM UTC",***Redacted***,Wanted Person (Arrest Warrant/Fugitive) - ,FID 11968103,***Redacted***,"05/27/2026, 02:06:43 PM UTC",lookup - Mobile,,
f16d6cf9-0adc-4ce9-84df-902742e28026,Enrique Hogan,Bibb County SO GA,730,"05/20/2026, 02:07:15 PM UTC
05/27/2026, 02:07:15 PM UTC",***Redacted***,Wanted Person (Arrest Warrant/Fugitive) - ,FID 11968103,***Redacted***,"05/27/2026, 02:07:15 PM UTC",lookup - Mobile,,
ab9627ae-004b-4655-bbbc-cdbd29dc4a38,Enrique Hogan,Bibb County SO GA,730,"05/20/2026, 02:07:19 PM UTC
05/27/2026, 02:07:19 PM UTC",***Redacted***,Wanted Person (Arrest Warrant/Fugitive) - ,FID 11968103,***Redacted***,"05/27/2026, 02:07:19 PM UTC",lookup - Mobile,,
afaf2065-acf2-4d5e-b8af-6da977f25f33,Enrique Hogan,Bibb County SO GA,730,"05/13/2026, 02:07:21 PM UTC
05/27/2026, 02:07:21 PM UTC",***Redacted***,Wanted Person (Arrest Warrant/Fugitive) - ,FID 11968103,***Redacted***,"05/27/2026, 02:07:21 PM UTC",lookup - Mobile,,
a152132b-3b9a-48de-9ee9-4ea6eeca52ad,Enrique Hogan,Bibb County SO GA,730,"04/27/2026, 02:07:22 PM UTC
05/27/2026, 02:07:22 PM UTC",***Redacted***,Wanted Person (Arrest Warrant/Fugitive) - ,FID 11968103,***Redacted***,"05/27/2026, 02:07:23 PM UTC",lookup - Mobile,,
ef6c8103-8c96-449d-bb51-b8b8c64b0563,Angela Endsley,Bibb County SO GA,11,"05/27/2026, 12:30:08 PM UTC
05/27/2026, 02:30:08 PM UTC",***Redacted***,Missing/Endangered Person/Runaway - ,2026-46069,***Redacted***,"05/27/2026, 02:08:58 PM UTC",lookup,,
e96bb5ad-13f1-4661-8503-7a815a3f3793,Angela Endsley,Bibb County SO GA,11,"05/26/2026, 12:30:00 PM UTC
05/27/2026, 02:30:00 PM UTC",***Redacted***,Missing/Endangered Person/Runaway - ,2026-46069,***Redacted***,"05/27/2026, 02:09:20 PM UTC",lookup,,
669ae7e9-05f8-47d0-b77f-48d493b31a5a,Enrique Hogan,Bibb County SO GA,730,"05/20/2026, 02:09:40 PM UTC
05/27/2026, 02:09:40 PM UTC",***Redacted***,Wanted Person (Arrest Warrant/Fugitive) - ,FID 11968103,***Redacted***,"05/27/2026, 02:09:44 PM UTC",lookup - Mobile,,
7f8a7d65-fd51-48fa-9122-e7d8e66357cd,Enrique Hogan,Bibb County SO GA,730,"04/27/2026, 02:09:58 PM UTC
05/27/2026, 02:09:58 PM UTC",***Redacted***,Wanted Person (Arrest Warrant/Fugitive) - ,FID 11968103,***Redacted***,"05/27/2026, 02:10:00 PM UTC",lookup - Mobile,,
5ac45dd8-b0d6-40c0-9871-9704c865e71d,Kirsten Davella,Bibb County SO GA,1510,"04/21/2026, 05:00:31 PM UTC
05/21/2026, 05:00:31 PM UTC",***Redacted***,Wanted Person (Arrest Warrant/Fugitive) - ,Operation Safe Streets,***Redacted***,"05/27/2026, 02:12:18 PM UTC",lookup,,
f7b08a9a-1313-4cdd-a74a-6040ea7dc77f,Kirsten Davella,Bibb County SO GA,3,"05/21/2026, 02:30:42 PM UTC
05/22/2026, 02:30:42 PM UTC",***Redacted***,Assault/Battery Offenses - ,2026-44149,***Redacted***,"05/27/2026, 02:13:05 PM UTC",search,,
8cb2540c-2ec2-4808-a251-bc0dbf5df74b,Kirsten Davella,Bibb County SO GA,3,"05/23/2026, 02:30:00 PM UTC
05/27/2026, 02:15:00 PM UTC",***Redacted***,Assault/Battery Offenses - ,2026-44149,***Redacted***,"05/27/2026, 02:13:41 PM UTC",search,,
3db2c7e1-4edd-480a-991e-9fc204307459,Elijah White,Bibb County SO GA,11,"05/26/2026, 02:30:48 PM UTC
05/27/2026, 02:30:48 PM UTC",***Redacted***,Missing/Endangered Person/Runaway - ,2026-44782,***Redacted***,"05/27/2026, 02:17:51 PM UTC",lookup,,
15c7119a-6bbc-4d30-a16f-d92a2b0924d0,Elijah White,Bibb County SO GA,11,"05/26/2026, 02:30:16 PM UTC
05/27/2026, 02:30:16 PM UTC",***Redacted***,Missing/Endangered Person/Runaway - ,2026-44782,***Redacted***,"05/27/2026, 02:19:18 PM UTC",lookup,,
c94452b3-1685-4d1a-9176-d4756753f608,Enrique Hogan,Bibb County SO GA,730,"04/27/2026, 02:21:36 PM UTC
05/27/2026, 02:21:36 PM UTC",***Redacted***,Wanted Person (Arrest Warrant/Fugitive) - ,FID 11968103,***Redacted***,"05/27/2026, 02:21:39 PM UTC",lookup - Mobile,,
913bc4f8-3e17-4a35-b272-cfc3e0cfccce,Adam Grant,Bibb County SO GA,1424,"05/26/2026, 04:00:00 AM UTC
05/26/2026, 04:58:59 AM UTC",***Redacted***,Larceny/Theft Offenses - ,2026-1296,***Redacted***,"05/27/2026, 02:23:22 PM UTC",search - Mobile,,
65a5db4b-1b50-43b9-be41-945504687590,Adam Grant,Bibb County SO GA,1424,"05/26/2026, 04:00:00 AM UTC
05/26/2026, 08:58:59 AM UTC",***Redacted***,Larceny/Theft Offenses - ,2026-1296,***Redacted***,"05/27/2026, 02:23:41 PM UTC",search - Mobile,,
c5dd3a9b-39ca-4900-9251-eb91b8f9c708,Adam Grant,Bibb County SO GA,1424,"05/26/2026, 04:00:00 AM UTC
05/26/2026, 08:58:59 AM UTC",***Redacted***,Larceny/Theft Offenses - ,2026-1296,***Redacted***,"05/27/2026, 02:24:11 PM UTC",search - Mobile,,
5a0a83ac-d38f-4cf9-a371-d3f98c9bf61b,Adam Grant,Bibb County SO GA,3,"05/26/2026, 07:00:00 AM UTC
05/26/2026, 08:58:59 AM UTC",***Redacted***,Larceny/Theft Offenses - ,2026-1296,***Redacted***,"05/27/2026, 02:26:24 PM UTC",freeform - Mobile,objectClass:vehicle Small silver vehicle,allow
a14e8341-45ef-44ea-b3e0-782aac8d2863,Wesley Durbin,Bibb County SO GA,776,"05/23/2026, 01:00:00 AM UTC
05/23/2026, 03:45:00 AM UTC",***Redacted***,Burglary/Breaking & Entering - ,2026-44325,***Redacted***,"05/27/2026, 02:26:43 PM UTC",lookup,,
1de5859a-f16d-43f5-bf70-1ac00d061134,Wesley Durbin,Bibb County SO GA,1,"05/23/2026, 01:00:00 AM UTC
05/23/2026, 03:45:00 AM UTC",***Redacted***,Burglary/Breaking & Entering - ,2026-44325,***Redacted***,"05/27/2026, 02:26:49 PM UTC",lookup,,
f6035f53-5c95-4f56-a285-9cc96419a1fa,Wesley Durbin,Bibb County SO GA,776,"05/22/2026, 02:27:00 PM UTC
05/23/2026, 03:36:00 AM UTC",***Redacted***,Burglary/Breaking & Entering - ,2026-44325,***Redacted***,"05/27/2026, 02:28:11 PM UTC",lookup,,
bb8fec7c-33ea-4ca1-84e3-bf60151962d7,Wesley Durbin,Bibb County SO GA,776,"05/22/2026, 02:27:00 PM UTC
05/23/2026, 03:36:00 AM UTC",***Redacted***,Burglary/Breaking & Entering - ,2026-44325,***Redacted***,"05/27/2026, 02:28:22 PM UTC",search,,
7c77b7f8-08d6-4910-be6a-c424fc09bd71,Wesley Durbin,Bibb County SO GA,776,"05/23/2026, 02:27:00 AM UTC
05/23/2026, 03:36:00 AM UTC",***Redacted***,Burglary/Breaking & Entering - ,2026-44325,***Redacted***,"05/27/2026, 02:28:34 PM UTC",search,,
85956abf-1d55-4bcf-9eae-f5882f35d0ca,Wesley Durbin,Bibb County SO GA,776,"05/23/2026, 02:27:00 AM UTC
05/23/2026, 03:36:00 AM UTC",***Redacted***,Burglary/Breaking & Entering - ,2026-44325,***Redacted***,"05/27/2026, 02:28:53 PM UTC",search,,
7953e1a1-76a4-4903-b842-b98d22cc0721,Wesley Durbin,Bibb County SO GA,1,"05/23/2026, 02:27:00 AM UTC
05/23/2026, 03:36:00 AM UTC",***Redacted***,Burglary/Breaking & Entering - ,2026-44325,***Redacted***,"05/27/2026, 02:28:59 PM UTC",search,,
6ffdbe8e-8663-48c0-b6e0-44eda7b1bf3a,Alex Fletcher,Bibb County SO GA,3,"05/30/2026, 05:00:30 PM UTC
05/30/2026, 07:00:30 PM UTC",***Redacted***,Drugs/Narcotics - ,2025-78977,***Redacted***,"05/30/2026, 09:20:31 PM UTC",lookup,,
64afe78f-0169-454b-b38f-3eedc7562af6,Alex Fletcher,Bibb County SO GA,3,"05/30/2026, 07:30:53 PM UTC
05/30/2026, 09:30:53 PM UTC",***Redacted***,Drugs/Narcotics - ,2025-78977,***Redacted***,"05/30/2026, 09:20:55 PM UTC",lookup,,
056f1473-27cb-4b8b-9d40-fbe45f2e7d1b,Alex Fletcher,Bibb County SO GA,3,"05/29/2026, 09:30:08 PM UTC
05/30/2026, 09:30:08 PM UTC",***Redacted***,Drugs/Narcotics - ,2025-78977,***Redacted***,"05/30/2026, 09:21:11 PM UTC",lookup,,
ffd99a76-d78f-44ba-9384-a9b80c08afa9,Alex Fletcher,Bibb County SO GA,1423,"05/29/2026, 09:30:08 PM UTC
05/30/2026, 09:30:08 PM UTC",***Redacted***,Drugs/Narcotics - ,2025-78977,***Redacted***,"05/30/2026, 09:33:36 PM UTC",lookup,,
b75f5be6-bddb-4651-85e1-ce83cb602a13,Alex Fletcher,Bibb County SO GA,1423,"05/28/2026, 10:00:40 PM UTC
05/30/2026, 10:00:40 PM UTC",***Redacted***,Drugs/Narcotics - ,2025-78977,***Redacted***,"05/30/2026, 09:38:46 PM UTC",lookup,,
65937277-aca2-4983-8cba-cf99449bf867,Alex Fletcher,Bibb County SO GA,1423,"05/28/2026, 10:00:41 PM UTC
05/30/2026, 10:00:41 PM UTC",***Redacted***,Drugs/Narcotics - ,2025-78977,***Redacted***,"05/30/2026, 09:39:45 PM UTC",lookup,,
40289e42-8383-48c1-a32a-5beb104f9056,Adam Grant,Bibb County SO GA,1354,"04/30/2026, 04:36:03 AM UTC
05/30/2026, 04:36:03 AM UTC",***Redacted***,Larceny/Theft Offenses - ,2026-1296,***Redacted***,"05/30/2026, 04:36:05 AM UTC",lookup - Mobile,,
c4ba4fb8-a2f7-42ac-8d55-9a995d2ad5f8,Adam Grant,Bibb County SO GA,1354,"05/29/2026, 04:36:20 AM UTC
05/30/2026, 04:36:20 AM UTC",***Redacted***,Motor Vehicle Theft/Stolen - ,2026-1296,***Redacted***,"05/30/2026, 04:36:20 AM UTC",lookup - Mobile,,
e92dd3bc-f71e-45c9-bd90-c1632b07579b,Adam Grant,Bibb County SO GA,1354,"05/29/2026, 05:33:19 AM UTC
05/30/2026, 05:33:19 AM UTC",***Redacted***,Motor Vehicle Theft/Stolen - ,2026-47014,***Redacted***,"05/30/2026, 05:33:21 AM UTC",lookup - Mobile,,
a3faebc6-19bb-42d0-a559-1c76e4036cb6,Adam Grant,Bibb County SO GA,1354,"05/23/2026, 05:33:24 AM UTC
05/30/2026, 05:33:24 AM UTC",***Redacted***,Motor Vehicle Theft/Stolen - ,2026-47014,***Redacted***,"05/30/2026, 05:33:25 AM UTC",lookup - Mobile,,
ef649580-2e11-4215-bbca-eb0101b98566,Adam Grant,Bibb County SO GA,1354,"04/30/2026, 05:33:39 AM UTC
05/30/2026, 05:33:39 AM UTC",***Redacted***,Motor Vehicle Theft/Stolen - ,2026-47014,***Redacted***,"05/30/2026, 05:33:40 AM UTC",lookup - Mobile,,
5ae4b7bd-3876-41ab-a903-e23ea1f49bf2,Adam Grant,Bibb County SO GA,1354,"05/29/2026, 05:35:47 AM UTC
05/30/2026, 05:35:47 AM UTC",***Redacted***,Motor Vehicle Theft/Stolen - ,2026-1296,***Redacted***,"05/30/2026, 05:35:48 AM UTC",lookup - Mobile,,
f6f1c97d-a084-4571-90e1-1b7d9afc9924,Adam Grant,Bibb County SO GA,1354,"05/23/2026, 05:35:51 AM UTC
05/30/2026, 05:35:51 AM UTC",***Redacted***,Motor Vehicle Theft/Stolen - ,2026-1296,***Redacted***,"05/30/2026, 05:35:52 AM UTC",lookup - Mobile,,
fce0f50e-4245-4dd4-8ab5-cf7db1a093c8,Adam Grant,Bibb County SO GA,1354,"04/30/2026, 05:37:25 AM UTC
05/30/2026, 05:37:25 AM UTC",***Redacted***,Larceny/Theft Offenses - ,2026-1296,***Redacted***,"05/30/2026, 05:37:27 AM UTC",lookup - Mobile,,
0c76edaf-5769-4c85-8e60-5108b0c50d66,Adam Grant,Bibb County SO GA,1354,"05/23/2026, 02:47:51 PM UTC
05/30/2026, 02:47:51 PM UTC",***Redacted***,Motor Vehicle Theft/Stolen - ,2026-1296,***Redacted***,"05/30/2026, 02:47:52 PM UTC",lookup - Mobile,,
b6fd2a57-438c-43b2-8f8f-330df1034773,Adam Grant,Bibb County SO GA,1354,"04/30/2026, 02:47:59 PM UTC
05/30/2026, 02:47:59 PM UTC",***Redacted***,Larceny/Theft Offenses - ,2026-1296,***Redacted***,"05/30/2026, 02:48:01 PM UTC",lookup - Mobile,,
1a9edcd7-9fba-4579-b12a-efc0fa51eed2,Adam Grant,Bibb County SO GA,1354,"04/30/2026, 02:48:31 PM UTC
05/30/2026, 02:48:31 PM UTC",***Redacted***,Larceny/Theft Offenses - ,2026-1296,***Redacted***,"05/30/2026, 02:48:33 PM UTC",lookup - Mobile,,
dd42fdb6-f0c8-439b-ae46-ff4dd5adf51b,Dina Shurley,Bibb County SO GA,11,"05/28/2026, 05:00:28 PM UTC
05/29/2026, 05:00:28 PM UTC",***Redacted***,Motor Vehicle Theft/Stolen - ,cfs761,***Redacted***,"05/29/2026, 04:49:29 PM UTC",lookup,,
e5305bb7-18d4-4ce4-b4b2-e0cd1ba80c08,Adam Grant,Bibb County SO GA,1354,"05/28/2026, 04:50:27 PM UTC
05/29/2026, 04:50:27 PM UTC",***Redacted***,Motor Vehicle Theft/Stolen - ,2026-1296,***Redacted***,"05/29/2026, 04:50:30 PM UTC",lookup - Mobile,,
9ea6209e-73eb-4976-bbaf-c0cc20a73188,Enrique Hogan,Bibb County SO GA,728,"05/15/2026, 04:57:43 PM UTC
05/29/2026, 04:57:43 PM UTC",***Redacted***,Wanted Person (Arrest Warrant/Fugitive) - ,FID  11295681,***Redacted***,"05/29/2026, 04:57:44 PM UTC",lookup - Mobile,,
14d920d2-f3d8-465d-8fc3-cca4010b9794,Steven Fields,Bibb County SO GA,1423,"05/28/2026, 04:57:43 PM UTC
05/29/2026, 04:57:43 PM UTC",***Redacted***,Financial Crime (Embezzlement/Fraud) - ,2036Zebulonrdpostofv,***Redacted***,"05/29/2026, 04:57:46 PM UTC",search - Mobile,,
baf9387d-4cec-4aab-a2bf-0dca18a9f58e,Enrique Hogan,Bibb County SO GA,728,"05/15/2026, 05:07:03 PM UTC
05/29/2026, 05:07:03 PM UTC",***Redacted***,Wanted Person (Arrest Warrant/Fugitive) - ,FID  11295681,***Redacted***,"05/29/2026, 05:07:05 PM UTC",lookup - Mobile,,
c8f78c77-41b7-4785-9ab6-1d7bbfbc1ad3,Justin Edwards,Bibb County SO GA,3,"05/22/2026, 05:07:05 PM UTC
05/29/2026, 05:07:05 PM UTC",***Redacted***,"Assault/Battery Offenses, Homicide/Death Investigation - ",2024-67104,***Redacted***,"05/29/2026, 05:07:07 PM UTC",lookup - Mobile,,
30e6cba9-c4df-42f2-b0c6-1cab467e1b19,Enrique Hogan,Bibb County SO GA,728,"05/15/2026, 05:07:54 PM UTC
05/29/2026, 05:07:54 PM UTC",***Redacted***,Wanted Person (Arrest Warrant/Fugitive) - ,FID  11295681,***Redacted***,"05/29/2026, 05:07:56 PM UTC",lookup - Mobile,,
62511a21-c0f8-4efb-a56f-6e8557c00a91,Enrique Hogan,Bibb County SO GA,728,"05/15/2026, 05:08:07 PM UTC
05/29/2026, 05:08:07 PM UTC",***Redacted***,Wanted Person (Arrest Warrant/Fugitive) - ,FID  11295681,***Redacted***,"05/29/2026, 05:08:10 PM UTC",lookup - Mobile,,
c504ff64-304e-4355-8e82-d1b1c93280a4,Enrique Hogan,Bibb County SO GA,728,"05/15/2026, 05:08:15 PM UTC
05/29/2026, 05:08:15 PM UTC",***Redacted***,Wanted Person (Arrest Warrant/Fugitive) - ,FID  11295681,***Redacted***,"05/29/2026, 05:08:15 PM UTC",lookup - Mobile,,
74511ec2-651a-4633-a377-7bbcdece55e9,Enrique Hogan,Bibb County SO GA,728,"05/15/2026, 05:09:19 PM UTC
05/29/2026, 05:09:19 PM UTC",***Redacted***,Wanted Person (Arrest Warrant/Fugitive) - ,FID  11295681,***Redacted***,"05/29/2026, 05:09:21 PM UTC",lookup - Mobile,,
a21aa780-6262-4162-8900-f38df4000392,Seth Vonderhuevel,Bibb County SO GA,1423,"05/29/2026, 03:30:06 PM UTC
05/29/2026, 05:30:06 PM UTC",***Redacted***,Traffic Infraction - ,26-43552,***Redacted***,"05/29/2026, 05:09:31 PM UTC",lookup,,
1979713e-4fe8-464b-bd57-cfee17174987,Seth Vonderhuevel,Bibb County SO GA,1423,"04/29/2026, 05:30:35 PM UTC
05/29/2026, 05:30:35 PM UTC",***Redacted***,Traffic Infraction - ,26-43552,***Redacted***,"05/29/2026, 05:09:37 PM UTC",lookup,,
c9fea36e-cf96-4484-80ca-769802a9ea0d,Alex Fletcher,Bibb County SO GA,3,"05/28/2026, 05:30:46 PM UTC
05/29/2026, 05:30:46 PM UTC",***Redacted***,Drugs/Narcotics - ,2025-78977,***Redacted***,"05/29/2026, 05:11:51 PM UTC",lookup,,
c6050e01-64b6-4a7c-aa3b-fe4ead126b7b,Enrique Hogan,Bibb County SO GA,728,"05/15/2026, 05:12:51 PM UTC
05/29/2026, 05:12:51 PM UTC",***Redacted***,Wanted Person (Arrest Warrant/Fugitive) - ,FID  11295681,***Redacted***,"05/29/2026, 05:12:52 PM UTC",lookup - Mobile,,
b4e6e528-4918-433d-8f55-152a41cba449,Enrique Hogan,Bibb County SO GA,728,"05/15/2026, 05:13:09 PM UTC
05/29/2026, 05:13:09 PM UTC",***Redacted***,Wanted Person (Arrest Warrant/Fugitive) - ,FID  11295681,***Redacted***,"05/29/2026, 05:13:10 PM UTC",lookup - Mobile,,
0c2586e1-f7b5-4426-82e8-f6185a5adf06,Fred Gray,Bibb County SO GA,2,"05/28/2026, 05:30:10 PM UTC
05/29/2026, 05:30:10 PM UTC",***Redacted***,Motor Vehicle Theft/Stolen - ,2026-46951,***Redacted***,"05/29/2026, 05:13:12 PM UTC",lookup,,
0a372e23-135f-4973-a506-b959ca75bb34,Enrique Hogan,Bibb County SO GA,728,"05/15/2026, 05:13:26 PM UTC
05/29/2026, 05:13:26 PM UTC",***Redacted***,Wanted Person (Arrest Warrant/Fugitive) - ,FID  11295681,***Redacted***,"05/29/2026, 05:13:28 PM UTC",lookup - Mobile,,
336c2dcf-9f5e-405d-9e1b-877e7178feaf,Enrique Hogan,Bibb County SO GA,728,"05/15/2026, 05:16:20 PM UTC
05/29/2026, 05:16:20 PM UTC",***Redacted***,Wanted Person (Arrest Warrant/Fugitive) - ,FID  11295681,***Redacted***,"05/29/2026, 05:16:21 PM UTC",lookup - Mobile,,
54593c8c-dfc0-4b9b-b656-fa113f7c4ae4,Enrique Hogan,Bibb County SO GA,728,"05/15/2026, 05:47:38 PM UTC
05/29/2026, 05:47:38 PM UTC",***Redacted***,Wanted Person (Arrest Warrant/Fugitive) - ,FID  11295681,***Redacted***,"05/29/2026, 05:47:42 PM UTC",lookup - Mobile,,
2461b11f-f408-48fa-bb82-538d0bcccec6,Deborah Marberry,Bibb County SO GA,11,"04/19/2026, 12:00:00 PM UTC
04/19/2026, 01:00:00 PM UTC",***Redacted***,Stolen Property Offenses - ,2026-33434,***Redacted***,"05/29/2026, 05:50:03 PM UTC",lookup,,
3c80f2d5-4aa2-40ec-adb3-a893ab848895,Deborah Marberry,Bibb County SO GA,11,"04/18/2026, 12:00:00 PM UTC
04/20/2026, 01:00:00 PM UTC",***Redacted***,Stolen Property Offenses - ,2026-33434,***Redacted***,"05/29/2026, 05:50:19 PM UTC",lookup,,
c0fb8e10-4b64-447b-a9cd-d3cb4eb3eee4,Deborah Marberry,Bibb County SO GA,11,"04/18/2026, 12:00:00 PM UTC
04/20/2026, 01:00:00 PM UTC",***Redacted***,Stolen Property Offenses - ,2026-33434,***Redacted***,"05/29/2026, 05:50:26 PM UTC",lookup,,
04007915-07a4-4d4e-9bd9-f0072d64dd67,Deborah Marberry,Bibb County SO GA,11,"04/18/2026, 12:00:00 PM UTC
04/20/2026, 01:00:00 PM UTC",***Redacted***,Stolen Property Offenses - ,2026-33434,***Redacted***,"05/29/2026, 05:50:39 PM UTC",lookup,,
4bbdf954-f3f4-445e-b784-6676ddf160d6,Deborah Marberry,Bibb County SO GA,11,"04/01/2026, 12:00:00 PM UTC
04/30/2026, 01:00:00 PM UTC",***Redacted***,Stolen Property Offenses - ,2026-33434,***Redacted***,"05/29/2026, 05:51:25 PM UTC",lookup,,
a2cd85f7-1992-441b-b35d-e9c0ca0566c5,Fred Gray,Bibb County SO GA,2,"05/28/2026, 05:30:10 PM UTC
05/29/2026, 05:30:10 PM UTC",***Redacted***,Motor Vehicle Theft/Stolen - ,2026-46951,***Redacted***,"05/29/2026, 05:54:18 PM UTC",lookup,,
fba85d78-185b-4dd6-a1ce-1dbc98d0bf35,Joanna Stokes,Bibb County SO GA,11,"05/29/2026, 12:00:30 AM UTC
05/29/2026, 02:00:30 AM UTC",***Redacted***,Weapons Offense (Guns/Shots Fired) - ,2026-46724,***Redacted***,"05/29/2026, 01:37:19 AM UTC",lookup,,
c758af2b-3130-4f1a-a83b-459f2e7e4c7a,Joanna Stokes,Bibb County SO GA,11,"05/28/2026, 11:00:00 PM UTC
05/29/2026, 02:00:00 AM UTC",***Redacted***,Weapons Offense (Guns/Shots Fired) - ,2026-46724,***Redacted***,"05/29/2026, 01:38:04 AM UTC",lookup,,
39ba7ea9-2757-4db7-b84e-b3d30ff0f1fb,Alex Fletcher,Bibb County SO GA,1354,"05/29/2026, 07:13:11 PM UTC
05/30/2026, 07:13:11 PM UTC",***Redacted***,Drugs/Narcotics - ,2025-78977,***Redacted***,"05/30/2026, 07:13:12 PM UTC",lookup - Mobile,,
4336d8aa-530d-4cb2-abef-fd3063a9201b,Alex Fletcher,Bibb County SO GA,1354,"05/29/2026, 07:13:21 PM UTC
05/30/2026, 07:13:21 PM UTC",***Redacted***,Drugs/Narcotics - ,2025-78977,***Redacted***,"05/30/2026, 07:13:22 PM UTC",lookup - Mobile,,
f943a2cc-45d9-4f96-9e29-701615fb16fb,Enrique Hogan,Bibb County SO GA,729,"05/14/2026, 12:54:18 PM UTC
05/28/2026, 12:54:18 PM UTC",***Redacted***,Wanted Person (Arrest Warrant/Fugitive) - ,FID  11295681,***Redacted***,"05/28/2026, 12:54:21 PM UTC",lookup - Mobile,,
659d7163-6623-42bf-b03b-80e8a87e3944,Enrique Hogan,Bibb County SO GA,729,"05/14/2026, 12:55:20 PM UTC
05/28/2026, 12:55:20 PM UTC",***Redacted***,Wanted Person (Arrest Warrant/Fugitive) - ,FID  11295681,***Redacted***,"05/28/2026, 12:55:22 PM UTC",lookup - Mobile,,
7766636c-3833-410d-b91a-fce7a3695e73,Enrique Hogan,Bibb County SO GA,729,"05/14/2026, 12:56:54 PM UTC
05/28/2026, 12:56:54 PM UTC",***Redacted***,Wanted Person (Arrest Warrant/Fugitive) - ,FID  11295681,***Redacted***,"05/28/2026, 12:56:56 PM UTC",lookup - Mobile,,
9ca23733-8b3b-455d-86f3-9c0a87ed8c67,Enrique Hogan,Bibb County SO GA,729,"05/14/2026, 01:00:44 PM UTC
05/28/2026, 01:00:44 PM UTC",***Redacted***,Wanted Person (Arrest Warrant/Fugitive) - ,FID  11295681,***Redacted***,"05/28/2026, 01:00:44 PM UTC",lookup - Mobile,,
25e18a36-0ea2-4d68-9834-664675622850,Enrique Hogan,Bibb County SO GA,729,"05/14/2026, 01:01:24 PM UTC
05/28/2026, 01:01:24 PM UTC",***Redacted***,Wanted Person (Arrest Warrant/Fugitive) - ,FID  11295681,***Redacted***,"05/28/2026, 01:01:26 PM UTC",lookup - Mobile,,
bc857c2a-fd62-4bdf-8e44-ecd00acb84e7,Enrique Hogan,Bibb County SO GA,729,"05/14/2026, 01:02:30 PM UTC
05/28/2026, 01:02:30 PM UTC",***Redacted***,Wanted Person (Arrest Warrant/Fugitive) - ,FID  11295681,***Redacted***,"05/28/2026, 01:02:31 PM UTC",lookup - Mobile,,
734f5e7c-5a6c-4beb-b4bd-724f19faad34,Enrique Hogan,Bibb County SO GA,729,"05/14/2026, 01:03:54 PM UTC
05/28/2026, 01:03:54 PM UTC",***Redacted***,Wanted Person (Arrest Warrant/Fugitive) - ,FID  11295681,***Redacted***,"05/28/2026, 01:03:55 PM UTC",lookup - Mobile,,
9b9f2093-552e-4711-88a2-62c05fd12fe3,Enrique Hogan,Bibb County SO GA,729,"05/14/2026, 01:04:20 PM UTC
05/28/2026, 01:04:20 PM UTC",***Redacted***,Wanted Person (Arrest Warrant/Fugitive) - ,FID  11295681,***Redacted***,"05/28/2026, 01:04:22 PM UTC",lookup - Mobile,,
8badf09a-c6e3-4bf0-9aef-4de9fb60034e,Enrique Hogan,Bibb County SO GA,729,"05/14/2026, 01:09:16 PM UTC
05/28/2026, 01:09:16 PM UTC",***Redacted***,Wanted Person (Arrest Warrant/Fugitive) - ,FID  11295681,***Redacted***,"05/28/2026, 01:09:18 PM UTC",lookup - Mobile,,
2407fa63-4bfa-4f6e-8061-b393a51a992a,Enrique Hogan,Bibb County SO GA,729,"05/14/2026, 01:10:44 PM UTC
05/28/2026, 01:10:44 PM UTC",***Redacted***,Wanted Person (Arrest Warrant/Fugitive) - ,FID  11295681,***Redacted***,"05/28/2026, 01:10:45 PM UTC",lookup - Mobile,,
12bfd667-e686-4118-b21c-6b7a1b057755,Enrique Hogan,Bibb County SO GA,729,"05/14/2026, 01:13:01 PM UTC
05/28/2026, 01:13:01 PM UTC",***Redacted***,Wanted Person (Arrest Warrant/Fugitive) - ,FID  11295681,***Redacted***,"05/28/2026, 01:13:09 PM UTC",lookup - Mobile,,
1477c37a-21ec-4756-b365-9494e1ac7ce4,Enrique Hogan,Bibb County SO GA,729,"05/14/2026, 01:13:26 PM UTC
05/28/2026, 01:13:26 PM UTC",***Redacted***,Wanted Person (Arrest Warrant/Fugitive) - ,FID  11295681,***Redacted***,"05/28/2026, 01:13:37 PM UTC",lookup - Mobile,,
792dd5a7-46d1-422a-9919-b57e75aa2a66,Enrique Hogan,Bibb County SO GA,729,"05/14/2026, 01:14:11 PM UTC
05/28/2026, 01:14:11 PM UTC",***Redacted***,Wanted Person (Arrest Warrant/Fugitive) - ,FID  11295681,***Redacted***,"05/28/2026, 01:14:13 PM UTC",lookup - Mobile,,
c0f953f3-57a8-4884-8cde-74c78224862b,Enrique Hogan,Bibb County SO GA,729,"05/14/2026, 01:15:48 PM UTC
05/28/2026, 01:15:48 PM UTC",***Redacted***,Wanted Person (Arrest Warrant/Fugitive) - ,FID  11295681,***Redacted***,"05/28/2026, 01:15:48 PM UTC",lookup - Mobile,,
b00b46b9-f6db-4d1e-96e6-2503d9c42c9d,Enrique Hogan,Bibb County SO GA,729,"05/14/2026, 01:16:47 PM UTC
05/28/2026, 01:16:47 PM UTC",***Redacted***,Wanted Person (Arrest Warrant/Fugitive) - ,FID  11295681,***Redacted***,"05/28/2026, 01:16:48 PM UTC",lookup - Mobile,,
c063c20d-bded-481d-a9f1-9343f30b113c,Enrique Hogan,Bibb County SO GA,729,"05/14/2026, 01:17:35 PM UTC
05/28/2026, 01:17:35 PM UTC",***Redacted***,Wanted Person (Arrest Warrant/Fugitive) - ,FID  11295681,***Redacted***,"05/28/2026, 01:17:36 PM UTC",lookup - Mobile,,
8e8e36e3-0ea2-44d2-8ec0-fe7bbfba64ff,Enrique Hogan,Bibb County SO GA,729,"05/14/2026, 01:23:06 PM UTC
05/28/2026, 01:23:06 PM UTC",***Redacted***,Wanted Person (Arrest Warrant/Fugitive) - ,FID  11295681,***Redacted***,"05/28/2026, 01:23:13 PM UTC",lookup - Mobile,,
9bbe792b-ccb4-45ee-9c1a-e8b62b07e772,Enrique Hogan,Bibb County SO GA,729,"05/14/2026, 01:26:14 PM UTC
05/28/2026, 01:26:14 PM UTC",***Redacted***,Wanted Person (Arrest Warrant/Fugitive) - ,FID  11295681,***Redacted***,"05/28/2026, 01:26:15 PM UTC",lookup - Mobile,,
3a5c7c46-da00-47b3-b116-c34045ff8379,Enrique Hogan,Bibb County SO GA,729,"05/14/2026, 01:32:48 PM UTC
05/28/2026, 01:32:48 PM UTC",***Redacted***,Wanted Person (Arrest Warrant/Fugitive) - ,FID  11295681,***Redacted***,"05/28/2026, 01:32:54 PM UTC",lookup - Mobile,,
cbbcaf6c-fb66-4e88-b6b1-b602414678d2,Enrique Hogan,Bibb County SO GA,729,"05/14/2026, 01:34:00 PM UTC
05/28/2026, 01:34:00 PM UTC",***Redacted***,Wanted Person (Arrest Warrant/Fugitive) - ,FID  11295681,***Redacted***,"05/28/2026, 01:34:01 PM UTC",lookup - Mobile,,
247f46f5-56f4-4753-802f-070b8ea9900a,Enrique Hogan,Bibb County SO GA,729,"05/14/2026, 01:34:42 PM UTC
05/28/2026, 01:34:42 PM UTC",***Redacted***,Wanted Person (Arrest Warrant/Fugitive) - ,FID  11295681,***Redacted***,"05/28/2026, 01:34:43 PM UTC",lookup - Mobile,,
8310d4ae-3bbc-40a5-897a-a6fc14392105,Enrique Hogan,Bibb County SO GA,729,"05/14/2026, 01:35:22 PM UTC
05/28/2026, 01:35:22 PM UTC",***Redacted***,Wanted Person (Arrest Warrant/Fugitive) - ,FID  11295681,***Redacted***,"05/28/2026, 01:35:23 PM UTC",lookup - Mobile,,
40fa790b-d08d-4260-976e-98c218b936e2,Enrique Hogan,Bibb County SO GA,729,"05/14/2026, 01:36:32 PM UTC
05/28/2026, 01:36:32 PM UTC",***Redacted***,Wanted Person (Arrest Warrant/Fugitive) - ,FID  11295681,***Redacted***,"05/28/2026, 01:36:34 PM UTC",lookup - Mobile,,
b3625017-643d-4494-bd7f-44753e031a62,Enrique Hogan,Bibb County SO GA,729,"05/14/2026, 01:38:02 PM UTC
05/28/2026, 01:38:02 PM UTC",***Redacted***,Wanted Person (Arrest Warrant/Fugitive) - ,FID  11295681,***Redacted***,"05/28/2026, 01:38:06 PM UTC",lookup - Mobile,,
3e0401c8-79fc-408e-a578-ab7a4f7de0eb,Enrique Hogan,Bibb County SO GA,729,"05/14/2026, 01:38:44 PM UTC
05/28/2026, 01:38:44 PM UTC",***Redacted***,Wanted Person (Arrest Warrant/Fugitive) - ,FID  11295681,***Redacted***,"05/28/2026, 01:38:45 PM UTC",lookup - Mobile,,
d3421a82-b29e-4721-9797-e0aa80045607,Enrique Hogan,Bibb County SO GA,729,"05/14/2026, 01:40:30 PM UTC
05/28/2026, 01:40:30 PM UTC",***Redacted***,Wanted Person (Arrest Warrant/Fugitive) - ,FID  11295681,***Redacted***,"05/28/2026, 01:40:33 PM UTC",lookup - Mobile,,
c536acaa-8103-413c-926e-c4bcd2313bed,Enrique Hogan,Bibb County SO GA,729,"05/14/2026, 01:41:14 PM UTC
05/28/2026, 01:41:14 PM UTC",***Redacted***,Wanted Person (Arrest Warrant/Fugitive) - ,FID  11295681,***Redacted***,"05/28/2026, 01:41:17 PM UTC",lookup - Mobile,,
0774985f-4800-4033-963a-947cb18584e6,Enrique Hogan,Bibb County SO GA,729,"05/14/2026, 01:44:50 PM UTC
05/28/2026, 01:44:50 PM UTC",***Redacted***,Wanted Person (Arrest Warrant/Fugitive) - ,FID  11295681,***Redacted***,"05/28/2026, 01:44:51 PM UTC",lookup - Mobile,,
89449869-c645-472a-9e1c-c47b7f959059,Enrique Hogan,Bibb County SO GA,729,"05/14/2026, 01:58:06 PM UTC
05/28/2026, 01:58:06 PM UTC",***Redacted***,Wanted Person (Arrest Warrant/Fugitive) - ,FID  11295681,***Redacted***,"05/28/2026, 01:58:07 PM UTC",lookup - Mobile,,
46ca81e2-011e-4ac5-bd59-de101164d4f2,Enrique Hogan,Bibb County SO GA,729,"05/14/2026, 02:00:26 PM UTC
05/28/2026, 02:00:26 PM UTC",***Redacted***,Wanted Person (Arrest Warrant/Fugitive) - ,FID  11295681,***Redacted***,"05/28/2026, 02:00:27 PM UTC",lookup - Mobile,,
9bc20aa4-bb61-4b13-92dd-bf105efd4d51,Enrique Hogan,Bibb County SO GA,729,"05/14/2026, 02:01:06 PM UTC
05/28/2026, 02:01:06 PM UTC",***Redacted***,Wanted Person (Arrest Warrant/Fugitive) - ,FID  11295681,***Redacted***,"05/28/2026, 02:01:06 PM UTC",lookup - Mobile,,
8c6f99f1-47c4-4227-b761-e48c2b785caa,Enrique Hogan,Bibb County SO GA,729,"05/14/2026, 02:02:40 PM UTC
05/28/2026, 02:02:40 PM UTC",***Redacted***,Wanted Person (Arrest Warrant/Fugitive) - ,FID  11295681,***Redacted***,"05/28/2026, 02:02:44 PM UTC",lookup - Mobile,,
ffe730bf-736b-42a4-8d05-5ea47ec9633c,Enrique Hogan,Bibb County SO GA,729,"05/14/2026, 02:03:56 PM UTC
05/28/2026, 02:03:56 PM UTC",***Redacted***,Wanted Person (Arrest Warrant/Fugitive) - ,FID  11295681,***Redacted***,"05/28/2026, 02:03:59 PM UTC",lookup - Mobile,,
151a6e44-fcd4-40df-945e-9d0f0cb39d27,Alex Fletcher,Bibb County SO GA,1424,"05/27/2026, 02:30:11 PM UTC
05/28/2026, 02:30:11 PM UTC",***Redacted***,Drugs/Narcotics - ,2025-78977,***Redacted***,"05/28/2026, 02:09:14 PM UTC",lookup,,
be040aab-5549-4c83-8113-4cb065d81128,Alex Fletcher,Bibb County SO GA,1424,"05/27/2026, 02:30:11 PM UTC
05/28/2026, 02:30:11 PM UTC",***Redacted***,Drugs/Narcotics - ,2025-78977,***Redacted***,"05/28/2026, 02:10:06 PM UTC",lookup,,
f61f9367-12b2-47c4-90db-f778a6faa695,Alex Fletcher,Bibb County SO GA,1424,"05/27/2026, 02:30:11 PM UTC
05/28/2026, 02:30:11 PM UTC",***Redacted***,Drugs/Narcotics - ,2025-78977,***Redacted***,"05/28/2026, 02:10:12 PM UTC",lookup,,
f8182976-b99e-484c-a5eb-15fb83db396b,Adam Grant,Bibb County SO GA,1354,"04/30/2026, 06:22:41 AM UTC
05/30/2026, 06:22:41 AM UTC",***Redacted***,Larceny/Theft Offenses - ,2026-1296,***Redacted***,"05/30/2026, 06:22:44 AM UTC",lookup - Mobile,,
0fa47449-f022-4679-86de-b65d7b5a498e,Adam Grant,Bibb County SO GA,1354,"04/30/2026, 07:16:25 AM UTC
05/30/2026, 07:16:25 AM UTC",***Redacted***,Larceny/Theft Offenses - ,2026-1296,***Redacted***,"05/30/2026, 07:16:26 AM UTC",lookup - Mobile,,
eea8ed92-1877-4db3-949e-9c404974de1a,Adam Grant,Bibb County SO GA,1354,"04/30/2026, 07:17:03 AM UTC
05/30/2026, 07:17:03 AM UTC",***Redacted***,Larceny/Theft Offenses - ,2026-1296,***Redacted***,"05/30/2026, 07:17:05 AM UTC",lookup - Mobile,,
9453b328-4358-49ba-9d68-7dd6bda1635d,Adam Grant,Bibb County SO GA,1354,"05/23/2026, 07:17:15 AM UTC
05/30/2026, 07:17:15 AM UTC",***Redacted***,Motor Vehicle Theft/Stolen - ,2026-1296,***Redacted***,"05/30/2026, 07:17:16 AM UTC",lookup - Mobile,,
83fef9e9-8b0a-4e56-8b47-b82e4b03583a,Christian Erceg,Bibb County SO GA,11,"05/30/2026, 07:30:53 AM UTC
05/30/2026, 09:30:53 AM UTC",***Redacted***,Curfew/Loitering/Vagrancy Violations - ,2026-43175,***Redacted***,"05/30/2026, 09:15:47 AM UTC",lookup,,
7abf013f-6dbf-486d-8c12-993dbdb1f421,Christian Erceg,Bibb County SO GA,11,"05/23/2026, 09:30:55 AM UTC
05/30/2026, 09:30:55 AM UTC",***Redacted***,Curfew/Loitering/Vagrancy Violations - ,2026-43175,***Redacted***,"05/30/2026, 09:15:57 AM UTC",lookup,,
ebc8c756-4e63-4ce2-8f44-44ae74c3a273,Christian Erceg,Bibb County SO GA,11,"05/23/2026, 09:30:55 AM UTC
05/30/2026, 09:30:55 AM UTC",***Redacted***,Curfew/Loitering/Vagrancy Violations - ,2026-43175,***Redacted***,"05/30/2026, 09:16:36 AM UTC",search,,
99fa0974-4665-4214-8e62-8b4e8aaa4f92,Christian Erceg,Bibb County SO GA,11,"05/23/2026, 09:30:55 AM UTC
05/30/2026, 09:30:55 AM UTC",***Redacted***,Curfew/Loitering/Vagrancy Violations - ,2026-43175,***Redacted***,"05/30/2026, 09:17:43 AM UTC",lookup,,
e3dd3452-050a-4c1d-b495-965043927284,Christian Erceg,Bibb County SO GA,11,"04/30/2026, 09:30:49 AM UTC
05/30/2026, 09:30:49 AM UTC",***Redacted***,Curfew/Loitering/Vagrancy Violations - ,2026-43175,***Redacted***,"05/30/2026, 09:17:51 AM UTC",lookup,,
e56af5b9-e85c-461c-b761-44a50ea41ae3,Christian Erceg,Bibb County SO GA,11,"04/30/2026, 09:30:49 AM UTC
05/30/2026, 09:30:49 AM UTC",***Redacted***,Curfew/Loitering/Vagrancy Violations - ,2026-43175,***Redacted***,"05/30/2026, 09:17:59 AM UTC",lookup,,
1b407806-57c2-4bc1-a5ac-3644bc4acd0c,MELANIE HOFMANN,Bibb County SO GA,11,"04/29/2026, 11:30:04 PM UTC
05/29/2026, 11:30:04 PM UTC",***Redacted***,Hit and Run/Car Accident - ,2026-39620,***Redacted***,"05/29/2026, 11:18:12 PM UTC",lookup,,
7ffc1d14-1d2c-4f0a-940b-944486753a0e,MELANIE HOFMANN,Bibb County SO GA,11,"04/29/2026, 11:30:04 PM UTC
05/29/2026, 11:30:04 PM UTC",***Redacted***,Hit and Run/Car Accident - ,2026-39620,***Redacted***,"05/29/2026, 11:18:31 PM UTC",search,,
9b204daa-429b-4f06-9da6-9909a05c5d1a,MELANIE HOFMANN,Bibb County SO GA,11,"04/29/2026, 11:30:04 PM UTC
05/29/2026, 11:30:04 PM UTC",***Redacted***,Hit and Run/Car Accident - ,2026-39620,***Redacted***,"05/29/2026, 11:19:26 PM UTC",search,,
5d099f1a-1731-400a-9e41-e8afb8b6ceca,MELANIE HOFMANN,Bibb County SO GA,11,"05/06/2026, 11:30:00 PM UTC
05/15/2026, 11:30:00 PM UTC",***Redacted***,Hit and Run/Car Accident - ,2026-39620,***Redacted***,"05/29/2026, 11:25:09 PM UTC",search,,
9804efc8-ab21-4dee-907d-ae144585b8f0,MELANIE HOFMANN,Bibb County SO GA,11,"05/06/2026, 11:30:00 PM UTC
05/15/2026, 11:30:00 PM UTC",***Redacted***,Hit and Run/Car Accident - ,2026-39620,***Redacted***,"05/29/2026, 11:26:49 PM UTC",search,,
dfbb148d-1c71-4f12-85e3-3e73c02e7bac,MELANIE HOFMANN,Bibb County SO GA,11,"05/06/2026, 11:30:00 PM UTC
05/15/2026, 11:30:00 PM UTC",***Redacted***,Hit and Run/Car Accident - ,2026-39620,***Redacted***,"05/29/2026, 11:28:23 PM UTC",search,,
0153d5e6-54ed-4347-ac08-3c44810821e3,MELANIE HOFMANN,Bibb County SO GA,11,"05/07/2026, 11:30:00 PM UTC
05/08/2026, 11:30:00 PM UTC",***Redacted***,Hit and Run/Car Accident - ,2026-39620,***Redacted***,"05/29/2026, 11:43:35 PM UTC",search,,
641dd643-afc2-4fd7-b602-04806a55c1be,MELANIE HOFMANN,Bibb County SO GA,11,"05/07/2026, 11:30:00 AM UTC
05/08/2026, 11:30:00 PM UTC",***Redacted***,Hit and Run/Car Accident - ,2026-39620,***Redacted***,"05/29/2026, 11:44:14 PM UTC",search,,
39587637-22d4-4df6-a756-e4f9b611cf86,Jonathan Hubbard,Bibb County SO GA,10,"05/27/2026, 02:52:44 PM UTC
05/28/2026, 02:52:44 PM UTC",***Redacted***,Traffic Infraction - ,26,***Redacted***,"05/28/2026, 02:52:45 PM UTC",search - Mobile,,
7f0ba1d9-d7de-4eb4-a656-e5800ddcb752,Jonathan Hubbard,Bibb County SO GA,10,"05/27/2026, 02:52:58 PM UTC
05/28/2026, 02:52:58 PM UTC",***Redacted***,Traffic Infraction - ,26,***Redacted***,"05/28/2026, 02:52:59 PM UTC",search - Mobile,,
8c4a4c57-5da1-4cfb-940e-1c6c15906d0a,Jonathan Hubbard,Bibb County SO GA,10,"05/21/2026, 02:53:00 PM UTC
05/28/2026, 02:53:00 PM UTC",***Redacted***,Traffic Infraction - ,26,***Redacted***,"05/28/2026, 02:53:01 PM UTC",search - Mobile,,
fbca157b-3714-4901-8ce9-bf00b93404d3,Jonathan Hubbard,Bibb County SO GA,10,"05/27/2026, 02:54:00 PM UTC
05/28/2026, 02:54:00 PM UTC",***Redacted***,Traffic Infraction - ,26,***Redacted***,"05/28/2026, 02:54:02 PM UTC",search - Mobile,,
12172d95-9926-4389-825b-cbe0823b806b,Jonathan Hubbard,Bibb County SO GA,10,"05/27/2026, 02:54:41 PM UTC
05/28/2026, 02:54:41 PM UTC",***Redacted***,Traffic Infraction - ,26,***Redacted***,"05/28/2026, 02:54:44 PM UTC",search - Mobile,,
99b33a8c-c65e-4d11-9770-39c2ce619333,Jonathan Hubbard,Bibb County SO GA,10,"05/27/2026, 02:56:11 PM UTC
05/28/2026, 02:56:11 PM UTC",***Redacted***,Traffic Infraction - ,26,***Redacted***,"05/28/2026, 02:56:14 PM UTC",search - Mobile,,
e11cf46c-e9db-4409-8da4-e6a287318e44,Jonathan Hubbard,Bibb County SO GA,10,"05/27/2026, 02:58:53 PM UTC
05/28/2026, 02:58:53 PM UTC",***Redacted***,Traffic Infraction - ,26,***Redacted***,"05/28/2026, 02:58:55 PM UTC",search - Mobile,,
e1ee8dfe-832f-4cb1-acae-9975950f150b,Jonathan Hubbard,Bibb County SO GA,10,"05/21/2026, 03:00:26 PM UTC
05/28/2026, 03:00:26 PM UTC",***Redacted***,Traffic Infraction - ,26,***Redacted***,"05/28/2026, 03:00:29 PM UTC",search - Mobile,,
8e7f3def-0526-46e7-aa26-694feb71242c,Alex Fletcher,Bibb County SO GA,1424,"05/27/2026, 02:30:11 PM UTC
05/28/2026, 02:30:11 PM UTC",***Redacted***,Drugs/Narcotics - ,2025-78977,***Redacted***,"05/28/2026, 03:01:31 PM UTC",lookup,,
86c0841e-e93a-410e-ba67-ea317cc25bf9,Enrique Hogan,Bibb County SO GA,729,"05/14/2026, 03:02:47 PM UTC
05/28/2026, 03:02:47 PM UTC",***Redacted***,Wanted Person (Arrest Warrant/Fugitive) - ,FID  11295681,***Redacted***,"05/28/2026, 03:02:50 PM UTC",lookup - Mobile,,
e486a70c-dabd-4af7-810a-ba3d29ee1330,Enrique Hogan,Bibb County SO GA,729,"05/14/2026, 03:06:41 PM UTC
05/28/2026, 03:06:41 PM UTC",***Redacted***,Wanted Person (Arrest Warrant/Fugitive) - ,FID  11295681,***Redacted***,"05/28/2026, 03:06:42 PM UTC",lookup - Mobile,,
0e98f7c0-c099-44e5-a507-cfebbe199897,Jonathan Hubbard,Bibb County SO GA,10,"05/21/2026, 03:07:03 PM UTC
05/28/2026, 03:07:03 PM UTC",***Redacted***,Traffic Infraction - ,26,***Redacted***,"05/28/2026, 03:07:22 PM UTC",search - Mobile,,
29ba9067-cdbb-4c45-af2b-55d032711ba2,Enrique Hogan,Bibb County SO GA,729,"05/14/2026, 03:08:24 PM UTC
05/28/2026, 03:08:24 PM UTC",***Redacted***,Wanted Person (Arrest Warrant/Fugitive) - ,FID  11295681,***Redacted***,"05/28/2026, 03:08:26 PM UTC",lookup - Mobile,,
4812da8d-5dc9-437b-97e5-4d9bf7288700,Enrique Hogan,Bibb County SO GA,729,"05/14/2026, 03:10:44 PM UTC
05/28/2026, 03:10:44 PM UTC",***Redacted***,Wanted Person (Arrest Warrant/Fugitive) - ,FID  11295681,***Redacted***,"05/28/2026, 03:10:46 PM UTC",lookup - Mobile,,
df62612b-5c4a-45d6-b266-6edead489b46,Jonathan Hubbard,Bibb County SO GA,10,"05/27/2026, 03:18:57 PM UTC
05/28/2026, 03:18:57 PM UTC",***Redacted***,Wanted Person (Arrest Warrant/Fugitive) - ,26,***Redacted***,"05/28/2026, 03:18:59 PM UTC",search - Mobile,,
1418f779-2a09-400e-aa3f-a4938eed2a69,Jonathan Hubbard,Bibb County SO GA,10,"05/27/2026, 03:19:25 PM UTC
05/28/2026, 03:19:25 PM UTC",***Redacted***,Wanted Person (Arrest Warrant/Fugitive) - ,26,***Redacted***,"05/28/2026, 03:19:26 PM UTC",search - Mobile,,
1498be86-c31f-4771-9a9b-4dd8fe8d4cc4,Jonathan Hubbard,Bibb County SO GA,10,"05/27/2026, 03:19:38 PM UTC
05/28/2026, 03:19:38 PM UTC",***Redacted***,Wanted Person (Arrest Warrant/Fugitive) - ,26,***Redacted***,"05/28/2026, 03:19:40 PM UTC",search - Mobile,,
9967d0a4-41ab-4b54-99ff-4f92ba334435,Jonathan Hubbard,Bibb County SO GA,11,"05/27/2026, 03:21:05 PM UTC
05/28/2026, 03:21:05 PM UTC",***Redacted***,Wanted Person (Arrest Warrant/Fugitive) - ,26,***Redacted***,"05/28/2026, 03:21:08 PM UTC",search - Mobile,,
db4b944d-07b9-4ded-8ddc-584bcc92c544,Jonathan Hubbard,Bibb County SO GA,11,"05/27/2026, 03:21:31 PM UTC
05/28/2026, 03:21:31 PM UTC",***Redacted***,Wanted Person (Arrest Warrant/Fugitive) - ,26,***Redacted***,"05/28/2026, 03:21:33 PM UTC",search - Mobile,,
33a69198-38ed-48dd-abdf-e1a1ab0145f2,Kirsten Davella,Bibb County SO GA,3,"04/28/2026, 03:30:41 PM UTC
05/28/2026, 03:30:41 PM UTC",***Redacted***,Wanted Person (Arrest Warrant/Fugitive) - ,Operation Safe Streets,***Redacted***,"05/28/2026, 03:24:06 PM UTC",freeform,"objectClass:vehicle ""tow truck""",allow
993efa46-b4ab-467d-95ee-fc08dd1deb15,Kirsten Davella,Bibb County SO GA,3,"04/28/2026, 03:30:41 PM UTC
05/28/2026, 03:30:41 PM UTC",***Redacted***,Wanted Person (Arrest Warrant/Fugitive) - ,Operation Safe Streets,***Redacted***,"05/28/2026, 03:24:29 PM UTC",freeform,"objectClass:vehicle ""red atlanta falcons tow truck""",allow
96bd0daa-473e-4dee-8fb2-8475cecaf387,Kirsten Davella,Bibb County SO GA,3,"05/27/2026, 03:30:46 PM UTC
05/28/2026, 03:30:46 PM UTC",***Redacted***,Wanted Person (Arrest Warrant/Fugitive) - ,Operation Safe Streets,***Redacted***,"05/28/2026, 03:24:50 PM UTC",freeform,"objectClass:vehicle ""red atlanta falcons tow truck""",allow
dd447d24-7ce4-4f3d-a7eb-f47ee775e57b,Jonathan Hubbard,Bibb County SO GA,11,"05/27/2026, 03:24:57 PM UTC
05/28/2026, 03:24:57 PM UTC",***Redacted***,Wanted Person (Arrest Warrant/Fugitive) - ,26,***Redacted***,"05/28/2026, 03:25:02 PM UTC",search - Mobile,,
1845c182-8f6d-4352-85d2-f405d8a59f77,Jonathan Hubbard,Bibb County SO GA,11,"05/27/2026, 03:27:45 PM UTC
05/28/2026, 03:27:45 PM UTC",***Redacted***,Wanted Person (Arrest Warrant/Fugitive) - ,26,***Redacted***,"05/28/2026, 03:27:48 PM UTC",search - Mobile,,
cc4da800-8497-447d-a65f-e0be46baadf9,Alex Fletcher,Bibb County SO GA,1424,"05/27/2026, 02:30:11 PM UTC
05/28/2026, 02:30:11 PM UTC",***Redacted***,Drugs/Narcotics - ,2025-78977,***Redacted***,"05/28/2026, 04:06:28 PM UTC",lookup,,
1470ff19-09f4-4ef6-9c97-e62c29c6b349,Enrique Hogan,Bibb County SO GA,729,"05/14/2026, 04:08:46 PM UTC
05/28/2026, 04:08:46 PM UTC",***Redacted***,Wanted Person (Arrest Warrant/Fugitive) - ,FID  11295681,***Redacted***,"05/28/2026, 04:08:48 PM UTC",lookup - Mobile,,
33691d08-4490-42c2-b7a6-23fd054e690d,Enrique Hogan,Bibb County SO GA,729,"05/14/2026, 04:10:14 PM UTC
05/28/2026, 04:10:14 PM UTC",***Redacted***,Wanted Person (Arrest Warrant/Fugitive) - ,FID  11295681,***Redacted***,"05/28/2026, 04:10:41 PM UTC",lookup - Mobile,,
e776f90e-7e4b-4bab-b0a0-66746d9c6253,Adam Grant,Bibb County SO GA,1355,"04/28/2026, 04:12:53 PM UTC
05/28/2026, 04:12:53 PM UTC",***Redacted***,Larceny/Theft Offenses - ,2026-1296,***Redacted***,"05/28/2026, 04:12:56 PM UTC",lookup - Mobile,,
d6d01475-8711-49f6-aadb-48e67f6e5caa,Alex Fletcher,Bibb County SO GA,1424,"05/27/2026, 02:30:11 PM UTC
05/28/2026, 02:30:11 PM UTC",***Redacted***,Drugs/Narcotics - ,2025-78977,***Redacted***,"05/28/2026, 04:24:36 PM UTC",lookup,,
a7b9b2e8-7bab-47f9-b8d9-d4cc67a3e86e,Alex Fletcher,Bibb County SO GA,1424,"05/27/2026, 02:30:11 PM UTC
05/28/2026, 02:30:11 PM UTC",***Redacted***,Drugs/Narcotics - ,2025-78977,***Redacted***,"05/28/2026, 04:27:08 PM UTC",lookup,,
32ba7b7b-e28e-4a28-ae36-0f461fd98b81,Alex Fletcher,Bibb County SO GA,1424,"05/27/2026, 02:30:11 PM UTC
05/28/2026, 02:30:11 PM UTC",***Redacted***,Drugs/Narcotics - ,2025-78977,***Redacted***,"05/28/2026, 04:28:02 PM UTC",lookup,,
1c9aa35f-9203-47ba-82ff-6dd79489e99a,Alex Fletcher,Bibb County SO GA,1424,"05/27/2026, 02:30:11 PM UTC
05/28/2026, 02:30:11 PM UTC",***Redacted***,Drugs/Narcotics - ,2025-78977,***Redacted***,"05/28/2026, 04:35:11 PM UTC",lookup,,
4691c2ee-86a7-434a-8cb4-e82eb152075a,Reginald Tillman,Bibb County SO GA,22,"05/28/2026, 03:00:24 PM UTC
05/28/2026, 05:00:24 PM UTC",***Redacted***,Larceny/Theft Offenses - ,2026-46546,***Redacted***,"05/28/2026, 04:38:01 PM UTC",lookup,,
a64e4d94-5572-480a-a9f2-de2056ca3b10,Adam Grant,Bibb County SO GA,1354,"04/28/2026, 08:29:32 PM UTC
05/28/2026, 08:29:32 PM UTC",***Redacted***,Larceny/Theft Offenses - ,2026-1296,***Redacted***,"05/28/2026, 08:29:37 PM UTC",lookup - Mobile,,
d59ceddb-5856-491f-b4f6-2c623204e7c8,Adam Grant,Bibb County SO GA,1354,"05/29/2026, 04:58:59 PM UTC
05/30/2026, 04:58:59 PM UTC",***Redacted***,Motor Vehicle Theft/Stolen - ,2026-1296,***Redacted***,"05/30/2026, 04:59:00 PM UTC",lookup - Mobile,,
88fbc22e-83b3-4625-b34b-021497378ac5,Adam Grant,Bibb County SO GA,1354,"05/29/2026, 05:25:42 PM UTC
05/30/2026, 05:25:42 PM UTC",***Redacted***,Motor Vehicle Theft/Stolen - ,2026-1296,***Redacted***,"05/30/2026, 05:25:43 PM UTC",lookup - Mobile,,
baaa1ccd-492a-4925-95cf-a3f304e5659d,Adam Grant,Bibb County SO GA,1354,"05/29/2026, 06:32:17 PM UTC
05/30/2026, 06:32:17 PM UTC",***Redacted***,Motor Vehicle Theft/Stolen - ,2026-1296,***Redacted***,"05/30/2026, 06:32:22 PM UTC",lookup - Mobile,,
0d8adc30-df4d-4e93-96cd-62f31bd2a282,Alex Fletcher,Bibb County SO GA,3,"05/30/2026, 05:00:30 PM UTC
05/30/2026, 07:00:30 PM UTC",***Redacted***,Drugs/Narcotics - ,2025-78977,***Redacted***,"05/30/2026, 06:59:07 PM UTC",lookup,,
0ef58c0e-e024-46ca-88e1-cfd0e8bec528,Alex Fletcher,Bibb County SO GA,1354,"05/29/2026, 07:05:37 PM UTC
05/30/2026, 07:05:37 PM UTC",***Redacted***,Drugs/Narcotics - ,2025-78977,***Redacted***,"05/30/2026, 07:05:39 PM UTC",lookup - Mobile,,
0b835809-eed4-4641-b37e-65924614fb14,Alex Fletcher,Bibb County SO GA,1354,"05/29/2026, 07:09:40 PM UTC
05/30/2026, 07:09:40 PM UTC",***Redacted***,Drugs/Narcotics - ,2025-78977,***Redacted***,"05/30/2026, 07:09:41 PM UTC",lookup - Mobile,,
ddd1978e-bf4f-40a3-bdce-e751a00b394c,Alex Fletcher,Bibb County SO GA,1354,"05/29/2026, 07:12:25 PM UTC
05/30/2026, 07:12:25 PM UTC",***Redacted***,Drugs/Narcotics - ,2025-78977,***Redacted***,"05/30/2026, 07:12:27 PM UTC",lookup - Mobile,,
0389f06b-7158-4937-9517-b1f2914c958e,Enrique Hogan,Bibb County SO GA,728,"05/14/2026, 09:53:50 PM UTC
05/28/2026, 09:53:50 PM UTC",***Redacted***,Wanted Person (Arrest Warrant/Fugitive) - ,FID  11295681,***Redacted***,"05/28/2026, 09:53:52 PM UTC",lookup - Mobile,,
7959b05c-7126-4fdf-8b42-7864a7ace10a,Enrique Hogan,Bibb County SO GA,729,"05/14/2026, 04:39:48 PM UTC
05/28/2026, 04:39:48 PM UTC",***Redacted***,Wanted Person (Arrest Warrant/Fugitive) - ,FID  11295681,***Redacted***,"05/28/2026, 04:40:16 PM UTC",lookup - Mobile,,
fbead938-e07e-47db-885f-26d9ed53812e,Reginald Tillman,Bibb County SO GA,22,"05/28/2026, 03:00:24 PM UTC
05/28/2026, 05:00:24 PM UTC",***Redacted***,Larceny/Theft Offenses - ,2026-46546,***Redacted***,"05/28/2026, 04:40:25 PM UTC",lookup,,
4b6e69ce-1eeb-4a86-93fe-b7ab14028cbe,Reginald Tillman,Bibb County SO GA,22,"05/28/2026, 03:00:24 PM UTC
05/28/2026, 05:00:24 PM UTC",***Redacted***,Larceny/Theft Offenses - ,2026-46546,***Redacted***,"05/28/2026, 04:48:56 PM UTC",lookup,,
4f47bacb-c399-42c0-88dc-90e8d2efebd9,Reginald Tillman,Bibb County SO GA,22,"05/28/2026, 03:00:24 PM UTC
05/28/2026, 05:00:24 PM UTC",***Redacted***,Larceny/Theft Offenses - ,2026-46546,***Redacted***,"05/28/2026, 04:49:55 PM UTC",lookup,,
041a8854-eb25-47e4-a931-2466063954fb,Alex Fletcher,Bibb County SO GA,1424,"05/27/2026, 02:30:11 PM UTC
05/28/2026, 02:30:11 PM UTC",***Redacted***,Drugs/Narcotics - ,2025-78977,***Redacted***,"05/28/2026, 04:51:46 PM UTC",lookup,,
96d57e92-21e3-4f0a-aafb-c508e0c9fcd8,Enrique Hogan,Bibb County SO GA,729,"05/14/2026, 04:54:28 PM UTC
05/28/2026, 04:54:28 PM UTC",***Redacted***,Wanted Person (Arrest Warrant/Fugitive) - ,FID  11295681,***Redacted***,"05/28/2026, 04:54:29 PM UTC",lookup - Mobile,,
12cb1762-e71a-4c09-ada8-dfaa9fa4d74a,Alex Fletcher,Bibb County SO GA,1424,"05/27/2026, 02:30:11 PM UTC
05/28/2026, 02:30:11 PM UTC",***Redacted***,Drugs/Narcotics - ,2025-78977,***Redacted***,"05/28/2026, 04:55:10 PM UTC",lookup,,
8e49be17-dfba-42de-8f83-5ee8fb788a78,Reginald Tillman,Bibb County SO GA,22,"05/28/2026, 03:00:24 PM UTC
05/28/2026, 05:00:24 PM UTC",***Redacted***,Larceny/Theft Offenses - ,2026-46546,***Redacted***,"05/28/2026, 04:55:29 PM UTC",lookup,,
bfae1dac-0854-44dc-8dd8-31988fa33cf0,Alex Fletcher,Bibb County SO GA,1424,"05/27/2026, 02:30:11 PM UTC
05/28/2026, 02:30:11 PM UTC",***Redacted***,Drugs/Narcotics - ,2025-78977,***Redacted***,"05/28/2026, 04:59:16 PM UTC",lookup,,
a2f64be6-146a-4637-95c8-48a96499ce5f,Reginald Tillman,Bibb County SO GA,22,"05/28/2026, 03:00:24 PM UTC
05/28/2026, 05:00:24 PM UTC",***Redacted***,Larceny/Theft Offenses - ,2026-46546,***Redacted***,"05/28/2026, 05:07:58 PM UTC",lookup,,
742d3b97-2a5a-4447-9835-88ee2e1b610e,Enrique Hogan,Bibb County SO GA,729,"05/14/2026, 05:12:17 PM UTC
05/28/2026, 05:12:17 PM UTC",***Redacted***,Wanted Person (Arrest Warrant/Fugitive) - ,FID  11295681,***Redacted***,"05/28/2026, 05:12:20 PM UTC",lookup - Mobile,,
6b5fd402-ea3d-4261-9b76-96f45cb551d6,Alex Fletcher,Bibb County SO GA,1424,"05/27/2026, 02:30:11 PM UTC
05/28/2026, 02:30:11 PM UTC",***Redacted***,Drugs/Narcotics - ,2025-78977,***Redacted***,"05/28/2026, 05:15:36 PM UTC",lookup,,
f0fa5637-0836-4c41-83ea-a2015b939e73,Alex Fletcher,Bibb County SO GA,1424,"05/27/2026, 02:30:11 PM UTC
05/28/2026, 02:30:11 PM UTC",***Redacted***,Drugs/Narcotics - ,2025-78977,***Redacted***,"05/28/2026, 05:52:15 PM UTC",lookup,,
35e70478-61e7-4e77-a0d0-01a95aea5707,Jonathan Hubbard,Bibb County SO GA,10,"05/27/2026, 05:55:13 PM UTC
05/28/2026, 05:55:13 PM UTC",***Redacted***,Assault/Battery Offenses - ,26,***Redacted***,"05/28/2026, 05:55:16 PM UTC",search - Mobile,,
6c898941-35b0-4d86-9947-e543caaadd60,Jonathan Hubbard,Bibb County SO GA,10,"05/27/2026, 05:55:28 PM UTC
05/28/2026, 05:55:28 PM UTC",***Redacted***,Assault/Battery Offenses - ,26,***Redacted***,"05/28/2026, 05:55:31 PM UTC",search - Mobile,,
5add5237-655a-4d24-8074-994daccf6df8,Alex Fletcher,Bibb County SO GA,1424,"05/28/2026, 04:00:39 PM UTC
05/28/2026, 06:00:39 PM UTC",***Redacted***,Drugs/Narcotics - ,2025-78977,***Redacted***,"05/28/2026, 06:00:22 PM UTC",search,,
e270765d-9b31-41d1-ab68-894523c8a676,Alex Fletcher,Bibb County SO GA,1424,"05/28/2026, 04:00:39 PM UTC
05/28/2026, 06:00:39 PM UTC",***Redacted***,Drugs/Narcotics - ,2025-78977,***Redacted***,"05/28/2026, 06:00:36 PM UTC",search,,
5e7a7169-9c81-4937-91a9-34bbaa08ae15,Adam Grant,Bibb County SO GA,1355,"04/28/2026, 06:00:39 PM UTC
05/28/2026, 06:00:39 PM UTC",***Redacted***,Larceny/Theft Offenses - ,2026-1296,***Redacted***,"05/28/2026, 06:00:41 PM UTC",lookup - Mobile,,
f8cbdd10-79dc-4f24-bc59-b1306aa17121,Alex Fletcher,Bibb County SO GA,3,"05/28/2026, 04:00:39 PM UTC
05/28/2026, 06:00:39 PM UTC",***Redacted***,Drugs/Narcotics - ,2025-78977,***Redacted***,"05/28/2026, 06:01:16 PM UTC",search,,
80c510d8-0db0-48f6-a455-fdfe0e01227a,Jonathan Hubbard,Bibb County SO GA,11,"05/27/2026, 06:30:59 PM UTC
05/28/2026, 06:30:59 PM UTC",***Redacted***,Assault/Battery Offenses - ,26,***Redacted***,"05/28/2026, 06:02:02 PM UTC",search,,
6cb9d598-f5ab-409c-bed8-c4ff2d321e2b,Alex Fletcher,Bibb County SO GA,3,"05/28/2026, 04:00:39 PM UTC
05/28/2026, 06:00:39 PM UTC",***Redacted***,Drugs/Narcotics - ,2025-78977,***Redacted***,"05/28/2026, 06:02:07 PM UTC",search,,
4dff823e-9709-4595-b7fd-ce21d1750125,Alex Fletcher,Bibb County SO GA,3,"05/28/2026, 12:30:31 PM UTC
05/28/2026, 06:30:31 PM UTC",***Redacted***,Drugs/Narcotics - ,2025-78977,***Redacted***,"05/28/2026, 06:02:37 PM UTC",freeform,objectClass:vehicle red honda civic black hood,allow
f9b49de1-5c9d-438f-976d-c48f786102f2,Alex Fletcher,Bibb County SO GA,3,"05/28/2026, 12:30:31 PM UTC
05/28/2026, 06:30:31 PM UTC",***Redacted***,Drugs/Narcotics - ,2025-78977,***Redacted***,"05/28/2026, 06:02:55 PM UTC",freeform,objectClass:vehicle red honda civic coupe with a black hood,allow
3550424b-67b1-4557-9e53-494b4c547fd1,Alex Fletcher,Bibb County SO GA,3,"05/28/2026, 04:00:39 PM UTC
05/28/2026, 06:00:39 PM UTC",***Redacted***,Drugs/Narcotics - ,2025-78977,***Redacted***,"05/28/2026, 06:04:31 PM UTC",search,,
2d01fc59-103a-48af-8e78-52e9551e08d5,Alex Fletcher,Bibb County SO GA,3,"05/28/2026, 04:00:39 PM UTC
05/28/2026, 06:00:39 PM UTC",***Redacted***,Drugs/Narcotics - ,2025-78977,***Redacted***,"05/28/2026, 06:06:31 PM UTC",search,,
e8e01ca1-9748-4e65-9777-9dcba0e61c5a,Alex Fletcher,Bibb County SO GA,3,"05/28/2026, 05:51:45 PM UTC
05/28/2026, 06:06:45 PM UTC",***Redacted***,Drugs/Narcotics - ,2025-78977,***Redacted***,"05/28/2026, 06:07:00 PM UTC",freeform,objectClass:vehicle dually truck towing car ,allow
5ec5871b-1a68-46aa-a2d2-fe30fc211085,Alex Fletcher,Bibb County SO GA,3,"05/28/2026, 05:51:45 PM UTC
05/28/2026, 06:06:45 PM UTC",***Redacted***,Drugs/Narcotics - ,2025-78977,***Redacted***,"05/28/2026, 06:07:46 PM UTC",freeform,objectClass:vehicle dually truck towing convertible car ,allow
0e7b8305-20b7-48bf-9060-b0af6f0f2860,Alex Fletcher,Bibb County SO GA,3,"05/28/2026, 05:51:45 PM UTC
05/28/2026, 06:06:45 PM UTC",***Redacted***,Drugs/Narcotics - ,2025-78977,***Redacted***,"05/28/2026, 06:08:06 PM UTC",freeform,objectClass:vehicle truck towing convertible car ,allow
7e994ad3-0265-40de-86f5-c05d96c5bd9d,Enrique Hogan,Bibb County SO GA,729,"05/14/2026, 06:09:51 PM UTC
05/28/2026, 06:09:51 PM UTC",***Redacted***,Wanted Person (Arrest Warrant/Fugitive) - ,FID  11295681,***Redacted***,"05/28/2026, 06:09:53 PM UTC",lookup - Mobile,,
ac5b4d7d-c59a-4e49-9340-4e33ba79499c,Alex Fletcher,Bibb County SO GA,3,"05/28/2026, 05:51:45 PM UTC
05/28/2026, 06:06:45 PM UTC",***Redacted***,Drugs/Narcotics - ,2025-78977,***Redacted***,"05/28/2026, 06:10:42 PM UTC",freeform,objectClass:vehicle dually truck towing car trailer,allow
9c7ab648-a0ac-4cdf-b6ab-11772483d0cf,Alex Fletcher,Bibb County SO GA,3,"05/28/2026, 04:00:39 PM UTC
05/28/2026, 06:00:39 PM UTC",***Redacted***,Drugs/Narcotics - ,2025-78977,***Redacted***,"05/28/2026, 06:11:45 PM UTC",search,,
dab6ac1c-bad4-42fe-83af-e29cc1ce32fa,Alex Fletcher,Bibb County SO GA,3,"05/28/2026, 05:51:45 PM UTC
05/28/2026, 06:06:45 PM UTC",***Redacted***,Drugs/Narcotics - ,2025-78977,***Redacted***,"05/28/2026, 06:13:48 PM UTC",freeform,objectClass:vehicle ford dually truck with trailer,allow
dba3d653-cfeb-4b54-bd36-32c4afc812c5,Justin Edwards,Bibb County SO GA,3,"05/21/2026, 06:16:44 PM UTC
05/28/2026, 06:16:44 PM UTC",***Redacted***,"Assault/Battery Offenses, Homicide/Death Investigation - ",2024-67104,***Redacted***,"05/28/2026, 06:16:44 PM UTC",lookup - Mobile,,
83869452-5315-4632-a651-a9b5787894da,Alex Fletcher,Bibb County SO GA,3,"05/28/2026, 05:51:45 PM UTC
05/28/2026, 06:06:45 PM UTC",***Redacted***,Drugs/Narcotics - ,2025-78977,***Redacted***,"05/28/2026, 06:20:16 PM UTC",freeform,objectClass:vehicle ford dually truck with trailer,allow
459d270d-0cc8-487a-aa2e-a2b85c2098fd,Adam Grant,Bibb County SO GA,1355,"04/28/2026, 06:21:12 PM UTC
05/28/2026, 06:21:12 PM UTC",***Redacted***,Larceny/Theft Offenses - ,2026-1296,***Redacted***,"05/28/2026, 06:21:18 PM UTC",lookup - Mobile,,
6e2692aa-3f7c-4897-82aa-feb28fd90232,Thomas Kent,Bibb County SO GA,2,"05/27/2026, 07:00:55 PM UTC
05/28/2026, 07:00:55 PM UTC",***Redacted***,Motor Vehicle Theft/Stolen - ,2026-46606,***Redacted***,"05/28/2026, 06:59:58 PM UTC",lookup,,
64f9a45a-2aa8-4a38-8e80-63af0ca826c5,Justin Edwards,Bibb County SO GA,3,"05/27/2026, 07:22:10 PM UTC
05/28/2026, 07:22:10 PM UTC",***Redacted***,"Assault/Battery Offenses, Homicide/Death Investigation - ",2024-67104,***Redacted***,"05/28/2026, 07:22:11 PM UTC",lookup - Mobile,,
e9e3e41e-c912-4b56-99af-63faaec2d2a3,Justin Edwards,Bibb County SO GA,3,"05/27/2026, 07:22:29 PM UTC
05/28/2026, 07:22:29 PM UTC",***Redacted***,"Assault/Battery Offenses, Homicide/Death Investigation - ",2024-67104,***Redacted***,"05/28/2026, 07:22:29 PM UTC",lookup - Mobile,,
09ddc1aa-fb57-4461-89c1-7473643033d6,Justin Edwards,Bibb County SO GA,3,"05/27/2026, 07:22:36 PM UTC
05/28/2026, 07:22:36 PM UTC",***Redacted***,"Assault/Battery Offenses, Homicide/Death Investigation - ",2024-67104,***Redacted***,"05/28/2026, 07:22:36 PM UTC",lookup - Mobile,,
04a93d85-fa61-4903-a52b-12f391b1e45d,Enrique Hogan,Bibb County SO GA,728,"05/15/2026, 04:21:06 PM UTC
05/29/2026, 04:21:06 PM UTC",***Redacted***,Wanted Person (Arrest Warrant/Fugitive) - ,FID  11295681,***Redacted***,"05/29/2026, 04:21:08 PM UTC",lookup - Mobile,,
2bba7b54-aa71-4ada-93b0-619be3a8e7b0,Enrique Hogan,Bibb County SO GA,728,"05/15/2026, 04:21:27 PM UTC
05/29/2026, 04:21:27 PM UTC",***Redacted***,Wanted Person (Arrest Warrant/Fugitive) - ,FID  11295681,***Redacted***,"05/29/2026, 04:21:28 PM UTC",lookup - Mobile,,
3f76718d-275c-4d9a-addb-c372bce14772,Enrique Hogan,Bibb County SO GA,728,"05/15/2026, 04:29:17 PM UTC
05/29/2026, 04:29:17 PM UTC",***Redacted***,Wanted Person (Arrest Warrant/Fugitive) - ,FID  11295681,***Redacted***,"05/29/2026, 04:29:19 PM UTC",lookup - Mobile,,
0b7778a0-8027-47ae-bb70-d612f4d3936c,Enrique Hogan,Bibb County SO GA,728,"05/15/2026, 04:35:40 PM UTC
05/29/2026, 04:35:40 PM UTC",***Redacted***,Wanted Person (Arrest Warrant/Fugitive) - ,FID  11295681,***Redacted***,"05/29/2026, 04:35:41 PM UTC",lookup - Mobile,,
33d3a2dc-8770-489c-b286-c0acca1a8091,Enrique Hogan,Bibb County SO GA,728,"05/15/2026, 04:44:51 PM UTC
05/29/2026, 04:44:51 PM UTC",***Redacted***,Wanted Person (Arrest Warrant/Fugitive) - ,FID  11295681,***Redacted***,"05/29/2026, 04:44:52 PM UTC",lookup - Mobile,,
12a098c7-2715-48fa-960f-06e3286952bd,Enrique Hogan,Bibb County SO GA,728,"05/15/2026, 03:26:38 PM UTC
05/29/2026, 03:26:38 PM UTC",***Redacted***,Wanted Person (Arrest Warrant/Fugitive) - ,FID  11295681,***Redacted***,"05/29/2026, 03:26:41 PM UTC",lookup - Mobile,,
143d7f77-c0a8-4b8b-9fb0-a81ee967e584,Enrique Hogan,Bibb County SO GA,728,"05/15/2026, 03:26:48 PM UTC
05/29/2026, 03:26:48 PM UTC",***Redacted***,Wanted Person (Arrest Warrant/Fugitive) - ,FID  11295681,***Redacted***,"05/29/2026, 03:26:50 PM UTC",lookup - Mobile,,
664b3dfd-e3ab-4218-842a-52c825128262,Enrique Hogan,Bibb County SO GA,728,"05/15/2026, 03:28:31 PM UTC
05/29/2026, 03:28:31 PM UTC",***Redacted***,Wanted Person (Arrest Warrant/Fugitive) - ,FID  11295681,***Redacted***,"05/29/2026, 03:28:33 PM UTC",lookup - Mobile,,
8591cbb0-b096-4721-8ea4-2dbd9c676ea2,Enrique Hogan,Bibb County SO GA,728,"05/15/2026, 03:40:55 PM UTC
05/29/2026, 03:40:55 PM UTC",***Redacted***,Wanted Person (Arrest Warrant/Fugitive) - ,FID  11295681,***Redacted***,"05/29/2026, 03:40:57 PM UTC",lookup - Mobile,,
7ecfaf8d-cac6-47bb-ab09-d31eb2b5a9a1,Enrique Hogan,Bibb County SO GA,728,"05/15/2026, 03:41:00 PM UTC
05/29/2026, 03:41:00 PM UTC",***Redacted***,Wanted Person (Arrest Warrant/Fugitive) - ,FID  11295681,***Redacted***,"05/29/2026, 03:41:02 PM UTC",lookup - Mobile,,
813c46f6-b48e-4770-abb9-5e24a15728a0,Enrique Hogan,Bibb County SO GA,728,"05/15/2026, 03:41:07 PM UTC
05/29/2026, 03:41:07 PM UTC",***Redacted***,Wanted Person (Arrest Warrant/Fugitive) - ,FID  11295681,***Redacted***,"05/29/2026, 03:41:08 PM UTC",lookup - Mobile,,
a49c0136-7098-4864-9a19-0b8a7d11fc49,Enrique Hogan,Bibb County SO GA,728,"05/15/2026, 03:55:43 PM UTC
05/29/2026, 03:55:43 PM UTC",***Redacted***,Wanted Person (Arrest Warrant/Fugitive) - ,FID  11295681,***Redacted***,"05/29/2026, 03:55:44 PM UTC",lookup - Mobile,,
46d72f2e-873a-49f6-af6a-96f6fa0cf1f6,Kirsten Davella,Bibb County SO GA,3,"05/28/2026, 11:00:00 AM UTC
05/29/2026, 11:00:00 AM UTC",***Redacted***,Assault/Battery Offenses - ,2026-46724,***Redacted***,"05/29/2026, 10:52:27 AM UTC",search,,
1f92d7d4-0439-4804-b374-ab5bf3d0f7a3,Kirsten Davella,Bibb County SO GA,858,"04/29/2026, 10:54:09 AM UTC
05/29/2026, 10:54:09 AM UTC",***Redacted***,Assault/Battery Offenses - ,2026-46724,***Redacted***,"05/29/2026, 10:54:17 AM UTC",lookup,,
47a15d21-b748-4341-93d6-7c126374a99e,Kirsten Davella,Bibb County SO GA,3,"05/27/2026, 11:00:17 AM UTC
05/29/2026, 11:00:17 AM UTC",***Redacted***,Assault/Battery Offenses - ,2026-46724,***Redacted***,"05/29/2026, 10:55:25 AM UTC",freeform,"objectClass:vehicle ""four door pickup truck with chrome wheels""",allow
918068ed-71b4-4976-8c7e-d6adc4a19ab9,Kirsten Davella,Bibb County SO GA,1,"05/28/2026, 10:34:31 PM UTC
05/28/2026, 10:34:37 PM UTC",***Redacted***,Assault/Battery Offenses - ,2026-46724,***Redacted***,"05/29/2026, 10:56:56 AM UTC",search,,
55b1b25e-37fb-4cf6-b981-d6c3c7239ddf,Kirsten Davella,Bibb County SO GA,1,"05/28/2026, 10:30:00 PM UTC
05/28/2026, 10:35:00 PM UTC",***Redacted***,Assault/Battery Offenses - ,2026-46724,***Redacted***,"05/29/2026, 10:57:23 AM UTC",search,,
7665f3fd-de95-40b8-b223-70bee28e507c,Kirsten Davella,Bibb County SO GA,3,"05/27/2026, 11:00:59 AM UTC
05/29/2026, 11:00:59 AM UTC",***Redacted***,Assault/Battery Offenses - ,2026-46724,***Redacted***,"05/29/2026, 10:58:02 AM UTC",search,,
92950f9c-ba88-477c-a8fd-0216dcfc99fa,Kirsten Davella,Bibb County SO GA,3,"05/24/2026, 11:00:00 AM UTC
05/28/2026, 11:00:00 AM UTC",***Redacted***,Assault/Battery Offenses - ,2026-46724,***Redacted***,"05/29/2026, 10:59:09 AM UTC",search,,
1bd1c6a5-babe-4fc8-bac6-2c42f48c26b7,Kirsten Davella,Bibb County SO GA,3,"05/24/2026, 11:00:00 AM UTC
05/28/2026, 11:00:00 AM UTC",***Redacted***,Assault/Battery Offenses - ,2026-46724,***Redacted***,"05/29/2026, 11:03:42 AM UTC",search,,
34889706-791e-48d6-942d-7a160441a5a2,Kirsten Davella,Bibb County SO GA,858,"04/29/2026, 10:54:09 AM UTC
05/29/2026, 10:54:09 AM UTC",***Redacted***,Assault/Battery Offenses - ,2026-46724,***Redacted***,"05/29/2026, 11:05:17 AM UTC",lookup,,
ea2711dc-51ee-4c0d-9952-85466cbc074c,Kirsten Davella,Bibb County SO GA,858,"04/29/2026, 10:54:09 AM UTC
05/29/2026, 10:54:09 AM UTC",***Redacted***,Assault/Battery Offenses - ,2026-46724,***Redacted***,"05/29/2026, 11:06:12 AM UTC",lookup,,
17a67ab8-fdaf-4482-898a-a2864579adfb,Kirsten Davella,Bibb County SO GA,3,"05/24/2026, 11:00:00 AM UTC
05/28/2026, 11:00:00 AM UTC",***Redacted***,Assault/Battery Offenses - ,2026-46724,***Redacted***,"05/29/2026, 11:07:20 AM UTC",search,,
4bbbe0ba-f6b4-47cf-ab13-92d8d8db9e0f,Kirsten Davella,Bibb County SO GA,3,"05/24/2026, 11:00:00 AM UTC
05/28/2026, 11:00:00 AM UTC",***Redacted***,Assault/Battery Offenses - ,2026-46724,***Redacted***,"05/29/2026, 11:07:31 AM UTC",search,,
3e5740d0-f7df-4c31-960c-8b4a9cf69787,Kirsten Davella,Bibb County SO GA,3,"05/28/2026, 11:00:00 AM UTC
05/29/2026, 11:00:00 AM UTC",***Redacted***,Assault/Battery Offenses - ,2026-46724,***Redacted***,"05/29/2026, 11:07:44 AM UTC",search,,
867e0831-e38c-4475-ab67-9d3c47f14fdc,Enrique Hogan,Bibb County SO GA,728,"05/15/2026, 11:10:09 AM UTC
05/29/2026, 11:10:09 AM UTC",***Redacted***,Wanted Person (Arrest Warrant/Fugitive) - ,FID  11295681,***Redacted***,"05/29/2026, 11:10:14 AM UTC",lookup - Mobile,,
5cc68a27-224a-43f9-8179-28ae21e5c437,Enrique Hogan,Bibb County SO GA,728,"05/15/2026, 11:19:37 AM UTC
05/29/2026, 11:19:37 AM UTC",***Redacted***,Wanted Person (Arrest Warrant/Fugitive) - ,FID  11295681,***Redacted***,"05/29/2026, 11:19:39 AM UTC",lookup - Mobile,,
8c547af3-36ab-433b-aeff-0586ecb119b1,Enrique Hogan,Bibb County SO GA,728,"05/15/2026, 11:23:43 AM UTC
05/29/2026, 11:23:43 AM UTC",***Redacted***,Wanted Person (Arrest Warrant/Fugitive) - ,FID  11295681,***Redacted***,"05/29/2026, 11:23:45 AM UTC",lookup - Mobile,,
1cf33142-b072-4a14-a0ae-0d44737e02f2,Enrique Hogan,Bibb County SO GA,728,"05/15/2026, 11:25:58 AM UTC
05/29/2026, 11:25:58 AM UTC",***Redacted***,Wanted Person (Arrest Warrant/Fugitive) - ,FID  11295681,***Redacted***,"05/29/2026, 11:26:01 AM UTC",lookup - Mobile,,
454e35af-0c8c-4f13-a883-a36820b517e8,Justin Edwards,Bibb County SO GA,3,"05/22/2026, 11:32:54 AM UTC
05/29/2026, 11:32:54 AM UTC",***Redacted***,"Assault/Battery Offenses, Homicide/Death Investigation - ",2024-67104,***Redacted***,"05/29/2026, 11:32:55 AM UTC",lookup - Mobile,,
8e852d24-2c41-4515-9674-d7fe3f13fc62,Justin Edwards,Bibb County SO GA,3,"05/22/2026, 11:32:59 AM UTC
05/29/2026, 11:32:59 AM UTC",***Redacted***,"Assault/Battery Offenses, Homicide/Death Investigation - ",2024-67104,***Redacted***,"05/29/2026, 11:33:00 AM UTC",lookup - Mobile,,
da2b9e0d-3e86-4348-88da-297b9f4c0bac,Justin Edwards,Bibb County SO GA,3,"04/29/2026, 11:33:11 AM UTC
05/29/2026, 11:33:11 AM UTC",***Redacted***,"Assault/Battery Offenses, Homicide/Death Investigation - ",2024-67104,***Redacted***,"05/29/2026, 11:33:12 AM UTC",lookup - Mobile,,
5be81723-1cc0-475a-9e77-c96ce99083e7,Justin Edwards,Bibb County SO GA,728,"04/29/2026, 11:33:53 AM UTC
05/29/2026, 11:33:53 AM UTC",***Redacted***,"Assault/Battery Offenses, Homicide/Death Investigation - ",2024-67104,***Redacted***,"05/29/2026, 11:33:56 AM UTC",lookup - Mobile,,
75a735ae-eb27-4a70-bf84-48ddac71a107,Enrique Hogan,Bibb County SO GA,728,"05/15/2026, 11:49:11 AM UTC
05/29/2026, 11:49:11 AM UTC",***Redacted***,Wanted Person (Arrest Warrant/Fugitive) - ,FID  11295681,***Redacted***,"05/29/2026, 11:49:13 AM UTC",lookup - Mobile,,
9c8e312b-c7c0-45de-930f-06e2c270c127,Enrique Hogan,Bibb County SO GA,728,"05/15/2026, 11:51:44 AM UTC
05/29/2026, 11:51:44 AM UTC",***Redacted***,Wanted Person (Arrest Warrant/Fugitive) - ,FID  11295681,***Redacted***,"05/29/2026, 11:51:45 AM UTC",lookup - Mobile,,
06f21678-0246-46fc-a36f-c014ddaabc10,Enrique Hogan,Bibb County SO GA,728,"05/15/2026, 12:03:29 PM UTC
05/29/2026, 12:03:29 PM UTC",***Redacted***,Wanted Person (Arrest Warrant/Fugitive) - ,FID  11295681,***Redacted***,"05/29/2026, 12:03:30 PM UTC",lookup - Mobile,,
0f29ba61-d92e-46c8-83c1-a0cfd058b910,Enrique Hogan,Bibb County SO GA,729,"05/14/2026, 06:31:47 PM UTC
05/28/2026, 06:31:47 PM UTC",***Redacted***,Wanted Person (Arrest Warrant/Fugitive) - ,FID  11295681,***Redacted***,"05/28/2026, 06:31:53 PM UTC",lookup - Mobile,,
b2547116-31fa-472c-870e-f5fa9006bc27,Enrique Hogan,Bibb County SO GA,729,"05/14/2026, 06:33:34 PM UTC
05/28/2026, 06:33:34 PM UTC",***Redacted***,Wanted Person (Arrest Warrant/Fugitive) - ,FID  11295681,***Redacted***,"05/28/2026, 06:33:36 PM UTC",lookup - Mobile,,
c8e37cc9-feb9-402b-9274-581c6a5962fb,Adam Grant,Bibb County SO GA,1355,"04/28/2026, 06:35:45 PM UTC
05/28/2026, 06:35:45 PM UTC",***Redacted***,Larceny/Theft Offenses - ,2026-1296,***Redacted***,"05/28/2026, 06:35:48 PM UTC",lookup - Mobile,,
15e86b50-6bce-46cc-8cb0-bef595f4c2e0,Alex Fletcher,Bibb County SO GA,3,"05/28/2026, 05:51:45 PM UTC
05/28/2026, 06:06:45 PM UTC",***Redacted***,Drugs/Narcotics - ,2025-78977,***Redacted***,"05/28/2026, 06:37:49 PM UTC",freeform,objectClass:vehicle ford dually truck with trailer ,allow
2133e6bd-ac44-4114-963f-41a58aa9d446,Alex Fletcher,Bibb County SO GA,3,"05/28/2026, 05:00:20 PM UTC
05/28/2026, 07:00:20 PM UTC",***Redacted***,Drugs/Narcotics - ,2025-78977,***Redacted***,"05/28/2026, 06:38:28 PM UTC",search,,
6d21772a-2337-4562-948d-e7f9a0be97c2,Adam Grant,Bibb County SO GA,1355,"04/28/2026, 06:39:32 PM UTC
05/28/2026, 06:39:32 PM UTC",***Redacted***,Larceny/Theft Offenses - ,2026-1296,***Redacted***,"05/28/2026, 06:39:35 PM UTC",lookup - Mobile,,
be113bab-0cdf-4aff-b6d9-5d6415775c8a,Enrique Hogan,Bibb County SO GA,729,"05/14/2026, 06:43:05 PM UTC
05/28/2026, 06:43:05 PM UTC",***Redacted***,Wanted Person (Arrest Warrant/Fugitive) - ,FID  11295681,***Redacted***,"05/28/2026, 06:43:07 PM UTC",lookup - Mobile,,
f0577e9d-bfca-4d14-941e-f16c2d556965,Enrique Hogan,Bibb County SO GA,729,"05/14/2026, 06:45:42 PM UTC
05/28/2026, 06:45:42 PM UTC",***Redacted***,Wanted Person (Arrest Warrant/Fugitive) - ,FID  11295681,***Redacted***,"05/28/2026, 06:45:43 PM UTC",lookup - Mobile,,
9dde8fbd-2f38-480d-b313-f754a4b6bf46,Enrique Hogan,Bibb County SO GA,729,"05/14/2026, 06:52:01 PM UTC
05/28/2026, 06:52:01 PM UTC",***Redacted***,Wanted Person (Arrest Warrant/Fugitive) - ,FID  11295681,***Redacted***,"05/28/2026, 06:52:03 PM UTC",lookup - Mobile,,
0a9fac80-e1fa-4183-b3a5-b7106885c7f4,Adam Grant,Bibb County SO GA,1355,"04/28/2026, 06:52:34 PM UTC
05/28/2026, 06:52:34 PM UTC",***Redacted***,Larceny/Theft Offenses - ,2026-1296,***Redacted***,"05/28/2026, 06:52:37 PM UTC",lookup - Mobile,,
1c9f1210-aba3-47bb-911b-bb502d1606fa,Enrique Hogan,Bibb County SO GA,728,"05/15/2026, 08:43:35 PM UTC
05/29/2026, 08:43:35 PM UTC",***Redacted***,Wanted Person (Arrest Warrant/Fugitive) - ,FID  11295681,***Redacted***,"05/29/2026, 08:43:36 PM UTC",lookup - Mobile,,
d01976a6-6f78-49d1-9a3a-c09e67a18042,Enrique Hogan,Bibb County SO GA,728,"05/15/2026, 09:02:15 PM UTC
05/29/2026, 09:02:15 PM UTC",***Redacted***,Wanted Person (Arrest Warrant/Fugitive) - ,FID  11295681,***Redacted***,"05/29/2026, 09:02:19 PM UTC",lookup - Mobile,,
db4c7740-b9a7-49e2-bd6b-0899b49e25fd,Adam Grant,Bibb County SO GA,1354,"04/29/2026, 09:56:01 PM UTC
05/29/2026, 09:56:01 PM UTC",***Redacted***,Larceny/Theft Offenses - ,2026-1296,***Redacted***,"05/29/2026, 09:56:06 PM UTC",lookup - Mobile,,
173d5445-dd67-4bc6-9f93-cfcfcd502780,Alex Fletcher,Bibb County SO GA,3,"05/29/2026, 08:30:23 PM UTC
05/29/2026, 10:30:23 PM UTC",***Redacted***,Drugs/Narcotics - ,2025-78977,***Redacted***,"05/29/2026, 10:25:25 PM UTC",lookup,,
b7009224-44c6-420a-8077-5c4fa3f0abd1,Alex Fletcher,Bibb County SO GA,3,"05/29/2026, 08:30:23 PM UTC
05/29/2026, 10:30:23 PM UTC",***Redacted***,Drugs/Narcotics - ,2025-78977,***Redacted***,"05/29/2026, 10:25:31 PM UTC",search,,
ea0525b8-07ed-4b59-a677-eaf2da3c8770,Alex Fletcher,Bibb County SO GA,3,"05/29/2026, 08:30:23 PM UTC
05/29/2026, 10:30:23 PM UTC",***Redacted***,Drugs/Narcotics - ,2025-78977,***Redacted***,"05/29/2026, 10:25:51 PM UTC",search,,
396bd431-0119-4fcb-b641-7560a87a83f1,Alex Fletcher,Bibb County SO GA,3,"05/28/2026, 10:30:53 PM UTC
05/29/2026, 10:30:53 PM UTC",***Redacted***,Drugs/Narcotics - ,2025-78977,***Redacted***,"05/29/2026, 10:25:54 PM UTC",search,,
5dd64eab-d11b-40fd-ae2b-0981c0249266,Alex Fletcher,Bibb County SO GA,3,"05/28/2026, 10:30:53 PM UTC
05/29/2026, 10:30:53 PM UTC",***Redacted***,Drugs/Narcotics - ,2025-78977,***Redacted***,"05/29/2026, 10:28:02 PM UTC",search,,
41f92975-0952-49fc-becc-b6a610582490,Alex Fletcher,Bibb County SO GA,1423,"05/30/2026, 08:30:21 PM UTC
05/30/2026, 10:30:21 PM UTC",***Redacted***,Drugs/Narcotics - ,2025-78977,***Redacted***,"05/30/2026, 10:20:24 PM UTC",lookup,,
f3b4b2f3-05ad-4bf3-a816-a2156ae19b47,Alex Fletcher,Bibb County SO GA,1423,"05/30/2026, 08:30:21 PM UTC
05/30/2026, 10:30:21 PM UTC",***Redacted***,Drugs/Narcotics - ,2025-78977,***Redacted***,"05/30/2026, 10:22:55 PM UTC",lookup,,
6bfbd54d-9c2a-4d80-800c-5728de60fcbc,Alex Fletcher,Bibb County SO GA,1423,"05/30/2026, 08:30:21 PM UTC
05/30/2026, 10:30:21 PM UTC",***Redacted***,Drugs/Narcotics - ,2025-78977,***Redacted***,"05/30/2026, 10:23:51 PM UTC",lookup,,
1acc76b3-45ff-4cfb-adcb-adab3dab4fe2,Alex Fletcher,Bibb County SO GA,3,"04/30/2026, 10:30:16 PM UTC
05/30/2026, 10:30:16 PM UTC",***Redacted***,Drugs/Narcotics - ,2025-78977,***Redacted***,"05/30/2026, 10:26:29 PM UTC",freeform,"objectClass:vehicle ford dually truck with the words ""transportation INC"" on the tailgate",allow
6d8a177d-a64a-4152-a630-f99feb6b68be,Alex Fletcher,Bibb County SO GA,3,"04/30/2026, 10:30:16 PM UTC
05/30/2026, 10:30:16 PM UTC",***Redacted***,Drugs/Narcotics - ,2025-78977,***Redacted***,"05/30/2026, 10:27:25 PM UTC",freeform,"objectClass:vehicle ford truck black tailgate and the words ""transportation INC"" on the tailgate",allow
098b7429-7ccd-46de-980c-c8a09230bc6a,Alex Fletcher,Bibb County SO GA,3,"04/30/2026, 10:30:16 PM UTC
05/30/2026, 10:30:16 PM UTC",***Redacted***,Drugs/Narcotics - ,2025-78977,***Redacted***,"05/30/2026, 10:28:55 PM UTC",freeform,"objectClass:vehicle ford truck black tailgate and the word ""transportation"" on the tailgate",allow
b134f3da-c16c-42d3-bb0f-5a011756682c,Alex Fletcher,Bibb County SO GA,3,"04/30/2026, 10:30:16 PM UTC
05/30/2026, 10:30:16 PM UTC",***Redacted***,Drugs/Narcotics - ,2025-78977,***Redacted***,"05/30/2026, 10:29:30 PM UTC",freeform,"objectClass:vehicle ford truck black tailgate and the word ""transportation"" on back",allow
7f4fcf8f-283f-4111-8d92-fa6efa8718e6,Alex Fletcher,Bibb County SO GA,3,"04/30/2026, 10:30:16 PM UTC
05/30/2026, 10:30:16 PM UTC",***Redacted***,Drugs/Narcotics - ,2025-78977,***Redacted***,"05/30/2026, 10:34:18 PM UTC",freeform,objectClass:vehicle ford dually truck with black tailgate ,allow
287a32a8-e14e-4cb3-87c6-10fd538cf5af,Alex Fletcher,Bibb County SO GA,3,"04/30/2026, 10:30:16 PM UTC
05/30/2026, 10:30:16 PM UTC",***Redacted***,Drugs/Narcotics - ,2025-78977,***Redacted***,"05/30/2026, 10:37:54 PM UTC",freeform,objectClass:vehicle gray ford dually truck with black tailgate ,allow
37f8b60f-76bb-4560-a992-1cf97858af4d,Alex Fletcher,Bibb County SO GA,1423,"05/30/2026, 08:30:21 PM UTC
05/30/2026, 10:30:21 PM UTC",***Redacted***,Drugs/Narcotics - ,2025-78977,***Redacted***,"05/30/2026, 10:51:12 PM UTC",lookup,,
5d3c1c24-68f4-4884-a6ba-fbd3c83f74da,Alex Fletcher,Bibb County SO GA,1423,"05/30/2026, 08:30:21 PM UTC
05/30/2026, 10:30:21 PM UTC",***Redacted***,Drugs/Narcotics - ,2025-78977,***Redacted***,"05/30/2026, 10:51:23 PM UTC",lookup,,
1cd6274d-509c-44d0-9fb6-a70643618e3a,Alex Fletcher,Bibb County SO GA,1423,"05/30/2026, 08:30:21 PM UTC
05/30/2026, 10:30:21 PM UTC",***Redacted***,Drugs/Narcotics - ,2025-78977,***Redacted***,"05/30/2026, 10:59:11 PM UTC",lookup,,
24bdbfeb-a211-4003-a3f6-7cc5e3356ba1,Alex Fletcher,Bibb County SO GA,1423,"05/29/2026, 11:00:15 PM UTC
05/30/2026, 11:00:15 PM UTC",***Redacted***,Drugs/Narcotics - ,2025-78977,***Redacted***,"05/30/2026, 10:59:18 PM UTC",lookup,,
e483be13-2de8-4ce1-b676-18b67a0c70fc,Alex Fletcher,Bibb County SO GA,1354,"05/27/2026, 11:01:17 PM UTC
05/30/2026, 08:34:07 PM UTC",***Redacted***,Drugs/Narcotics - ,2025-78977,***Redacted***,"05/30/2026, 11:01:53 PM UTC",convoy,,
ae7eb64e-1d91-44ff-8145-ea923b447ee2,Alex Fletcher,Bibb County SO GA,1354,"05/28/2026, 11:06:35 PM UTC
05/30/2026, 10:01:40 PM UTC",***Redacted***,Drugs/Narcotics - ,2025-78977,***Redacted***,"05/30/2026, 11:02:35 PM UTC",convoy,,
a461b0b1-5b48-4f3d-a2d3-ef9d0cb18678,Kirsten Davella,Bibb County SO GA,1509,"04/29/2026, 02:00:39 PM UTC
05/29/2026, 02:00:39 PM UTC",***Redacted***,Traffic Infraction - ,2026-46850,***Redacted***,"05/29/2026, 01:39:42 PM UTC",lookup,,
a80707b9-37fa-48dc-9d94-fc0b960fcd81,Justin Edwards,Bibb County SO GA,3,"05/22/2026, 02:10:08 PM UTC
05/29/2026, 02:10:08 PM UTC",***Redacted***,"Assault/Battery Offenses, Homicide/Death Investigation - ",2024-67104,***Redacted***,"05/29/2026, 02:10:11 PM UTC",lookup - Mobile,,
a2fe4e64-8fd5-4db8-b3c2-c388bf36c6f8,Desmond Raines,Bibb County SO GA,11,"05/29/2026, 12:30:18 PM UTC
05/29/2026, 02:30:18 PM UTC",***Redacted***,Motor Vehicle Theft/Stolen - ,46822,***Redacted***,"05/29/2026, 02:12:32 PM UTC",lookup,,
995a5b80-f928-4b7f-8998-977e43b60a69,Adam Grant,Bibb County SO GA,1355,"04/28/2026, 05:18:20 PM UTC
05/28/2026, 05:18:20 PM UTC",***Redacted***,Larceny/Theft Offenses - ,2026-1296,***Redacted***,"05/28/2026, 05:18:22 PM UTC",lookup - Mobile,,
3ce9737b-816d-4bec-99a6-dc6026d15582,Enrique Hogan,Bibb County SO GA,729,"05/14/2026, 05:33:27 PM UTC
05/28/2026, 05:33:27 PM UTC",***Redacted***,Wanted Person (Arrest Warrant/Fugitive) - ,FID  11295681,***Redacted***,"05/28/2026, 05:33:29 PM UTC",lookup - Mobile,,
c066ca25-5e09-444d-847f-a41a29432937,Alex Fletcher,Bibb County SO GA,1424,"05/27/2026, 02:30:11 PM UTC
05/28/2026, 02:30:11 PM UTC",***Redacted***,Drugs/Narcotics - ,2025-78977,***Redacted***,"05/28/2026, 05:38:04 PM UTC",lookup,,
687f8f6d-e560-487d-886d-9a333d835afa,Alex Fletcher,Bibb County SO GA,1424,"05/27/2026, 02:30:11 PM UTC
05/28/2026, 02:30:11 PM UTC",***Redacted***,Drugs/Narcotics - ,2025-78977,***Redacted***,"05/28/2026, 05:39:45 PM UTC",lookup,,
1ec30765-c576-4146-88cf-db6b7e9d90a3,Alex Fletcher,Bibb County SO GA,1424,"05/27/2026, 02:30:11 PM UTC
05/28/2026, 02:30:11 PM UTC",***Redacted***,Drugs/Narcotics - ,2025-78977,***Redacted***,"05/28/2026, 05:39:49 PM UTC",lookup,,
a82eb558-265e-45ba-8f39-d97a839479d1,Enrique Hogan,Bibb County SO GA,729,"05/14/2026, 05:41:03 PM UTC
05/28/2026, 05:41:03 PM UTC",***Redacted***,Wanted Person (Arrest Warrant/Fugitive) - ,FID  11295681,***Redacted***,"05/28/2026, 05:41:05 PM UTC",lookup - Mobile,,
26bd66b7-fbea-4c4d-a928-b9efad4bbbda,Enrique Hogan,Bibb County SO GA,729,"05/14/2026, 05:43:30 PM UTC
05/28/2026, 05:43:30 PM UTC",***Redacted***,Wanted Person (Arrest Warrant/Fugitive) - ,FID  11295681,***Redacted***,"05/28/2026, 05:43:31 PM UTC",lookup - Mobile,,
a882d461-a857-46af-90dc-f6fbde88b1ae,Alex Fletcher,Bibb County SO GA,1424,"05/27/2026, 02:30:11 PM UTC
05/28/2026, 02:30:11 PM UTC",***Redacted***,Drugs/Narcotics - ,2025-78977,***Redacted***,"05/28/2026, 05:44:00 PM UTC",lookup,,
06a23aec-571e-4269-a615-863701211ecc,Alex Fletcher,Bibb County SO GA,1424,"05/27/2026, 02:30:11 PM UTC
05/28/2026, 02:30:11 PM UTC",***Redacted***,Drugs/Narcotics - ,2025-78977,***Redacted***,"05/28/2026, 05:49:18 PM UTC",lookup,,
388686c4-b6f3-43cd-9e3d-2925dcd037ba,Dina Shurley,Bibb County SO GA,11,"05/28/2026, 05:00:28 PM UTC
05/29/2026, 05:00:28 PM UTC",***Redacted***,Traffic Infraction - ,26-46850,***Redacted***,"05/29/2026, 06:22:55 PM UTC",lookup,,
573c1c4a-e7fa-4235-aee4-1e3f18a363b2,Dina Shurley,Bibb County SO GA,11,"05/28/2026, 05:00:28 PM UTC
05/29/2026, 05:00:28 PM UTC",***Redacted***,Traffic Infraction - ,26-46850,***Redacted***,"05/29/2026, 06:23:36 PM UTC",lookup,,
dbfef0fc-dea2-4a0b-a702-3260802805a9,Enrique Hogan,Bibb County SO GA,728,"05/15/2026, 06:25:12 PM UTC
05/29/2026, 06:25:12 PM UTC",***Redacted***,Wanted Person (Arrest Warrant/Fugitive) - ,FID  11295681,***Redacted***,"05/29/2026, 06:25:14 PM UTC",lookup - Mobile,,
c6f04ca6-bcf1-40b5-92c1-f90483bc4a5a,Enrique Hogan,Bibb County SO GA,728,"05/15/2026, 06:28:50 PM UTC
05/29/2026, 06:28:50 PM UTC",***Redacted***,Wanted Person (Arrest Warrant/Fugitive) - ,FID  11295681,***Redacted***,"05/29/2026, 06:28:52 PM UTC",lookup - Mobile,,
30bbb18d-0d16-4e48-8bd1-3f70cf06d274,Enrique Hogan,Bibb County SO GA,728,"05/15/2026, 06:32:58 PM UTC
05/29/2026, 06:32:58 PM UTC",***Redacted***,Wanted Person (Arrest Warrant/Fugitive) - ,FID  11295681,***Redacted***,"05/29/2026, 06:33:00 PM UTC",lookup - Mobile,,
85084f18-011c-4275-a6ce-f3f13a1a3953,Justin Edwards,Bibb County SO GA,3,"05/22/2026, 06:38:14 PM UTC
05/29/2026, 06:38:14 PM UTC",***Redacted***,"Assault/Battery Offenses, Homicide/Death Investigation - ",2024-67104,***Redacted***,"05/29/2026, 06:38:18 PM UTC",lookup - Mobile,,
c1150df3-c4ce-46bf-90f8-3bdc3f936be3,Charlee Gibson,Bibb County SO GA,3,"05/28/2026, 07:00:39 PM UTC
05/29/2026, 07:00:39 PM UTC",***Redacted***,Hit and Run/Car Accident - ,2026-46962,***Redacted***,"05/29/2026, 06:39:41 PM UTC",search,,
a0c2f944-25f3-4c93-9844-60069f402906,Charlee Gibson,Bibb County SO GA,3,"05/25/2026, 08:00:22 PM UTC
05/26/2026, 08:00:22 PM UTC",***Redacted***,Larceny/Theft Offenses - ,CFS590,***Redacted***,"05/29/2026, 06:39:52 PM UTC",lookup,,
f76ea8ac-3ef6-4188-92ff-44a928a4d439,Charlee Gibson,Bibb County SO GA,3,"05/28/2026, 07:00:39 PM UTC
05/29/2026, 07:00:39 PM UTC",***Redacted***,Hit and Run/Car Accident - ,2026-46962,***Redacted***,"05/29/2026, 06:41:48 PM UTC",search,,
128b5e3e-3514-484e-a159-16012240d28a,Charlee Gibson,Bibb County SO GA,3,"05/28/2026, 07:00:39 PM UTC
05/29/2026, 07:00:39 PM UTC",***Redacted***,Hit and Run/Car Accident - ,2026-46962,***Redacted***,"05/29/2026, 06:41:52 PM UTC",lookup,,
b7fc61bb-857b-46d8-9162-b6488bb5ea93,Charlee Gibson,Bibb County SO GA,1423,"05/28/2026, 07:00:39 PM UTC
05/29/2026, 07:00:39 PM UTC",***Redacted***,Hit and Run/Car Accident - ,2026-46962,***Redacted***,"05/29/2026, 06:42:43 PM UTC",search,,
bd9ddf90-e7e2-41af-af71-8d9403a08bd5,Charlee Gibson,Bibb County SO GA,1423,"05/28/2026, 07:00:39 PM UTC
05/29/2026, 07:00:39 PM UTC",***Redacted***,Hit and Run/Car Accident - ,2026-46962,***Redacted***,"05/29/2026, 06:43:24 PM UTC",search,,
dd5b58cf-68b8-492f-8fda-cbc870e6748f,Enrique Hogan,Bibb County SO GA,728,"05/15/2026, 06:43:57 PM UTC
05/29/2026, 06:43:57 PM UTC",***Redacted***,Wanted Person (Arrest Warrant/Fugitive) - ,FID  11295681,***Redacted***,"05/29/2026, 06:44:01 PM UTC",lookup - Mobile,,
aeb81139-6601-4695-a1e6-0646d68df5b8,MELANIE HOFMANN,Bibb County SO GA,11,"04/29/2026, 03:00:35 AM UTC
05/29/2026, 03:00:35 AM UTC",***Redacted***,Larceny/Theft Offenses - ,2026-46725,***Redacted***,"05/29/2026, 02:54:38 AM UTC",lookup,,
d4a86c70-cc13-40ac-b419-ce69b6916b20,Adam Grant,Bibb County SO GA,1354,"04/29/2026, 03:26:21 AM UTC
05/29/2026, 03:26:21 AM UTC",***Redacted***,Larceny/Theft Offenses - ,2026-1296,***Redacted***,"05/29/2026, 03:26:24 AM UTC",lookup - Mobile,,
e8804de7-89ba-4be1-b84a-3e52a717d236,Alex Fletcher,Bibb County SO GA,3,"05/28/2026, 10:30:53 PM UTC
05/29/2026, 10:30:53 PM UTC",***Redacted***,Drugs/Narcotics - ,2025-78977,***Redacted***,"05/29/2026, 10:28:48 PM UTC",search,,
8db67b1c-ded1-4b83-84d5-5aa273b2bcba,Charlee Gibson,Bibb County SO GA,1423,"05/28/2026, 07:00:39 PM UTC
05/29/2026, 07:00:39 PM UTC",***Redacted***,Hit and Run/Car Accident - ,2026-46962,***Redacted***,"05/29/2026, 06:44:30 PM UTC",search,,
72f88eeb-0b5a-461b-ac66-a8d041ceaea7,Charlee Gibson,Bibb County SO GA,1423,"05/28/2026, 07:00:39 PM UTC
05/29/2026, 07:00:39 PM UTC",***Redacted***,Hit and Run/Car Accident - ,2026-46962,***Redacted***,"05/29/2026, 06:44:50 PM UTC",search,,
9dd048c7-221c-4da5-992a-05f88382868c,Charlee Gibson,Bibb County SO GA,1423,"05/28/2026, 07:00:39 PM UTC
05/29/2026, 07:00:39 PM UTC",***Redacted***,Hit and Run/Car Accident - ,2026-46962,***Redacted***,"05/29/2026, 07:01:02 PM UTC",search,,
304b7925-913f-48e3-8e31-6326bf5cb7b4,Charlee Gibson,Bibb County SO GA,1423,"05/28/2026, 07:00:39 PM UTC
05/29/2026, 07:00:39 PM UTC",***Redacted***,Hit and Run/Car Accident - ,2026-46962,***Redacted***,"05/29/2026, 07:01:10 PM UTC",search,,
f5e88350-b287-4095-8d69-8ec05aa19b63,Charlee Gibson,Bibb County SO GA,3,"05/28/2026, 07:00:39 PM UTC
05/29/2026, 07:00:39 PM UTC",***Redacted***,Hit and Run/Car Accident - ,2026-46962,***Redacted***,"05/29/2026, 07:02:04 PM UTC",search,,
33743d0e-06cb-48e3-a3e3-c3c13e688ef4,Charlee Gibson,Bibb County SO GA,3,"05/28/2026, 07:00:39 PM UTC
05/29/2026, 07:00:39 PM UTC",***Redacted***,Hit and Run/Car Accident - ,2026-46962,***Redacted***,"05/29/2026, 07:03:11 PM UTC",search,,
80358ca8-ee84-452e-92b0-0d597be28567,Charlee Gibson,Bibb County SO GA,3,"05/28/2026, 07:00:39 PM UTC
05/29/2026, 07:00:39 PM UTC",***Redacted***,Hit and Run/Car Accident - ,2026-46962,***Redacted***,"05/29/2026, 07:14:57 PM UTC",lookup,,
23fe833b-4db0-4e4b-9d4b-313c47c8b89b,Charlee Gibson,Bibb County SO GA,3,"04/29/2026, 07:30:02 PM UTC
05/29/2026, 07:30:02 PM UTC",***Redacted***,Hit and Run/Car Accident - ,2026-46962,***Redacted***,"05/29/2026, 07:15:05 PM UTC",lookup,,
dd40447e-6c69-4c24-86dd-6c717fbcc480,Charlee Gibson,Bibb County SO GA,3,"04/29/2026, 07:30:02 PM UTC
05/29/2026, 07:30:02 PM UTC",***Redacted***,Hit and Run/Car Accident - ,2026-46962,***Redacted***,"05/29/2026, 07:15:17 PM UTC",lookup,,
bc72959d-eed0-4ae4-a791-52f49ef3ed52,Charlee Gibson,Bibb County SO GA,1423,"04/29/2026, 07:30:02 PM UTC
05/29/2026, 07:30:02 PM UTC",***Redacted***,Hit and Run/Car Accident - ,2026-46962,***Redacted***,"05/29/2026, 07:15:38 PM UTC",lookup,,
e43adc22-5841-451b-8743-dfab9edb72b5,Alex Fletcher,Bibb County SO GA,1354,"05/29/2026, 07:14:30 PM UTC
05/30/2026, 07:14:30 PM UTC",***Redacted***,Drugs/Narcotics - ,2025-78977,***Redacted***,"05/30/2026, 07:14:32 PM UTC",lookup - Mobile,,
2384b8d8-5fa8-4803-9f6b-1b362e853f47,Alex Fletcher,Bibb County SO GA,1354,"05/29/2026, 07:14:57 PM UTC
05/30/2026, 07:14:57 PM UTC",***Redacted***,Drugs/Narcotics - ,2025-78977,***Redacted***,"05/30/2026, 07:14:58 PM UTC",lookup - Mobile,,
5321cdb1-a48a-409e-99fd-d405e472a368,Alex Fletcher,Bibb County SO GA,1354,"05/29/2026, 07:15:43 PM UTC
05/30/2026, 07:15:43 PM UTC",***Redacted***,Drugs/Narcotics - ,2025-78977,***Redacted***,"05/30/2026, 07:15:44 PM UTC",lookup - Mobile,,
c24b9cef-c25f-4073-958b-1698cab3caf0,Alex Fletcher,Bibb County SO GA,1354,"05/29/2026, 07:15:49 PM UTC
05/30/2026, 07:15:49 PM UTC",***Redacted***,Drugs/Narcotics - ,2025-78977,***Redacted***,"05/30/2026, 07:15:50 PM UTC",lookup - Mobile,,
8516ce3d-88ff-444b-967f-fd77cdcce25a,Alex Fletcher,Bibb County SO GA,1354,"05/29/2026, 07:16:31 PM UTC
05/30/2026, 07:16:31 PM UTC",***Redacted***,Drugs/Narcotics - ,2025-78977,***Redacted***,"05/30/2026, 07:16:32 PM UTC",lookup - Mobile,,
8e9e8c62-13a5-407b-9f70-608df99d9f94,Alex Fletcher,Bibb County SO GA,1354,"05/29/2026, 07:16:42 PM UTC
05/30/2026, 07:16:42 PM UTC",***Redacted***,Drugs/Narcotics - ,2025-78977,***Redacted***,"05/30/2026, 07:16:43 PM UTC",lookup - Mobile,,
cf1b6eb3-2290-4ee3-bb36-ee56bd144b9f,Alex Fletcher,Bibb County SO GA,1354,"05/23/2026, 07:16:43 PM UTC
05/30/2026, 07:16:43 PM UTC",***Redacted***,Drugs/Narcotics - ,2025-78977,***Redacted***,"05/30/2026, 07:16:44 PM UTC",lookup - Mobile,,
7cc680e8-d98e-4e0f-95bd-c4ff24eca4f7,Alex Fletcher,Bibb County SO GA,1354,"05/29/2026, 07:16:48 PM UTC
05/30/2026, 07:16:48 PM UTC",***Redacted***,Drugs/Narcotics - ,2025-78977,***Redacted***,"05/30/2026, 07:16:49 PM UTC",lookup - Mobile,,
9adb4ff0-44a3-49fe-b7a8-cb6dc55b5d32,Alex Fletcher,Bibb County SO GA,1354,"05/29/2026, 07:16:59 PM UTC
05/30/2026, 07:16:59 PM UTC",***Redacted***,Drugs/Narcotics - ,2025-78977,***Redacted***,"05/30/2026, 07:17:00 PM UTC",lookup - Mobile,,
9fa6d109-cfa0-4dc8-bb79-f6b07cd48440,Alex Fletcher,Bibb County SO GA,1354,"05/29/2026, 07:17:01 PM UTC
05/30/2026, 07:17:01 PM UTC",***Redacted***,Drugs/Narcotics - ,2025-78977,***Redacted***,"05/30/2026, 07:17:02 PM UTC",lookup - Mobile,,
f9994658-446e-442e-bb03-f1c192374319,Alex Fletcher,Bibb County SO GA,1354,"05/29/2026, 07:17:11 PM UTC
05/30/2026, 07:17:11 PM UTC",***Redacted***,Drugs/Narcotics - ,2025-78977,***Redacted***,"05/30/2026, 07:17:12 PM UTC",lookup - Mobile,,
14ff9036-ff7e-49ee-bee2-5bb953fef9eb,Alex Fletcher,Bibb County SO GA,1354,"05/29/2026, 07:18:35 PM UTC
05/30/2026, 07:18:35 PM UTC",***Redacted***,Drugs/Narcotics - ,2025-78977,***Redacted***,"05/30/2026, 07:18:36 PM UTC",lookup - Mobile,,
d908cfd0-f11d-4c89-8443-57d5f12f5f0b,Alex Fletcher,Bibb County SO GA,1354,"05/29/2026, 07:19:24 PM UTC
05/30/2026, 07:19:24 PM UTC",***Redacted***,Drugs/Narcotics - ,2025-78977,***Redacted***,"05/30/2026, 07:19:25 PM UTC",lookup - Mobile,,
65f150d9-c841-440c-901f-e93e4bc64b24,Alex Fletcher,Bibb County SO GA,1354,"05/29/2026, 07:19:33 PM UTC
05/30/2026, 07:19:33 PM UTC",***Redacted***,Drugs/Narcotics - ,2025-78977,***Redacted***,"05/30/2026, 07:19:34 PM UTC",lookup - Mobile,,
56b9f002-ad8c-43e3-9318-a4ecfbe23c81,Alex Fletcher,Bibb County SO GA,1354,"05/29/2026, 07:19:37 PM UTC
05/30/2026, 07:19:37 PM UTC",***Redacted***,Drugs/Narcotics - ,2025-78977,***Redacted***,"05/30/2026, 07:19:37 PM UTC",lookup - Mobile,,
1a7b6ffa-d41e-449a-aca0-c7a443ced322,Alex Fletcher,Bibb County SO GA,1354,"05/29/2026, 07:19:41 PM UTC
05/30/2026, 07:19:41 PM UTC",***Redacted***,Drugs/Narcotics - ,2025-78977,***Redacted***,"05/30/2026, 07:19:42 PM UTC",lookup - Mobile,,
2f20bc40-397b-4262-8900-54d2bce529ad,Alex Fletcher,Bibb County SO GA,1354,"05/29/2026, 07:19:44 PM UTC
05/30/2026, 07:19:44 PM UTC",***Redacted***,Drugs/Narcotics - ,2025-78977,***Redacted***,"05/30/2026, 07:19:44 PM UTC",lookup - Mobile,,
97833a69-f9cd-4cdc-942a-7064e9e0b488,Alex Fletcher,Bibb County SO GA,1354,"05/29/2026, 07:19:46 PM UTC
05/30/2026, 07:19:46 PM UTC",***Redacted***,Drugs/Narcotics - ,2025-78977,***Redacted***,"05/30/2026, 07:19:46 PM UTC",lookup - Mobile,,
e512e47f-8c0b-4fca-91b9-8fc8f8202a42,Alex Fletcher,Bibb County SO GA,1354,"05/29/2026, 07:19:49 PM UTC
05/30/2026, 07:19:49 PM UTC",***Redacted***,Drugs/Narcotics - ,2025-78977,***Redacted***,"05/30/2026, 07:19:49 PM UTC",lookup - Mobile,,
0a74ec8b-9145-452f-b676-fd19281478d7,Alex Fletcher,Bibb County SO GA,1354,"05/29/2026, 07:19:52 PM UTC
05/30/2026, 07:19:52 PM UTC",***Redacted***,Drugs/Narcotics - ,2025-78977,***Redacted***,"05/30/2026, 07:19:53 PM UTC",lookup - Mobile,,
232ed79a-da15-40fb-963b-8d0250aadd1f,Alex Fletcher,Bibb County SO GA,1354,"05/29/2026, 07:19:56 PM UTC
05/30/2026, 07:19:56 PM UTC",***Redacted***,Drugs/Narcotics - ,2025-78977,***Redacted***,"05/30/2026, 07:19:57 PM UTC",lookup - Mobile,,
4ffcc9bf-bc3b-48d7-8d55-a3aa0ca351a4,Alex Fletcher,Bibb County SO GA,1354,"05/29/2026, 07:19:59 PM UTC
05/30/2026, 07:19:59 PM UTC",***Redacted***,Drugs/Narcotics - ,2025-78977,***Redacted***,"05/30/2026, 07:19:59 PM UTC",lookup - Mobile,,
ef006ec9-14ee-4dac-ab3a-9242d7648a4c,Alex Fletcher,Bibb County SO GA,1354,"05/29/2026, 07:20:00 PM UTC
05/30/2026, 07:20:00 PM UTC",***Redacted***,Drugs/Narcotics - ,2025-78977,***Redacted***,"05/30/2026, 07:20:01 PM UTC",lookup - Mobile,,
f33b6f87-64a2-49a4-a6c3-43456db98d3c,Alex Fletcher,Bibb County SO GA,1354,"05/29/2026, 07:20:03 PM UTC
05/30/2026, 07:20:03 PM UTC",***Redacted***,Drugs/Narcotics - ,2025-78977,***Redacted***,"05/30/2026, 07:20:03 PM UTC",lookup - Mobile,,
a262fd04-e0a0-4c18-a970-8bec0c06961c,Alex Fletcher,Bibb County SO GA,1354,"05/29/2026, 07:20:06 PM UTC
05/30/2026, 07:20:06 PM UTC",***Redacted***,Drugs/Narcotics - ,2025-78977,***Redacted***,"05/30/2026, 07:20:06 PM UTC",lookup - Mobile,,
2b61918c-6a63-40c1-86a8-51cfff509675,Alex Fletcher,Bibb County SO GA,1354,"05/29/2026, 07:20:07 PM UTC
05/30/2026, 07:20:07 PM UTC",***Redacted***,Drugs/Narcotics - ,2025-78977,***Redacted***,"05/30/2026, 07:20:08 PM UTC",lookup - Mobile,,
7dafb39c-768e-4ce8-a57b-3218b37b9039,Alex Fletcher,Bibb County SO GA,1354,"05/29/2026, 07:20:09 PM UTC
05/30/2026, 07:20:09 PM UTC",***Redacted***,Drugs/Narcotics - ,2025-78977,***Redacted***,"05/30/2026, 07:20:09 PM UTC",lookup - Mobile,,
284fb945-7596-4290-ab12-9f1324b657d9,Alex Fletcher,Bibb County SO GA,1354,"05/29/2026, 07:20:14 PM UTC
05/30/2026, 07:20:14 PM UTC",***Redacted***,Drugs/Narcotics - ,2025-78977,***Redacted***,"05/30/2026, 07:20:16 PM UTC",lookup - Mobile,,
8db3c2f6-f4d6-4716-9712-0ba0ba5c9e0a,Alex Fletcher,Bibb County SO GA,1354,"05/29/2026, 07:20:17 PM UTC
05/30/2026, 07:20:17 PM UTC",***Redacted***,Drugs/Narcotics - ,2025-78977,***Redacted***,"05/30/2026, 07:20:18 PM UTC",lookup - Mobile,,
93ab6e2c-32f6-430a-aec0-6261f0da0304,Alex Fletcher,Bibb County SO GA,1354,"05/29/2026, 07:20:22 PM UTC
05/30/2026, 07:20:22 PM UTC",***Redacted***,Drugs/Narcotics - ,2025-78977,***Redacted***,"05/30/2026, 07:20:23 PM UTC",lookup - Mobile,,
a92b8863-54ce-4c31-9f04-10b872406b4a,Alex Fletcher,Bibb County SO GA,1354,"05/29/2026, 07:20:25 PM UTC
05/30/2026, 07:20:25 PM UTC",***Redacted***,Drugs/Narcotics - ,2025-78977,***Redacted***,"05/30/2026, 07:20:26 PM UTC",lookup - Mobile,,
4c42c3a9-6c55-48c2-bb5d-2afa979912d3,Alex Fletcher,Bibb County SO GA,1354,"05/29/2026, 07:20:32 PM UTC
05/30/2026, 07:20:32 PM UTC",***Redacted***,Drugs/Narcotics - ,2025-78977,***Redacted***,"05/30/2026, 07:20:33 PM UTC",lookup - Mobile,,
9897dadb-fbd3-41a8-9504-ad4d36c5d0ea,Alex Fletcher,Bibb County SO GA,1354,"05/29/2026, 07:21:01 PM UTC
05/30/2026, 07:21:01 PM UTC",***Redacted***,Drugs/Narcotics - ,2025-78977,***Redacted***,"05/30/2026, 07:21:03 PM UTC",lookup - Mobile,,
dd402338-cf5a-449c-af04-c37f0751036f,Alex Fletcher,Bibb County SO GA,1354,"05/29/2026, 07:21:05 PM UTC
05/30/2026, 07:21:05 PM UTC",***Redacted***,Drugs/Narcotics - ,2025-78977,***Redacted***,"05/30/2026, 07:21:07 PM UTC",lookup - Mobile,,
e542a005-54e3-4274-b10d-9417fbfa560d,Alex Fletcher,Bibb County SO GA,1354,"05/29/2026, 07:21:11 PM UTC
05/30/2026, 07:21:11 PM UTC",***Redacted***,Drugs/Narcotics - ,2025-78977,***Redacted***,"05/30/2026, 07:21:12 PM UTC",lookup - Mobile,,
50025856-9bd3-4c74-933e-8b1060b18be3,Alex Fletcher,Bibb County SO GA,1354,"05/29/2026, 07:21:25 PM UTC
05/30/2026, 07:21:25 PM UTC",***Redacted***,Drugs/Narcotics - ,2025-78977,***Redacted***,"05/30/2026, 07:21:25 PM UTC",lookup - Mobile,,
8d31bbfc-fda2-4f0d-b844-394ee0221a7f,Alex Fletcher,Bibb County SO GA,1354,"05/29/2026, 07:24:47 PM UTC
05/30/2026, 07:24:47 PM UTC",***Redacted***,Drugs/Narcotics - ,2025-78977,***Redacted***,"05/30/2026, 07:24:49 PM UTC",lookup - Mobile,,
f1282ba7-ac1a-42ea-9263-3544dffa1e68,Alex Fletcher,Bibb County SO GA,1354,"05/29/2026, 07:27:27 PM UTC
05/30/2026, 07:27:27 PM UTC",***Redacted***,Drugs/Narcotics - ,2025-78977,***Redacted***,"05/30/2026, 07:27:27 PM UTC",lookup - Mobile,,
d844b266-7ea1-43f5-a48d-33a452ccdd7f,Alex Fletcher,Bibb County SO GA,1354,"05/29/2026, 07:29:02 PM UTC
05/30/2026, 07:29:02 PM UTC",***Redacted***,Drugs/Narcotics - ,2025-78977,***Redacted***,"05/30/2026, 07:29:03 PM UTC",lookup - Mobile,,
a8adb024-eaed-4386-9d5d-3c8ce6d5e28e,Alex Fletcher,Bibb County SO GA,1354,"05/29/2026, 07:29:04 PM UTC
05/30/2026, 07:29:04 PM UTC",***Redacted***,Drugs/Narcotics - ,2025-78977,***Redacted***,"05/30/2026, 07:29:04 PM UTC",lookup - Mobile,,
3f84d974-b579-49d8-a144-d39f1c2a06fe,Alex Fletcher,Bibb County SO GA,1354,"05/29/2026, 07:29:26 PM UTC
05/30/2026, 07:29:26 PM UTC",***Redacted***,Drugs/Narcotics - ,2025-78977,***Redacted***,"05/30/2026, 07:29:27 PM UTC",lookup - Mobile,,
a401839e-cd0c-44bc-902e-7f15d218d35c,Alex Fletcher,Bibb County SO GA,1354,"05/29/2026, 07:29:35 PM UTC
05/30/2026, 07:29:35 PM UTC",***Redacted***,Drugs/Narcotics - ,2025-78977,***Redacted***,"05/30/2026, 07:29:37 PM UTC",lookup - Mobile,,
3a8602b4-72dd-477c-93a9-ad086e8a6a11,Alex Fletcher,Bibb County SO GA,1354,"05/29/2026, 07:30:17 PM UTC
05/30/2026, 07:30:17 PM UTC",***Redacted***,Drugs/Narcotics - ,2025-78977,***Redacted***,"05/30/2026, 07:30:18 PM UTC",lookup - Mobile,,
f80852c6-4155-4971-bc65-8aa5c4614fdf,Alex Fletcher,Bibb County SO GA,1354,"05/29/2026, 07:30:29 PM UTC
05/30/2026, 07:30:29 PM UTC",***Redacted***,Drugs/Narcotics - ,2025-78977,***Redacted***,"05/30/2026, 07:30:29 PM UTC",lookup - Mobile,,
b2e854e1-90e1-4cd4-b177-cbd9818c1eb8,Alex Fletcher,Bibb County SO GA,1354,"05/29/2026, 07:30:35 PM UTC
05/30/2026, 07:30:35 PM UTC",***Redacted***,Drugs/Narcotics - ,2025-78977,***Redacted***,"05/30/2026, 07:30:38 PM UTC",lookup - Mobile,,
413b3c81-4ea6-4f60-ad3a-97b1d19aa957,Alex Fletcher,Bibb County SO GA,1354,"05/29/2026, 07:30:40 PM UTC
05/30/2026, 07:30:40 PM UTC",***Redacted***,Drugs/Narcotics - ,2025-78977,***Redacted***,"05/30/2026, 07:30:42 PM UTC",lookup - Mobile,,
910ffb08-c25d-410c-8070-402d1f82e55d,Alex Fletcher,Bibb County SO GA,1354,"05/29/2026, 07:30:44 PM UTC
05/30/2026, 07:30:44 PM UTC",***Redacted***,Drugs/Narcotics - ,2025-78977,***Redacted***,"05/30/2026, 07:30:46 PM UTC",lookup - Mobile,,
fc2b5c2c-a673-440b-8abf-de2e2cbbb833,Alex Fletcher,Bibb County SO GA,1354,"05/29/2026, 07:31:49 PM UTC
05/30/2026, 07:31:49 PM UTC",***Redacted***,Drugs/Narcotics - ,2025-78977,***Redacted***,"05/30/2026, 07:31:50 PM UTC",lookup - Mobile,,
cc685048-0847-471a-8dd6-e91b005a0c6f,Alex Fletcher,Bibb County SO GA,1354,"05/29/2026, 07:32:15 PM UTC
05/30/2026, 07:32:15 PM UTC",***Redacted***,Drugs/Narcotics - ,2025-78977,***Redacted***,"05/30/2026, 07:32:16 PM UTC",lookup - Mobile,,
db9a915e-d375-49ec-b158-03d96a105a67,Alex Fletcher,Bibb County SO GA,1354,"05/29/2026, 07:32:44 PM UTC
05/30/2026, 07:32:44 PM UTC",***Redacted***,Drugs/Narcotics - ,2025-78977,***Redacted***,"05/30/2026, 07:32:44 PM UTC",lookup - Mobile,,
a9556b75-e585-4f24-b336-61c9c99280a0,Alex Fletcher,Bibb County SO GA,1354,"05/29/2026, 07:32:57 PM UTC
05/30/2026, 07:32:57 PM UTC",***Redacted***,Drugs/Narcotics - ,2025-78977,***Redacted***,"05/30/2026, 07:32:59 PM UTC",lookup - Mobile,,
bd821b44-92d6-444f-918f-6dfb951a1fa1,Alex Fletcher,Bibb County SO GA,1354,"05/29/2026, 07:33:33 PM UTC
05/30/2026, 07:33:33 PM UTC",***Redacted***,Drugs/Narcotics - ,2025-78977,***Redacted***,"05/30/2026, 07:33:34 PM UTC",lookup - Mobile,,
ea6c30cf-2d92-4431-8c73-d436025c3e29,Alex Fletcher,Bibb County SO GA,1354,"05/29/2026, 07:33:43 PM UTC
05/30/2026, 07:33:43 PM UTC",***Redacted***,Drugs/Narcotics - ,2025-78977,***Redacted***,"05/30/2026, 07:33:44 PM UTC",lookup - Mobile,,
69b38c2b-4fbd-45ae-8ed7-7d70eca29498,Alex Fletcher,Bibb County SO GA,1354,"05/29/2026, 07:33:56 PM UTC
05/30/2026, 07:33:56 PM UTC",***Redacted***,Drugs/Narcotics - ,2025-78977,***Redacted***,"05/30/2026, 07:33:57 PM UTC",lookup - Mobile,,
505362e9-e675-47f3-908a-0d5672dd50a7,Alex Fletcher,Bibb County SO GA,1354,"05/29/2026, 07:34:09 PM UTC
05/30/2026, 07:34:09 PM UTC",***Redacted***,Drugs/Narcotics - ,2025-78977,***Redacted***,"05/30/2026, 07:34:11 PM UTC",lookup - Mobile,,
06091fb1-0471-46e9-a6fe-c29533651392,Alex Fletcher,Bibb County SO GA,1354,"05/29/2026, 07:34:24 PM UTC
05/30/2026, 07:34:24 PM UTC",***Redacted***,Drugs/Narcotics - ,2025-78977,***Redacted***,"05/30/2026, 07:34:25 PM UTC",lookup - Mobile,,
66bc3514-0b0c-488a-81b1-18a596dffb0d,Alex Fletcher,Bibb County SO GA,1354,"05/29/2026, 07:34:48 PM UTC
05/30/2026, 07:34:48 PM UTC",***Redacted***,Drugs/Narcotics - ,2025-78977,***Redacted***,"05/30/2026, 07:34:49 PM UTC",lookup - Mobile,,
c057c14c-983e-47a1-b543-de36c820e2f9,Alex Fletcher,Bibb County SO GA,1354,"05/29/2026, 07:36:44 PM UTC
05/30/2026, 07:36:44 PM UTC",***Redacted***,Drugs/Narcotics - ,2025-78977,***Redacted***,"05/30/2026, 07:36:45 PM UTC",lookup - Mobile,,
23b9d0be-9b0f-4b70-8bcf-000378812411,Alex Fletcher,Bibb County SO GA,1354,"05/29/2026, 07:37:03 PM UTC
05/30/2026, 07:37:03 PM UTC",***Redacted***,Drugs/Narcotics - ,2025-78977,***Redacted***,"05/30/2026, 07:37:04 PM UTC",lookup - Mobile,,
b2c47139-befb-40ed-8b4a-6b8594e45eca,Alex Fletcher,Bibb County SO GA,1354,"05/29/2026, 07:37:21 PM UTC
05/30/2026, 07:37:21 PM UTC",***Redacted***,Drugs/Narcotics - ,2025-78977,***Redacted***,"05/30/2026, 07:37:22 PM UTC",lookup - Mobile,,
e56b082e-f9b4-4e92-ac46-2c94d710b31a,Alex Fletcher,Bibb County SO GA,1354,"05/29/2026, 07:37:31 PM UTC
05/30/2026, 07:37:31 PM UTC",***Redacted***,Drugs/Narcotics - ,2025-78977,***Redacted***,"05/30/2026, 07:37:32 PM UTC",lookup - Mobile,,
5a349c3f-4d69-42f0-8e07-35ba719c5196,Alex Fletcher,Bibb County SO GA,1354,"05/29/2026, 07:37:34 PM UTC
05/30/2026, 07:37:34 PM UTC",***Redacted***,Drugs/Narcotics - ,2025-78977,***Redacted***,"05/30/2026, 07:37:34 PM UTC",lookup - Mobile,,
75379d7c-bed8-433b-a612-42707912a4cd,Alex Fletcher,Bibb County SO GA,1354,"05/29/2026, 07:38:28 PM UTC
05/30/2026, 07:38:28 PM UTC",***Redacted***,Drugs/Narcotics - ,2025-78977,***Redacted***,"05/30/2026, 07:38:28 PM UTC",lookup - Mobile,,
5dfb8716-4113-4c5e-9c6a-7766f7fada7d,Alex Fletcher,Bibb County SO GA,1354,"05/29/2026, 07:38:48 PM UTC
05/30/2026, 07:38:48 PM UTC",***Redacted***,Drugs/Narcotics - ,2025-78977,***Redacted***,"05/30/2026, 07:38:49 PM UTC",lookup - Mobile,,
1d2844f0-1fec-471e-a4e1-922eda82b386,Alex Fletcher,Bibb County SO GA,1354,"05/29/2026, 07:38:51 PM UTC
05/30/2026, 07:38:51 PM UTC",***Redacted***,Drugs/Narcotics - ,2025-78977,***Redacted***,"05/30/2026, 07:38:52 PM UTC",lookup - Mobile,,
af1cd1fc-8ca0-481e-bfbc-846666e6e580,Alex Fletcher,Bibb County SO GA,1354,"05/29/2026, 07:39:18 PM UTC
05/30/2026, 07:39:18 PM UTC",***Redacted***,Drugs/Narcotics - ,2025-78977,***Redacted***,"05/30/2026, 07:39:19 PM UTC",lookup - Mobile,,
4693e7a7-a66f-4707-96a0-86ea476460c9,Alex Fletcher,Bibb County SO GA,1354,"05/29/2026, 07:39:23 PM UTC
05/30/2026, 07:39:23 PM UTC",***Redacted***,Drugs/Narcotics - ,2025-78977,***Redacted***,"05/30/2026, 07:39:24 PM UTC",lookup - Mobile,,
94005e4f-5986-4756-b63c-87fbbe792ea6,Alex Fletcher,Bibb County SO GA,1354,"05/29/2026, 07:39:26 PM UTC
05/30/2026, 07:39:26 PM UTC",***Redacted***,Drugs/Narcotics - ,2025-78977,***Redacted***,"05/30/2026, 07:39:26 PM UTC",lookup - Mobile,,
38d252b7-55f2-43cf-8b32-8c137f0e8e72,Alex Fletcher,Bibb County SO GA,1354,"05/29/2026, 07:39:33 PM UTC
05/30/2026, 07:39:33 PM UTC",***Redacted***,Drugs/Narcotics - ,2025-78977,***Redacted***,"05/30/2026, 07:39:34 PM UTC",lookup - Mobile,,
80e49629-4c8d-4420-b048-9e25cde768a4,Alex Fletcher,Bibb County SO GA,1354,"05/29/2026, 07:39:38 PM UTC
05/30/2026, 07:39:38 PM UTC",***Redacted***,Drugs/Narcotics - ,2025-78977,***Redacted***,"05/30/2026, 07:39:39 PM UTC",lookup - Mobile,,
abe914ab-f329-4446-8509-e3276e4785b6,Alex Fletcher,Bibb County SO GA,1354,"05/29/2026, 07:39:54 PM UTC
05/30/2026, 07:39:54 PM UTC",***Redacted***,Drugs/Narcotics - ,2025-78977,***Redacted***,"05/30/2026, 07:39:56 PM UTC",lookup - Mobile,,
567eb897-1c77-4d54-9c5b-9cdd057dd5c6,Alex Fletcher,Bibb County SO GA,1354,"05/29/2026, 07:40:02 PM UTC
05/30/2026, 07:40:02 PM UTC",***Redacted***,Drugs/Narcotics - ,2025-78977,***Redacted***,"05/30/2026, 07:40:03 PM UTC",lookup - Mobile,,
5c5afcbc-c4c0-4adb-820c-6cfce5adc238,Alex Fletcher,Bibb County SO GA,1354,"05/29/2026, 07:40:07 PM UTC
05/30/2026, 07:40:07 PM UTC",***Redacted***,Drugs/Narcotics - ,2025-78977,***Redacted***,"05/30/2026, 07:40:08 PM UTC",lookup - Mobile,,
6c183dfa-ceed-45c8-89bf-b5f8fe47aa6d,Alex Fletcher,Bibb County SO GA,1354,"05/29/2026, 07:40:32 PM UTC
05/30/2026, 07:40:32 PM UTC",***Redacted***,Drugs/Narcotics - ,2025-78977,***Redacted***,"05/30/2026, 07:40:33 PM UTC",lookup - Mobile,,
33a46eef-0e25-4494-a1d4-2a8396a92511,Alex Fletcher,Bibb County SO GA,1354,"05/29/2026, 07:40:56 PM UTC
05/30/2026, 07:40:56 PM UTC",***Redacted***,Drugs/Narcotics - ,2025-78977,***Redacted***,"05/30/2026, 07:40:57 PM UTC",lookup - Mobile,,
27cdec2b-eba7-447b-a9f4-a76c9c04860a,Alex Fletcher,Bibb County SO GA,1354,"05/29/2026, 07:41:05 PM UTC
05/30/2026, 07:41:05 PM UTC",***Redacted***,Drugs/Narcotics - ,2025-78977,***Redacted***,"05/30/2026, 07:41:06 PM UTC",lookup - Mobile,,
5e4adc36-693e-43ca-b108-12d2e3916b79,Alex Fletcher,Bibb County SO GA,1354,"05/29/2026, 07:41:19 PM UTC
05/30/2026, 07:41:19 PM UTC",***Redacted***,Drugs/Narcotics - ,2025-78977,***Redacted***,"05/30/2026, 07:41:22 PM UTC",lookup - Mobile,,
bc21d448-cc20-41be-a7f0-90e821559ffe,Alex Fletcher,Bibb County SO GA,1354,"05/29/2026, 07:41:51 PM UTC
05/30/2026, 07:41:51 PM UTC",***Redacted***,Drugs/Narcotics - ,2025-78977,***Redacted***,"05/30/2026, 07:41:51 PM UTC",lookup - Mobile,,
d76b8e26-b891-4ab5-86aa-748c6303a5eb,Alex Fletcher,Bibb County SO GA,1354,"05/29/2026, 07:42:05 PM UTC
05/30/2026, 07:42:05 PM UTC",***Redacted***,Drugs/Narcotics - ,2025-78977,***Redacted***,"05/30/2026, 07:42:06 PM UTC",lookup - Mobile,,
8219724b-30ac-4c25-8fe2-9b505b6ac2ab,Alex Fletcher,Bibb County SO GA,1354,"05/29/2026, 07:42:14 PM UTC
05/30/2026, 07:42:14 PM UTC",***Redacted***,Drugs/Narcotics - ,2025-78977,***Redacted***,"05/30/2026, 07:42:15 PM UTC",lookup - Mobile,,
bdac5160-e53e-4519-bd5d-434acc95c19d,Alex Fletcher,Bibb County SO GA,1354,"05/29/2026, 07:42:22 PM UTC
05/30/2026, 07:42:22 PM UTC",***Redacted***,Drugs/Narcotics - ,2025-78977,***Redacted***,"05/30/2026, 07:42:23 PM UTC",lookup - Mobile,,
b170f309-a85a-4510-b922-3b7f4baebc4d,Alex Fletcher,Bibb County SO GA,1354,"05/29/2026, 07:42:25 PM UTC
05/30/2026, 07:42:25 PM UTC",***Redacted***,Drugs/Narcotics - ,2025-78977,***Redacted***,"05/30/2026, 07:42:26 PM UTC",lookup - Mobile,,
9f4f9d4b-f63b-481c-b0db-8993b9904a79,Alex Fletcher,Bibb County SO GA,1354,"05/29/2026, 07:42:35 PM UTC
05/30/2026, 07:42:35 PM UTC",***Redacted***,Drugs/Narcotics - ,2025-78977,***Redacted***,"05/30/2026, 07:42:36 PM UTC",lookup - Mobile,,
030719e6-85e2-4e32-9c11-7bbc722de46c,Alex Fletcher,Bibb County SO GA,1354,"05/29/2026, 07:42:37 PM UTC
05/30/2026, 07:42:37 PM UTC",***Redacted***,Drugs/Narcotics - ,2025-78977,***Redacted***,"05/30/2026, 07:42:38 PM UTC",lookup - Mobile,,
9691f4fc-4bce-4ca9-8d12-491ccf56ade2,Alex Fletcher,Bibb County SO GA,1354,"05/29/2026, 07:42:44 PM UTC
05/30/2026, 07:42:44 PM UTC",***Redacted***,Drugs/Narcotics - ,2025-78977,***Redacted***,"05/30/2026, 07:42:44 PM UTC",lookup - Mobile,,
36392115-f601-4de4-93be-93784bd89ca6,Alex Fletcher,Bibb County SO GA,1354,"05/29/2026, 07:42:47 PM UTC
05/30/2026, 07:42:47 PM UTC",***Redacted***,Drugs/Narcotics - ,2025-78977,***Redacted***,"05/30/2026, 07:42:48 PM UTC",lookup - Mobile,,
d26f9df9-f7b7-4d15-9dbb-9457a3b66281,Alex Fletcher,Bibb County SO GA,1354,"05/29/2026, 07:42:50 PM UTC
05/30/2026, 07:42:50 PM UTC",***Redacted***,Drugs/Narcotics - ,2025-78977,***Redacted***,"05/30/2026, 07:42:51 PM UTC",lookup - Mobile,,
df00dbb1-00a5-4574-8ea3-235b83ee7ea6,Alex Fletcher,Bibb County SO GA,1354,"05/29/2026, 07:42:54 PM UTC
05/30/2026, 07:42:54 PM UTC",***Redacted***,Drugs/Narcotics - ,2025-78977,***Redacted***,"05/30/2026, 07:42:55 PM UTC",lookup - Mobile,,
4fcc181e-3ff7-4294-be41-2abe91569bf4,Alex Fletcher,Bibb County SO GA,1354,"05/29/2026, 07:42:57 PM UTC
05/30/2026, 07:42:57 PM UTC",***Redacted***,Drugs/Narcotics - ,2025-78977,***Redacted***,"05/30/2026, 07:42:57 PM UTC",lookup - Mobile,,
8ff14284-0291-49b5-917f-d22c60803f9d,Alex Fletcher,Bibb County SO GA,1354,"05/29/2026, 07:43:00 PM UTC
05/30/2026, 07:43:00 PM UTC",***Redacted***,Drugs/Narcotics - ,2025-78977,***Redacted***,"05/30/2026, 07:43:00 PM UTC",lookup - Mobile,,
3c833a3f-f4e9-4e36-aabd-e16f695983d4,Alex Fletcher,Bibb County SO GA,1354,"05/29/2026, 07:43:06 PM UTC
05/30/2026, 07:43:06 PM UTC",***Redacted***,Drugs/Narcotics - ,2025-78977,***Redacted***,"05/30/2026, 07:43:07 PM UTC",lookup - Mobile,,
1bb4fa65-5c99-4936-8485-dd568a591d15,Alex Fletcher,Bibb County SO GA,1354,"05/29/2026, 07:43:15 PM UTC
05/30/2026, 07:43:15 PM UTC",***Redacted***,Drugs/Narcotics - ,2025-78977,***Redacted***,"05/30/2026, 07:43:15 PM UTC",lookup - Mobile,,
f3ffbaa3-a7a8-4b69-bb97-f33440c157bf,Alex Fletcher,Bibb County SO GA,1354,"05/29/2026, 07:43:26 PM UTC
05/30/2026, 07:43:26 PM UTC",***Redacted***,Drugs/Narcotics - ,2025-78977,***Redacted***,"05/30/2026, 07:43:27 PM UTC",lookup - Mobile,,
5d679437-1d70-41ae-b99a-b4fe7d0be903,Alex Fletcher,Bibb County SO GA,1354,"05/29/2026, 07:43:41 PM UTC
05/30/2026, 07:43:41 PM UTC",***Redacted***,Drugs/Narcotics - ,2025-78977,***Redacted***,"05/30/2026, 07:43:42 PM UTC",lookup - Mobile,,
e53a16b6-998c-4d8f-8dd3-621e6e2afc38,Alex Fletcher,Bibb County SO GA,1354,"05/29/2026, 07:43:43 PM UTC
05/30/2026, 07:43:43 PM UTC",***Redacted***,Drugs/Narcotics - ,2025-78977,***Redacted***,"05/30/2026, 07:43:44 PM UTC",lookup - Mobile,,
52bb6ebe-9cc7-4035-be55-6f430cf07ac6,Alex Fletcher,Bibb County SO GA,1354,"05/29/2026, 07:43:48 PM UTC
05/30/2026, 07:43:48 PM UTC",***Redacted***,Drugs/Narcotics - ,2025-78977,***Redacted***,"05/30/2026, 07:43:49 PM UTC",lookup - Mobile,,
6c30adf8-f051-4b03-ae3a-070d12c1f8fc,Alex Fletcher,Bibb County SO GA,1354,"05/29/2026, 07:51:23 PM UTC
05/30/2026, 07:51:23 PM UTC",***Redacted***,Drugs/Narcotics - ,2025-78977,***Redacted***,"05/30/2026, 07:51:24 PM UTC",lookup - Mobile,,
e5b1ba38-87ca-4f1f-98d5-f0533d65ee07,Alex Fletcher,Bibb County SO GA,1354,"05/29/2026, 07:51:31 PM UTC
05/30/2026, 07:51:31 PM UTC",***Redacted***,Drugs/Narcotics - ,2025-78977,***Redacted***,"05/30/2026, 07:51:31 PM UTC",lookup - Mobile,,
64211a21-7c7e-404b-ae55-d222dc9351cb,MELANIE HOFMANN,Bibb County SO GA,11,"05/29/2026, 01:30:57 AM UTC
05/30/2026, 01:30:57 AM UTC",***Redacted***,Larceny/Theft Offenses - ,2026-47078,***Redacted***,"05/30/2026, 01:01:00 AM UTC",lookup,,
7953de09-970d-4cd7-83bf-c27f74b5a693,MELANIE HOFMANN,Bibb County SO GA,11,"05/29/2026, 01:30:57 AM UTC
05/30/2026, 01:30:57 AM UTC",***Redacted***,Larceny/Theft Offenses - ,2026-47078,***Redacted***,"05/30/2026, 01:04:01 AM UTC",lookup,,
df554b28-f72d-4052-9274-e2d84bf7532e,MELANIE HOFMANN,Bibb County SO GA,11,"05/29/2026, 01:30:57 AM UTC
05/30/2026, 01:30:57 AM UTC",***Redacted***,Larceny/Theft Offenses - ,2026-47078,***Redacted***,"05/30/2026, 01:04:14 AM UTC",lookup,,
00889f9e-7f1b-4ad0-b8cd-bc13f68d6ad1,Adam Grant,Bibb County SO GA,1354,"04/30/2026, 01:24:32 AM UTC
05/30/2026, 01:24:32 AM UTC",***Redacted***,Larceny/Theft Offenses - ,2026-1296,***Redacted***,"05/30/2026, 01:24:34 AM UTC",lookup - Mobile,,
446d1424-d281-4d4d-b89c-ee71566ab799,Adam Grant,Bibb County SO GA,1354,"05/29/2026, 01:25:18 AM UTC
05/30/2026, 01:25:18 AM UTC",***Redacted***,Motor Vehicle Theft/Stolen - ,2026-1296,***Redacted***,"05/30/2026, 01:25:19 AM UTC",lookup - Mobile,,
33c9ac44-ae71-4e92-8baa-2c31667f26bb,Adam Grant,Bibb County SO GA,1354,"05/29/2026, 02:21:35 AM UTC
05/30/2026, 02:21:35 AM UTC",***Redacted***,Motor Vehicle Theft/Stolen - ,2026-1296,***Redacted***,"05/30/2026, 02:21:36 AM UTC",lookup - Mobile,,
e4477347-17e6-4d32-be78-d82168344190,Adam Grant,Bibb County SO GA,1354,"04/30/2026, 02:21:42 AM UTC
05/30/2026, 02:21:42 AM UTC",***Redacted***,Larceny/Theft Offenses - ,2026-1296,***Redacted***,"05/30/2026, 02:21:45 AM UTC",lookup - Mobile,,
5c9c1485-cfac-4e04-822f-a31f28d4488f,Dana Kramer,Bibb County SO GA,775,"03/01/2026, 05:00:00 AM UTC
05/29/2026, 04:00:00 AM UTC",***Redacted***,Motor Vehicle Theft/Stolen - ,2026-47014,***Redacted***,"05/29/2026, 08:06:31 PM UTC",lookup,,
ed475b59-044a-4c8d-9ac1-c9f65b18610f,Enrique Hogan,Bibb County SO GA,728,"05/15/2026, 08:26:52 PM UTC
05/29/2026, 08:26:52 PM UTC",***Redacted***,Wanted Person (Arrest Warrant/Fugitive) - ,FID  11295681,***Redacted***,"05/29/2026, 08:26:53 PM UTC",lookup - Mobile,,
4a074a75-6358-43d1-a12a-5bed39153316,Justin Edwards,Bibb County SO GA,3,"05/22/2026, 08:26:57 PM UTC
05/29/2026, 08:26:57 PM UTC",***Redacted***,"Assault/Battery Offenses, Homicide/Death Investigation - ",2024-67104,***Redacted***,"05/29/2026, 08:27:03 PM UTC",lookup - Mobile,,
5d65cb04-37f1-4422-9cb6-da484bc2d8fc,Enrique Hogan,Bibb County SO GA,728,"05/15/2026, 08:27:05 PM UTC
05/29/2026, 08:27:05 PM UTC",***Redacted***,Wanted Person (Arrest Warrant/Fugitive) - ,FID  11295681,***Redacted***,"05/29/2026, 08:27:07 PM UTC",lookup - Mobile,,
1fe14861-eb45-442c-a8eb-68f1441f9f09,Enrique Hogan,Bibb County SO GA,728,"05/15/2026, 08:28:00 PM UTC
05/29/2026, 08:28:00 PM UTC",***Redacted***,Wanted Person (Arrest Warrant/Fugitive) - ,FID  11295681,***Redacted***,"05/29/2026, 08:28:04 PM UTC",lookup - Mobile,,
60bcad72-821d-493e-a489-b63842dd27ae,Justin Edwards,Bibb County SO GA,3,"05/22/2026, 08:28:02 PM UTC
05/29/2026, 08:28:02 PM UTC",***Redacted***,"Assault/Battery Offenses, Homicide/Death Investigation - ",2024-67104,***Redacted***,"05/29/2026, 08:28:04 PM UTC",lookup - Mobile,,
e445f722-a567-433c-8481-bdca543d2845,Enrique Hogan,Bibb County SO GA,728,"05/15/2026, 08:28:57 PM UTC
05/29/2026, 08:28:57 PM UTC",***Redacted***,Wanted Person (Arrest Warrant/Fugitive) - ,FID  11295681,***Redacted***,"05/29/2026, 08:28:58 PM UTC",lookup - Mobile,,
1db33165-aae7-422f-93dd-9bd40e257b2c,Justin Edwards,Bibb County SO GA,3,"05/22/2026, 08:29:11 PM UTC
05/29/2026, 08:29:11 PM UTC",***Redacted***,"Assault/Battery Offenses, Homicide/Death Investigation - ",2024-67104,***Redacted***,"05/29/2026, 08:29:12 PM UTC",lookup - Mobile,,
beaee8ef-8226-42de-9599-53518ba407ba,Enrique Hogan,Bibb County SO GA,728,"05/15/2026, 08:29:38 PM UTC
05/29/2026, 08:29:38 PM UTC",***Redacted***,Wanted Person (Arrest Warrant/Fugitive) - ,FID  11295681,***Redacted***,"05/29/2026, 08:29:39 PM UTC",lookup - Mobile,,
4f66c108-67a1-446e-9dbc-67d2b4f903d4,Enrique Hogan,Bibb County SO GA,728,"05/15/2026, 08:30:15 PM UTC
05/29/2026, 08:30:15 PM UTC",***Redacted***,Wanted Person (Arrest Warrant/Fugitive) - ,FID  11295681,***Redacted***,"05/29/2026, 08:30:20 PM UTC",lookup - Mobile,,
47375b47-31d9-4ed6-a185-2ade7fca8b0b,Justin Edwards,Bibb County SO GA,3,"05/22/2026, 08:31:11 PM UTC
05/29/2026, 08:31:11 PM UTC",***Redacted***,"Assault/Battery Offenses, Homicide/Death Investigation - ",2024-67104,***Redacted***,"05/29/2026, 08:31:12 PM UTC",lookup - Mobile,,
af971cb6-0933-44a2-ba03-3272816fc4c0,Enrique Hogan,Bibb County SO GA,728,"05/15/2026, 08:31:28 PM UTC
05/29/2026, 08:31:28 PM UTC",***Redacted***,Wanted Person (Arrest Warrant/Fugitive) - ,FID  11295681,***Redacted***,"05/29/2026, 08:31:29 PM UTC",lookup - Mobile,,
aba0da1b-435a-4700-8ff2-d82389869439,Enrique Hogan,Bibb County SO GA,728,"05/15/2026, 08:32:11 PM UTC
05/29/2026, 08:32:11 PM UTC",***Redacted***,Wanted Person (Arrest Warrant/Fugitive) - ,FID  11295681,***Redacted***,"05/29/2026, 08:32:12 PM UTC",lookup - Mobile,,
828ad183-0de3-4839-8366-b37e45a06a39,Enrique Hogan,Bibb County SO GA,728,"05/15/2026, 08:34:22 PM UTC
05/29/2026, 08:34:22 PM UTC",***Redacted***,Wanted Person (Arrest Warrant/Fugitive) - ,FID  11295681,***Redacted***,"05/29/2026, 08:34:23 PM UTC",lookup - Mobile,,
3f984e2f-c759-4751-89c7-b2d77404d1ab,Justin Edwards,Bibb County SO GA,728,"05/22/2026, 08:34:27 PM UTC
05/29/2026, 08:34:27 PM UTC",***Redacted***,"Assault/Battery Offenses, Homicide/Death Investigation - ",2024-67104,***Redacted***,"05/29/2026, 08:34:28 PM UTC",lookup - Mobile,,
d0dfa8c8-6808-48c2-854a-887ec274c995,Justin Edwards,Bibb County SO GA,728,"05/22/2026, 08:34:35 PM UTC
05/29/2026, 08:34:35 PM UTC",***Redacted***,"Assault/Battery Offenses, Homicide/Death Investigation - ",2024-67104,***Redacted***,"05/29/2026, 08:34:38 PM UTC",lookup - Mobile,,
b785432e-51c5-49c1-ba42-055efa422ed2,Enrique Hogan,Bibb County SO GA,728,"05/15/2026, 08:35:05 PM UTC
05/29/2026, 08:35:05 PM UTC",***Redacted***,Wanted Person (Arrest Warrant/Fugitive) - ,FID  11295681,***Redacted***,"05/29/2026, 08:35:06 PM UTC",lookup - Mobile,,
03d27f7a-5966-46db-b058-80b8da8d9d36,Justin Edwards,Bibb County SO GA,728,"05/22/2026, 08:35:37 PM UTC
05/29/2026, 08:35:37 PM UTC",***Redacted***,"Assault/Battery Offenses, Homicide/Death Investigation - ",2024-67104,***Redacted***,"05/29/2026, 08:35:38 PM UTC",lookup - Mobile,,
fc3dbca4-b5e0-45ed-84e2-dbe67f6db18a,Justin Edwards,Bibb County SO GA,728,"05/22/2026, 08:35:42 PM UTC
05/29/2026, 08:35:42 PM UTC",***Redacted***,"Assault/Battery Offenses, Homicide/Death Investigation - ",2024-67104,***Redacted***,"05/29/2026, 08:35:43 PM UTC",lookup - Mobile,,
0d1857e0-9dc8-4348-a135-bcd8969f7c3e,Jim MacDonald,Bibb County SO GA,2,"05/01/2026, 07:00:00 PM UTC
05/29/2026, 09:00:00 PM UTC",***Redacted***,Homicide/Death Investigation - ,23-24163,***Redacted***,"05/29/2026, 08:35:49 PM UTC",lookup,,
f8ad4a9c-28a6-44fd-940b-20a54ebae3a7,Jim MacDonald,Bibb County SO GA,770,"04/29/2026, 09:00:22 PM UTC
05/29/2026, 09:00:22 PM UTC",***Redacted***,Homicide/Death Investigation - ,23-24163,***Redacted***,"05/29/2026, 08:36:25 PM UTC",lookup,,
caa02e80-b743-433b-83ec-8dd947d70bfb,Justin Edwards,Bibb County SO GA,728,"05/22/2026, 08:41:04 PM UTC
05/29/2026, 08:41:04 PM UTC",***Redacted***,"Assault/Battery Offenses, Homicide/Death Investigation - ",2024-67104,***Redacted***,"05/29/2026, 08:41:05 PM UTC",lookup - Mobile,,
4fdebace-416f-4463-a405-ee616dad6676,Enrique Hogan,Bibb County SO GA,728,"05/15/2026, 08:41:08 PM UTC
05/29/2026, 08:41:08 PM UTC",***Redacted***,Wanted Person (Arrest Warrant/Fugitive) - ,FID  11295681,***Redacted***,"05/29/2026, 08:41:10 PM UTC",lookup - Mobile,,
587608cc-b988-4754-b65c-f05689a0f2a8,Fred Gray,Bibb County SO GA,2,"05/28/2026, 05:30:10 PM UTC
05/29/2026, 05:30:10 PM UTC",***Redacted***,Motor Vehicle Theft/Stolen - ,2026-46951,***Redacted***,"05/29/2026, 07:32:26 PM UTC",lookup,,
d6a85d57-0030-4040-90f1-0c9a46b9ac0c,Fred Gray,Bibb County SO GA,2,"05/28/2026, 05:30:10 PM UTC
05/29/2026, 05:30:10 PM UTC",***Redacted***,Motor Vehicle Theft/Stolen - ,2026-46951,***Redacted***,"05/29/2026, 07:32:32 PM UTC",lookup,,
30721612-da99-464d-9234-73b453c9e841,Fred Gray,Bibb County SO GA,2,"05/28/2026, 08:00:36 PM UTC
05/29/2026, 08:00:36 PM UTC",***Redacted***,Motor Vehicle Theft/Stolen - ,2026-46951,***Redacted***,"05/29/2026, 07:32:37 PM UTC",lookup,,
5c7bc6df-f3a2-47fd-9dbc-6c8968a14ece,Enrique Hogan,Bibb County SO GA,728,"05/15/2026, 07:46:23 PM UTC
05/29/2026, 07:46:23 PM UTC",***Redacted***,Wanted Person (Arrest Warrant/Fugitive) - ,FID  11295681,***Redacted***,"05/29/2026, 07:46:25 PM UTC",lookup - Mobile,,
63069d57-5439-4d57-bd9a-3fbaf880f9d8,Dana Kramer,Bibb County SO GA,775,"04/29/2026, 08:30:06 PM UTC
05/29/2026, 08:30:06 PM UTC",***Redacted***,Motor Vehicle Theft/Stolen - ,2026-47014,***Redacted***,"05/29/2026, 08:05:13 PM UTC",lookup,,
96a28e71-d29e-4198-906c-96f5ec5c0e2f,Dana Kramer,Bibb County SO GA,775,"04/01/2026, 08:30:00 PM UTC
05/29/2026, 04:00:00 AM UTC",***Redacted***,Motor Vehicle Theft/Stolen - ,2026-47014,***Redacted***,"05/29/2026, 08:05:47 PM UTC",lookup,,
17255e2b-1541-46fd-a946-2824becdf0c1,Alex Fletcher,Bibb County SO GA,1423,"05/30/2026, 11:30:53 PM UTC
05/31/2026, 01:30:53 AM UTC",***Redacted***,Drugs/Narcotics - ,2025-78977,***Redacted***,"05/31/2026, 01:08:57 AM UTC",lookup,,
ddbfec3e-7b10-40cc-b2d3-5731362bd972,Alex Fletcher,Bibb County SO GA,1423,"05/30/2026, 11:30:53 PM UTC
05/31/2026, 01:30:53 AM UTC",***Redacted***,Drugs/Narcotics - ,2025-78977,***Redacted***,"05/31/2026, 01:39:17 AM UTC",lookup,,
a7fc4a54-98cd-4f8b-95f0-7090e3ab1463,Alex Fletcher,Bibb County SO GA,1354,"05/30/2026, 08:19:26 PM UTC
05/31/2026, 02:19:26 AM UTC",***Redacted***,Motor Vehicle Theft/Stolen - ,2026-41904,***Redacted***,"05/31/2026, 02:19:30 AM UTC",lookup - Mobile,,
3d7257bf-9579-4b78-be0b-491456d0b46f,Alex Fletcher,Bibb County SO GA,1354,"05/30/2026, 08:20:05 PM UTC
05/31/2026, 02:20:05 AM UTC",***Redacted***,Motor Vehicle Theft/Stolen - ,2026-41904,***Redacted***,"05/31/2026, 02:20:06 AM UTC",lookup - Mobile,,
3fa6781e-f1b7-47a5-a2e1-2ebc95e64b3d,Reginald Tillman,Bibb County SO GA,22,"05/31/2026, 12:00:57 AM UTC
05/31/2026, 02:00:57 AM UTC",***Redacted***,Larceny/Theft Offenses - ,D462,***Redacted***,"05/31/2026, 02:20:13 AM UTC",lookup,,
5eae3360-25f7-49c9-8049-54e4f6f1c9f0,Alex Fletcher,Bibb County SO GA,1354,"05/30/2026, 08:20:15 PM UTC
05/31/2026, 02:20:15 AM UTC",***Redacted***,Motor Vehicle Theft/Stolen - ,2026-41904,***Redacted***,"05/31/2026, 02:20:16 AM UTC",lookup - Mobile,,
fec98d10-bcd3-4f38-b3b6-1cbde88d8710,Alex Fletcher,Bibb County SO GA,1354,"05/30/2026, 08:20:17 PM UTC
05/31/2026, 02:20:17 AM UTC",***Redacted***,Motor Vehicle Theft/Stolen - ,2026-41904,***Redacted***,"05/31/2026, 02:20:18 AM UTC",lookup - Mobile,,
1713438a-d585-4895-b8c6-fb33e36f6b13,Reginald Tillman,Bibb County SO GA,2,"05/30/2026, 02:05:01 AM UTC
05/31/2026, 02:05:01 AM UTC",***Redacted***,Larceny/Theft Offenses - ,D462,***Redacted***,"05/31/2026, 02:20:20 AM UTC",lookup - Mobile,,
29d9f4ae-0f18-4219-86c3-1b7f22a0d407,Alex Fletcher,Bibb County SO GA,1354,"05/30/2026, 08:20:20 PM UTC
05/31/2026, 02:20:20 AM UTC",***Redacted***,Motor Vehicle Theft/Stolen - ,2026-41904,***Redacted***,"05/31/2026, 02:20:21 AM UTC",lookup - Mobile,,
4b950f54-456c-40d2-891f-c476b8e5f624,Alex Fletcher,Bibb County SO GA,1354,"05/30/2026, 08:20:46 PM UTC
05/31/2026, 02:20:46 AM UTC",***Redacted***,Motor Vehicle Theft/Stolen - ,2026-41904,***Redacted***,"05/31/2026, 02:20:47 AM UTC",lookup - Mobile,,
a5502b4a-a9fb-4a41-89b0-c8d1c69442c9,Alex Fletcher,Bibb County SO GA,1354,"05/30/2026, 08:20:49 PM UTC
05/31/2026, 02:20:49 AM UTC",***Redacted***,Motor Vehicle Theft/Stolen - ,2026-41904,***Redacted***,"05/31/2026, 02:20:50 AM UTC",lookup - Mobile,,
c1d9de53-d4c5-45eb-9f7f-15ec7f634338,Alex Fletcher,Bibb County SO GA,1354,"05/30/2026, 08:20:52 PM UTC
05/31/2026, 02:20:52 AM UTC",***Redacted***,Motor Vehicle Theft/Stolen - ,2026-41904,***Redacted***,"05/31/2026, 02:20:54 AM UTC",lookup - Mobile,,
f6b3485b-e04b-4095-a104-4963803152f4,Reginald Tillman,Bibb County SO GA,22,"05/31/2026, 12:00:57 AM UTC
05/31/2026, 02:00:57 AM UTC",***Redacted***,Larceny/Theft Offenses - ,D462,***Redacted***,"05/31/2026, 02:20:55 AM UTC",lookup,,
c061eb31-7d1e-42ee-9cda-f234195cd098,Alex Fletcher,Bibb County SO GA,1354,"05/30/2026, 08:20:56 PM UTC
05/31/2026, 02:20:56 AM UTC",***Redacted***,Motor Vehicle Theft/Stolen - ,2026-41904,***Redacted***,"05/31/2026, 02:20:56 AM UTC",lookup - Mobile,,
552fd5f4-bd11-4c9c-b2eb-acac301c1e2d,Alex Fletcher,Bibb County SO GA,1354,"05/30/2026, 08:21:00 PM UTC
05/31/2026, 02:21:00 AM UTC",***Redacted***,Motor Vehicle Theft/Stolen - ,2026-41904,***Redacted***,"05/31/2026, 02:21:01 AM UTC",lookup - Mobile,,
6123cae1-70c5-4a7b-9eb3-8a02a42f7090,Alex Fletcher,Bibb County SO GA,1354,"05/30/2026, 08:21:04 PM UTC
05/31/2026, 02:21:04 AM UTC",***Redacted***,Motor Vehicle Theft/Stolen - ,2026-41904,***Redacted***,"05/31/2026, 02:21:05 AM UTC",lookup - Mobile,,
8d52d51d-8571-4434-9006-bd9ce5725b86,Alex Fletcher,Bibb County SO GA,1354,"05/30/2026, 08:21:07 PM UTC
05/31/2026, 02:21:07 AM UTC",***Redacted***,Motor Vehicle Theft/Stolen - ,2026-41904,***Redacted***,"05/31/2026, 02:21:08 AM UTC",lookup - Mobile,,
acbcf9a3-0ea6-4b6d-abb1-f6332ce92084,Alex Fletcher,Bibb County SO GA,1354,"05/30/2026, 08:21:09 PM UTC
05/31/2026, 02:21:09 AM UTC",***Redacted***,Motor Vehicle Theft/Stolen - ,2026-41904,***Redacted***,"05/31/2026, 02:21:10 AM UTC",lookup - Mobile,,
ca00adb2-2f72-419d-b3a2-7128cdd48b90,Alex Fletcher,Bibb County SO GA,1354,"05/30/2026, 08:21:21 PM UTC
05/31/2026, 02:21:21 AM UTC",***Redacted***,Motor Vehicle Theft/Stolen - ,2026-41904,***Redacted***,"05/31/2026, 02:21:22 AM UTC",lookup - Mobile,,
edc4b533-2e33-41ed-ac0c-3583dcf756cc,Alex Fletcher,Bibb County SO GA,1354,"05/30/2026, 08:21:27 PM UTC
05/31/2026, 02:21:27 AM UTC",***Redacted***,Motor Vehicle Theft/Stolen - ,2026-41904,***Redacted***,"05/31/2026, 02:21:28 AM UTC",lookup - Mobile,,
f253b836-5ec5-435f-a2e6-134d6d64f467,Alex Fletcher,Bibb County SO GA,1354,"05/30/2026, 08:21:34 PM UTC
05/31/2026, 02:21:34 AM UTC",***Redacted***,Motor Vehicle Theft/Stolen - ,2026-41904,***Redacted***,"05/31/2026, 02:21:35 AM UTC",lookup - Mobile,,
3dc10b40-9339-4435-889e-89200f23d789,Alex Fletcher,Bibb County SO GA,1354,"05/30/2026, 08:21:39 PM UTC
05/31/2026, 02:21:39 AM UTC",***Redacted***,Motor Vehicle Theft/Stolen - ,2026-41904,***Redacted***,"05/31/2026, 02:21:39 AM UTC",lookup - Mobile,,
1ca982ab-ad43-46ac-ba61-dc8910de454d,Alex Fletcher,Bibb County SO GA,1354,"05/30/2026, 08:21:52 PM UTC
05/31/2026, 02:21:52 AM UTC",***Redacted***,Motor Vehicle Theft/Stolen - ,2026-41904,***Redacted***,"05/31/2026, 02:21:53 AM UTC",lookup - Mobile,,
9cc989c7-be3b-45db-82eb-e4f7dcffff66,Alex Fletcher,Bibb County SO GA,1354,"05/30/2026, 08:22:00 PM UTC
05/31/2026, 02:22:00 AM UTC",***Redacted***,Motor Vehicle Theft/Stolen - ,2026-41904,***Redacted***,"05/31/2026, 02:22:01 AM UTC",lookup - Mobile,,
df13af99-7a15-44fd-9d29-bc725bc20048,Alex Fletcher,Bibb County SO GA,1354,"05/30/2026, 08:22:06 PM UTC
05/31/2026, 02:22:06 AM UTC",***Redacted***,Motor Vehicle Theft/Stolen - ,2026-41904,***Redacted***,"05/31/2026, 02:22:07 AM UTC",lookup - Mobile,,
3fc7f243-9886-44ec-8161-745b3a223a59,Alex Fletcher,Bibb County SO GA,1354,"05/30/2026, 08:22:10 PM UTC
05/31/2026, 02:22:10 AM UTC",***Redacted***,Motor Vehicle Theft/Stolen - ,2026-41904,***Redacted***,"05/31/2026, 02:22:11 AM UTC",lookup - Mobile,,
b795e961-9c5a-47ac-9aeb-4e6974c903e8,Alex Fletcher,Bibb County SO GA,1354,"05/30/2026, 08:22:14 PM UTC
05/31/2026, 02:22:14 AM UTC",***Redacted***,Motor Vehicle Theft/Stolen - ,2026-41904,***Redacted***,"05/31/2026, 02:22:15 AM UTC",lookup - Mobile,,
eca779d6-16c1-4f9c-87c1-baf584508ee6,Alex Fletcher,Bibb County SO GA,1354,"05/30/2026, 08:22:17 PM UTC
05/31/2026, 02:22:17 AM UTC",***Redacted***,Motor Vehicle Theft/Stolen - ,2026-41904,***Redacted***,"05/31/2026, 02:22:18 AM UTC",lookup - Mobile,,
17a0e9d3-b46c-476a-94e0-d73dd1a73d97,Alex Fletcher,Bibb County SO GA,1354,"05/30/2026, 08:22:19 PM UTC
05/31/2026, 02:22:19 AM UTC",***Redacted***,Motor Vehicle Theft/Stolen - ,2026-41904,***Redacted***,"05/31/2026, 02:22:20 AM UTC",lookup - Mobile,,
adc65272-49f2-4a5a-afef-ea6f83a6b5e3,Alex Fletcher,Bibb County SO GA,1354,"05/30/2026, 08:22:21 PM UTC
05/31/2026, 02:22:21 AM UTC",***Redacted***,Motor Vehicle Theft/Stolen - ,2026-41904,***Redacted***,"05/31/2026, 02:22:21 AM UTC",lookup - Mobile,,
54aea9a0-1da4-476c-b6a0-f6e949c4b3ea,Alex Fletcher,Bibb County SO GA,1354,"05/30/2026, 08:22:22 PM UTC
05/31/2026, 02:22:22 AM UTC",***Redacted***,Motor Vehicle Theft/Stolen - ,2026-41904,***Redacted***,"05/31/2026, 02:22:23 AM UTC",lookup - Mobile,,
465dd8fc-8f77-4cb3-9086-3b15d725c197,Alex Fletcher,Bibb County SO GA,1354,"05/30/2026, 08:22:23 PM UTC
05/31/2026, 02:22:23 AM UTC",***Redacted***,Motor Vehicle Theft/Stolen - ,2026-41904,***Redacted***,"05/31/2026, 02:22:24 AM UTC",lookup - Mobile,,
5125b629-a191-4bb1-8931-8f6d1dd14a7d,Alex Fletcher,Bibb County SO GA,1354,"05/30/2026, 08:22:24 PM UTC
05/31/2026, 02:22:24 AM UTC",***Redacted***,Motor Vehicle Theft/Stolen - ,2026-41904,***Redacted***,"05/31/2026, 02:22:25 AM UTC",lookup - Mobile,,
59c5db3d-f262-423f-a95f-07b6586e7c81,Alex Fletcher,Bibb County SO GA,1354,"05/30/2026, 08:22:26 PM UTC
05/31/2026, 02:22:26 AM UTC",***Redacted***,Motor Vehicle Theft/Stolen - ,2026-41904,***Redacted***,"05/31/2026, 02:22:26 AM UTC",lookup - Mobile,,
89d979d6-0782-4a41-9656-65c21a8909a6,Alex Fletcher,Bibb County SO GA,1354,"05/30/2026, 08:22:28 PM UTC
05/31/2026, 02:22:28 AM UTC",***Redacted***,Motor Vehicle Theft/Stolen - ,2026-41904,***Redacted***,"05/31/2026, 02:22:28 AM UTC",lookup - Mobile,,
82da901b-651b-410a-bf70-4b6f4d2e109d,Alex Fletcher,Bibb County SO GA,1354,"05/30/2026, 08:22:35 PM UTC
05/31/2026, 02:22:35 AM UTC",***Redacted***,Motor Vehicle Theft/Stolen - ,2026-41904,***Redacted***,"05/31/2026, 02:22:36 AM UTC",lookup - Mobile,,
565accee-1c51-4eb6-99be-8e7dc012172d,Alex Fletcher,Bibb County SO GA,1354,"05/30/2026, 08:22:57 PM UTC
05/31/2026, 02:22:57 AM UTC",***Redacted***,Motor Vehicle Theft/Stolen - ,2026-41904,***Redacted***,"05/31/2026, 02:22:57 AM UTC",lookup - Mobile,,
8be0ec84-f8b2-49b7-bbbc-2f53c6336257,Alex Fletcher,Bibb County SO GA,1354,"05/30/2026, 08:23:02 PM UTC
05/31/2026, 02:23:02 AM UTC",***Redacted***,Motor Vehicle Theft/Stolen - ,2026-41904,***Redacted***,"05/31/2026, 02:23:03 AM UTC",lookup - Mobile,,
1e35451a-91ee-4966-b4d7-7285167fd5e1,Alex Fletcher,Bibb County SO GA,1354,"05/30/2026, 08:23:04 PM UTC
05/31/2026, 02:23:04 AM UTC",***Redacted***,Motor Vehicle Theft/Stolen - ,2026-41904,***Redacted***,"05/31/2026, 02:23:05 AM UTC",lookup - Mobile,,
67445149-adf0-4dcc-9978-3a6fd6f13fa5,Alex Fletcher,Bibb County SO GA,1354,"05/30/2026, 08:23:06 PM UTC
05/31/2026, 02:23:06 AM UTC",***Redacted***,Motor Vehicle Theft/Stolen - ,2026-41904,***Redacted***,"05/31/2026, 02:23:07 AM UTC",lookup - Mobile,,
aa3b2535-501a-4868-83bf-9d9c637f147d,Alex Fletcher,Bibb County SO GA,1354,"05/30/2026, 08:23:08 PM UTC
05/31/2026, 02:23:08 AM UTC",***Redacted***,Motor Vehicle Theft/Stolen - ,2026-41904,***Redacted***,"05/31/2026, 02:23:09 AM UTC",lookup - Mobile,,
7433895b-f1bc-4f15-8e64-95c4563f3b80,Alex Fletcher,Bibb County SO GA,1354,"05/30/2026, 08:23:11 PM UTC
05/31/2026, 02:23:11 AM UTC",***Redacted***,Motor Vehicle Theft/Stolen - ,2026-41904,***Redacted***,"05/31/2026, 02:23:12 AM UTC",lookup - Mobile,,
6e8b6336-a6a6-47e4-ae49-950493ded1d9,Alex Fletcher,Bibb County SO GA,1354,"05/30/2026, 08:23:13 PM UTC
05/31/2026, 02:23:13 AM UTC",***Redacted***,Motor Vehicle Theft/Stolen - ,2026-41904,***Redacted***,"05/31/2026, 02:23:13 AM UTC",lookup - Mobile,,
44337731-177d-474e-8a93-bddae957b586,Alex Fletcher,Bibb County SO GA,1354,"05/30/2026, 08:23:14 PM UTC
05/31/2026, 02:23:14 AM UTC",***Redacted***,Motor Vehicle Theft/Stolen - ,2026-41904,***Redacted***,"05/31/2026, 02:23:15 AM UTC",lookup - Mobile,,
e8d9af73-ea52-4d08-8f0e-69d15aa1d082,Alex Fletcher,Bibb County SO GA,1354,"05/30/2026, 08:23:15 PM UTC
05/31/2026, 02:23:15 AM UTC",***Redacted***,Motor Vehicle Theft/Stolen - ,2026-41904,***Redacted***,"05/31/2026, 02:23:16 AM UTC",lookup - Mobile,,
a5e2d2e7-3a17-4582-a1e4-4c48332b9bce,Alex Fletcher,Bibb County SO GA,1354,"05/30/2026, 08:23:16 PM UTC
05/31/2026, 02:23:16 AM UTC",***Redacted***,Motor Vehicle Theft/Stolen - ,2026-41904,***Redacted***,"05/31/2026, 02:23:18 AM UTC",lookup - Mobile,,
ab525184-ab55-4d08-8c10-7f478de1fa5f,Alex Fletcher,Bibb County SO GA,1354,"05/30/2026, 08:23:22 PM UTC
05/31/2026, 02:23:22 AM UTC",***Redacted***,Motor Vehicle Theft/Stolen - ,2026-41904,***Redacted***,"05/31/2026, 02:23:22 AM UTC",lookup - Mobile,,
72d128a1-9316-43b9-aac6-18c84d9d56d0,Alex Fletcher,Bibb County SO GA,1354,"05/30/2026, 08:23:24 PM UTC
05/31/2026, 02:23:24 AM UTC",***Redacted***,Motor Vehicle Theft/Stolen - ,2026-41904,***Redacted***,"05/31/2026, 02:23:24 AM UTC",lookup - Mobile,,
15898851-c020-4c07-8bea-e6390c0a3169,Alex Fletcher,Bibb County SO GA,1354,"05/30/2026, 08:23:25 PM UTC
05/31/2026, 02:23:25 AM UTC",***Redacted***,Motor Vehicle Theft/Stolen - ,2026-41904,***Redacted***,"05/31/2026, 02:23:26 AM UTC",lookup - Mobile,,
efbedfcb-f2dd-4a51-9c66-63325860f864,Alex Fletcher,Bibb County SO GA,1354,"05/30/2026, 08:23:26 PM UTC
05/31/2026, 02:23:26 AM UTC",***Redacted***,Motor Vehicle Theft/Stolen - ,2026-41904,***Redacted***,"05/31/2026, 02:23:27 AM UTC",lookup - Mobile,,
87b43b33-6517-4f99-bcac-1a12dbb22c29,Alex Fletcher,Bibb County SO GA,1354,"05/30/2026, 08:23:28 PM UTC
05/31/2026, 02:23:28 AM UTC",***Redacted***,Motor Vehicle Theft/Stolen - ,2026-41904,***Redacted***,"05/31/2026, 02:23:30 AM UTC",lookup - Mobile,,
5cd0f31a-c012-4eef-8fe6-ffc7134957d9,Alex Fletcher,Bibb County SO GA,1354,"05/30/2026, 08:23:32 PM UTC
05/31/2026, 02:23:32 AM UTC",***Redacted***,Motor Vehicle Theft/Stolen - ,2026-41904,***Redacted***,"05/31/2026, 02:23:33 AM UTC",lookup - Mobile,,
219f5530-234b-493e-97c2-468eaad98789,Alex Fletcher,Bibb County SO GA,1354,"05/30/2026, 08:23:36 PM UTC
05/31/2026, 02:23:36 AM UTC",***Redacted***,Motor Vehicle Theft/Stolen - ,2026-41904,***Redacted***,"05/31/2026, 02:23:39 AM UTC",lookup - Mobile,,
614d3a7d-8bfa-4e39-bb54-52e700bfc9f8,Alex Fletcher,Bibb County SO GA,1354,"05/30/2026, 08:23:41 PM UTC
05/31/2026, 02:23:41 AM UTC",***Redacted***,Motor Vehicle Theft/Stolen - ,2026-41904,***Redacted***,"05/31/2026, 02:23:42 AM UTC",lookup - Mobile,,
b4e3ba74-7fb9-465b-a78b-9a55c83acb17,Alex Fletcher,Bibb County SO GA,1354,"05/30/2026, 08:23:43 PM UTC
05/31/2026, 02:23:43 AM UTC",***Redacted***,Motor Vehicle Theft/Stolen - ,2026-41904,***Redacted***,"05/31/2026, 02:23:45 AM UTC",lookup - Mobile,,
122ac769-0539-42a0-9631-a4613a94782c,Alex Fletcher,Bibb County SO GA,1354,"05/30/2026, 08:23:47 PM UTC
05/31/2026, 02:23:47 AM UTC",***Redacted***,Motor Vehicle Theft/Stolen - ,2026-41904,***Redacted***,"05/31/2026, 02:23:48 AM UTC",lookup - Mobile,,
fe7ef11f-a567-47a8-9d77-c5e88b542240,Alex Fletcher,Bibb County SO GA,1354,"05/30/2026, 08:23:50 PM UTC
05/31/2026, 02:23:50 AM UTC",***Redacted***,Motor Vehicle Theft/Stolen - ,2026-41904,***Redacted***,"05/31/2026, 02:23:50 AM UTC",lookup - Mobile,,
f4086eb1-dd9f-40ee-89d6-40250f776c9e,Alex Fletcher,Bibb County SO GA,1354,"05/30/2026, 08:23:53 PM UTC
05/31/2026, 02:23:53 AM UTC",***Redacted***,Motor Vehicle Theft/Stolen - ,2026-41904,***Redacted***,"05/31/2026, 02:23:54 AM UTC",lookup - Mobile,,
0f5c9438-3ad3-4b6d-870b-674d49141a82,Alex Fletcher,Bibb County SO GA,1354,"05/30/2026, 08:23:56 PM UTC
05/31/2026, 02:23:56 AM UTC",***Redacted***,Motor Vehicle Theft/Stolen - ,2026-41904,***Redacted***,"05/31/2026, 02:23:56 AM UTC",lookup - Mobile,,
0e900b16-97fb-4fd6-b6ac-a3752eaf63e1,Alex Fletcher,Bibb County SO GA,1354,"05/30/2026, 08:24:01 PM UTC
05/31/2026, 02:24:01 AM UTC",***Redacted***,Motor Vehicle Theft/Stolen - ,2026-41904,***Redacted***,"05/31/2026, 02:24:03 AM UTC",lookup - Mobile,,
ca16974a-9ff9-4cb5-8e6d-d3c1997ce72b,Alex Fletcher,Bibb County SO GA,1354,"05/30/2026, 08:24:05 PM UTC
05/31/2026, 02:24:05 AM UTC",***Redacted***,Motor Vehicle Theft/Stolen - ,2026-41904,***Redacted***,"05/31/2026, 02:24:06 AM UTC",lookup - Mobile,,
3fdfb41a-dda0-44d9-b643-302f5311ba5a,Alex Fletcher,Bibb County SO GA,1354,"05/30/2026, 08:24:08 PM UTC
05/31/2026, 02:24:08 AM UTC",***Redacted***,Motor Vehicle Theft/Stolen - ,2026-41904,***Redacted***,"05/31/2026, 02:24:08 AM UTC",lookup - Mobile,,
0cd07aa4-4936-4118-8c19-f70a17f67700,Alex Fletcher,Bibb County SO GA,1354,"05/30/2026, 08:24:21 PM UTC
05/31/2026, 02:24:21 AM UTC",***Redacted***,Motor Vehicle Theft/Stolen - ,2026-41904,***Redacted***,"05/31/2026, 02:24:22 AM UTC",lookup - Mobile,,
35da757e-e7a9-4fdc-a67a-6b2762f3a339,Alex Fletcher,Bibb County SO GA,1354,"05/30/2026, 08:24:24 PM UTC
05/31/2026, 02:24:24 AM UTC",***Redacted***,Motor Vehicle Theft/Stolen - ,2026-41904,***Redacted***,"05/31/2026, 02:24:24 AM UTC",lookup - Mobile,,
af094dc9-0e59-413a-9a67-cb7525549a5c,Alex Fletcher,Bibb County SO GA,1354,"05/30/2026, 08:24:26 PM UTC
05/31/2026, 02:24:26 AM UTC",***Redacted***,Motor Vehicle Theft/Stolen - ,2026-41904,***Redacted***,"05/31/2026, 02:24:27 AM UTC",lookup - Mobile,,
a1b7ab2a-8c19-4ee0-8015-c9f4c9c5b597,Alex Fletcher,Bibb County SO GA,1354,"05/30/2026, 08:24:35 PM UTC
05/31/2026, 02:24:35 AM UTC",***Redacted***,Motor Vehicle Theft/Stolen - ,2026-41904,***Redacted***,"05/31/2026, 02:24:36 AM UTC",lookup - Mobile,,
b8d10161-4b66-47a0-953a-b7197515d10c,Alex Fletcher,Bibb County SO GA,1354,"05/30/2026, 08:24:46 PM UTC
05/31/2026, 02:24:46 AM UTC",***Redacted***,Motor Vehicle Theft/Stolen - ,2026-41904,***Redacted***,"05/31/2026, 02:24:47 AM UTC",lookup - Mobile,,
9e3638cc-0c20-4607-880a-b933bb65daa1,Adam Grant,Bibb County SO GA,1354,"05/30/2026, 02:24:47 AM UTC
05/31/2026, 02:24:47 AM UTC",***Redacted***,Motor Vehicle Theft/Stolen - ,2026-1296,***Redacted***,"05/31/2026, 02:24:49 AM UTC",lookup - Mobile,,
c30438f3-37de-4675-9c55-a99d2dcd3314,Alex Fletcher,Bibb County SO GA,1354,"05/30/2026, 08:24:52 PM UTC
05/31/2026, 02:24:52 AM UTC",***Redacted***,Motor Vehicle Theft/Stolen - ,2026-41904,***Redacted***,"05/31/2026, 02:24:52 AM UTC",lookup - Mobile,,
2f94164b-344b-449b-bf35-efc97a86f921,Alex Fletcher,Bibb County SO GA,1354,"05/30/2026, 08:24:55 PM UTC
05/31/2026, 02:24:55 AM UTC",***Redacted***,Motor Vehicle Theft/Stolen - ,2026-41904,***Redacted***,"05/31/2026, 02:24:56 AM UTC",lookup - Mobile,,
02b3ad17-09a4-4706-aeb4-c78a5786c12f,Alex Fletcher,Bibb County SO GA,1354,"05/30/2026, 08:24:59 PM UTC
05/31/2026, 02:24:59 AM UTC",***Redacted***,Motor Vehicle Theft/Stolen - ,2026-41904,***Redacted***,"05/31/2026, 02:25:00 AM UTC",lookup - Mobile,,
97ce4fd1-a0ab-4666-bed8-4e8dbd72c630,Alex Fletcher,Bibb County SO GA,1354,"05/30/2026, 08:25:01 PM UTC
05/31/2026, 02:25:01 AM UTC",***Redacted***,Motor Vehicle Theft/Stolen - ,2026-41904,***Redacted***,"05/31/2026, 02:25:02 AM UTC",lookup - Mobile,,
5afda092-cdbc-4177-a520-129a384c49ad,Alex Fletcher,Bibb County SO GA,1354,"05/30/2026, 08:25:04 PM UTC
05/31/2026, 02:25:04 AM UTC",***Redacted***,Motor Vehicle Theft/Stolen - ,2026-41904,***Redacted***,"05/31/2026, 02:25:06 AM UTC",lookup - Mobile,,
59d712b2-52d7-4f96-84eb-b354c1533ab5,Alex Fletcher,Bibb County SO GA,1354,"05/30/2026, 08:25:07 PM UTC
05/31/2026, 02:25:07 AM UTC",***Redacted***,Motor Vehicle Theft/Stolen - ,2026-41904,***Redacted***,"05/31/2026, 02:25:08 AM UTC",lookup - Mobile,,
cfec6097-8b9f-44f8-b37c-54951ccd3df8,Alex Fletcher,Bibb County SO GA,1354,"05/30/2026, 08:25:09 PM UTC
05/31/2026, 02:25:09 AM UTC",***Redacted***,Motor Vehicle Theft/Stolen - ,2026-41904,***Redacted***,"05/31/2026, 02:25:09 AM UTC",lookup - Mobile,,
e0f6ab4b-67bc-4f5e-8a63-5c215fd649b5,Alex Fletcher,Bibb County SO GA,1354,"05/30/2026, 08:25:11 PM UTC
05/31/2026, 02:25:11 AM UTC",***Redacted***,Motor Vehicle Theft/Stolen - ,2026-41904,***Redacted***,"05/31/2026, 02:25:13 AM UTC",lookup - Mobile,,
412d4a44-9d83-4152-9dde-cc23e83c0740,Alex Fletcher,Bibb County SO GA,1354,"05/30/2026, 08:25:15 PM UTC
05/31/2026, 02:25:15 AM UTC",***Redacted***,Motor Vehicle Theft/Stolen - ,2026-41904,***Redacted***,"05/31/2026, 02:25:16 AM UTC",lookup - Mobile,,
94a96568-d5f7-47bc-8dd4-080de74696d6,Alex Fletcher,Bibb County SO GA,1354,"05/30/2026, 08:25:19 PM UTC
05/31/2026, 02:25:19 AM UTC",***Redacted***,Motor Vehicle Theft/Stolen - ,2026-41904,***Redacted***,"05/31/2026, 02:25:20 AM UTC",lookup - Mobile,,
d1ed524a-85fe-42ea-922a-755bf57852a2,Alex Fletcher,Bibb County SO GA,1354,"05/30/2026, 08:25:23 PM UTC
05/31/2026, 02:25:23 AM UTC",***Redacted***,Motor Vehicle Theft/Stolen - ,2026-41904,***Redacted***,"05/31/2026, 02:25:23 AM UTC",lookup - Mobile,,
05fd751d-4e36-4a19-ae79-96ef4dd3d86a,Alex Fletcher,Bibb County SO GA,1354,"05/30/2026, 08:25:26 PM UTC
05/31/2026, 02:25:26 AM UTC",***Redacted***,Motor Vehicle Theft/Stolen - ,2026-41904,***Redacted***,"05/31/2026, 02:25:26 AM UTC",lookup - Mobile,,
eb8b5e59-e576-4cdc-a98b-e9db4e86f177,Alex Fletcher,Bibb County SO GA,1354,"05/30/2026, 08:26:25 PM UTC
05/31/2026, 02:26:25 AM UTC",***Redacted***,Motor Vehicle Theft/Stolen - ,2026-41904,***Redacted***,"05/31/2026, 02:26:25 AM UTC",lookup - Mobile,,
621bf61a-96c7-4aa8-9b98-54de06ac2355,Alex Fletcher,Bibb County SO GA,1354,"05/30/2026, 08:26:28 PM UTC
05/31/2026, 02:26:28 AM UTC",***Redacted***,Motor Vehicle Theft/Stolen - ,2026-41904,***Redacted***,"05/31/2026, 02:26:28 AM UTC",lookup - Mobile,,
fd23c18f-540f-4bbe-bd38-b82ebaa41af7,Alex Fletcher,Bibb County SO GA,1354,"05/30/2026, 08:26:30 PM UTC
05/31/2026, 02:26:30 AM UTC",***Redacted***,Motor Vehicle Theft/Stolen - ,2026-41904,***Redacted***,"05/31/2026, 02:26:31 AM UTC",lookup - Mobile,,
fe75946c-6656-4eae-9d60-c682595b065d,Alex Fletcher,Bibb County SO GA,1354,"05/30/2026, 08:26:33 PM UTC
05/31/2026, 02:26:33 AM UTC",***Redacted***,Motor Vehicle Theft/Stolen - ,2026-41904,***Redacted***,"05/31/2026, 02:26:34 AM UTC",lookup - Mobile,,
bb5881aa-7057-4779-bcfb-e523f0d79698,Alex Fletcher,Bibb County SO GA,1354,"05/30/2026, 08:26:37 PM UTC
05/31/2026, 02:26:37 AM UTC",***Redacted***,Motor Vehicle Theft/Stolen - ,2026-41904,***Redacted***,"05/31/2026, 02:26:37 AM UTC",lookup - Mobile,,
b7de2fcc-f4b8-4e41-b70d-b7a80f703552,Alex Fletcher,Bibb County SO GA,1354,"05/30/2026, 08:26:49 PM UTC
05/31/2026, 02:26:49 AM UTC",***Redacted***,Motor Vehicle Theft/Stolen - ,2026-41904,***Redacted***,"05/31/2026, 02:26:50 AM UTC",lookup - Mobile,,
cd8bf302-0d1f-4af7-85e7-c3b227ab2061,Alex Fletcher,Bibb County SO GA,1354,"05/30/2026, 08:26:51 PM UTC
05/31/2026, 02:26:51 AM UTC",***Redacted***,Motor Vehicle Theft/Stolen - ,2026-41904,***Redacted***,"05/31/2026, 02:26:51 AM UTC",lookup - Mobile,,
f0d7c605-feb4-4a21-b9ec-d6cd7c7bd1ac,Alex Fletcher,Bibb County SO GA,1354,"05/30/2026, 08:26:57 PM UTC
05/31/2026, 02:26:57 AM UTC",***Redacted***,Motor Vehicle Theft/Stolen - ,2026-41904,***Redacted***,"05/31/2026, 02:26:57 AM UTC",lookup - Mobile,,
5d526ba1-01b3-4c58-ad9d-51f75e10af82,Alex Fletcher,Bibb County SO GA,1354,"05/30/2026, 08:27:06 PM UTC
05/31/2026, 02:27:06 AM UTC",***Redacted***,Motor Vehicle Theft/Stolen - ,2026-41904,***Redacted***,"05/31/2026, 02:27:07 AM UTC",lookup - Mobile,,
2a43a70f-4247-40fd-abed-4e4ce2cd92fd,Alex Fletcher,Bibb County SO GA,1354,"05/30/2026, 08:27:08 PM UTC
05/31/2026, 02:27:08 AM UTC",***Redacted***,Motor Vehicle Theft/Stolen - ,2026-41904,***Redacted***,"05/31/2026, 02:27:09 AM UTC",lookup - Mobile,,
c685f7a3-8452-4c7a-80f5-18bccb1380a0,Alex Fletcher,Bibb County SO GA,1354,"05/30/2026, 08:27:11 PM UTC
05/31/2026, 02:27:11 AM UTC",***Redacted***,Motor Vehicle Theft/Stolen - ,2026-41904,***Redacted***,"05/31/2026, 02:27:12 AM UTC",lookup - Mobile,,
659dc789-2fa4-4998-903b-ff3b63bcef04,Alex Fletcher,Bibb County SO GA,1354,"05/30/2026, 08:27:14 PM UTC
05/31/2026, 02:27:14 AM UTC",***Redacted***,Motor Vehicle Theft/Stolen - ,2026-41904,***Redacted***,"05/31/2026, 02:27:15 AM UTC",lookup - Mobile,,
02022663-9eee-4b88-8dee-30d741828762,Alex Fletcher,Bibb County SO GA,1354,"05/30/2026, 08:27:17 PM UTC
05/31/2026, 02:27:17 AM UTC",***Redacted***,Motor Vehicle Theft/Stolen - ,2026-41904,***Redacted***,"05/31/2026, 02:27:17 AM UTC",lookup - Mobile,,
f77ad454-12e6-43bb-b5f2-9d54866efd07,Alex Fletcher,Bibb County SO GA,1354,"05/30/2026, 08:27:25 PM UTC
05/31/2026, 02:27:25 AM UTC",***Redacted***,Motor Vehicle Theft/Stolen - ,2026-41904,***Redacted***,"05/31/2026, 02:27:26 AM UTC",lookup - Mobile,,
76d5b01a-c480-4c34-8388-4e908dc14266,Alex Fletcher,Bibb County SO GA,1354,"05/30/2026, 08:27:35 PM UTC
05/31/2026, 02:27:35 AM UTC",***Redacted***,Motor Vehicle Theft/Stolen - ,2026-41904,***Redacted***,"05/31/2026, 02:27:36 AM UTC",lookup - Mobile,,
ff25f2d6-7622-48d2-a320-077ff4b66f61,Alex Fletcher,Bibb County SO GA,1354,"05/30/2026, 08:27:41 PM UTC
05/31/2026, 02:27:41 AM UTC",***Redacted***,Motor Vehicle Theft/Stolen - ,2026-41904,***Redacted***,"05/31/2026, 02:27:42 AM UTC",lookup - Mobile,,
d112292f-e7cd-42c2-b527-fb44706ed52d,Alex Fletcher,Bibb County SO GA,1354,"05/30/2026, 08:27:47 PM UTC
05/31/2026, 02:27:47 AM UTC",***Redacted***,Motor Vehicle Theft/Stolen - ,2026-41904,***Redacted***,"05/31/2026, 02:27:53 AM UTC",lookup - Mobile,,
dc780695-8f0e-4df2-9db4-111f87c7b820,Alex Fletcher,Bibb County SO GA,1354,"05/30/2026, 08:27:56 PM UTC
05/31/2026, 02:27:56 AM UTC",***Redacted***,Motor Vehicle Theft/Stolen - ,2026-41904,***Redacted***,"05/31/2026, 02:27:56 AM UTC",lookup - Mobile,,
6028837b-0179-411c-81c7-97e072d3e296,Alex Fletcher,Bibb County SO GA,1354,"05/30/2026, 08:28:02 PM UTC
05/31/2026, 02:28:02 AM UTC",***Redacted***,Motor Vehicle Theft/Stolen - ,2026-41904,***Redacted***,"05/31/2026, 02:28:03 AM UTC",lookup - Mobile,,
8488e64a-de9b-4dac-913d-20cef18c9cd4,Alex Fletcher,Bibb County SO GA,1354,"05/30/2026, 08:28:10 PM UTC
05/31/2026, 02:28:10 AM UTC",***Redacted***,Motor Vehicle Theft/Stolen - ,2026-41904,***Redacted***,"05/31/2026, 02:28:12 AM UTC",lookup - Mobile,,
5db666c6-452e-49c2-ab74-ba6f73935085,Alex Fletcher,Bibb County SO GA,1354,"05/30/2026, 08:28:20 PM UTC
05/31/2026, 02:28:20 AM UTC",***Redacted***,Motor Vehicle Theft/Stolen - ,2026-41904,***Redacted***,"05/31/2026, 02:28:21 AM UTC",lookup - Mobile,,
d36552b6-2f2f-4948-9cd2-40be0222e1e8,Alex Fletcher,Bibb County SO GA,1354,"05/30/2026, 08:28:35 PM UTC
05/31/2026, 02:28:35 AM UTC",***Redacted***,Motor Vehicle Theft/Stolen - ,2026-41904,***Redacted***,"05/31/2026, 02:28:36 AM UTC",lookup - Mobile,,
2d62e43c-ec8e-4ab1-a8df-b400821ea799,Alex Fletcher,Bibb County SO GA,1354,"05/30/2026, 08:28:41 PM UTC
05/31/2026, 02:28:41 AM UTC",***Redacted***,Motor Vehicle Theft/Stolen - ,2026-41904,***Redacted***,"05/31/2026, 02:28:43 AM UTC",lookup - Mobile,,
0dbeaad6-a10d-41c5-ab4d-db5a76bb3f1c,Alex Fletcher,Bibb County SO GA,1354,"05/30/2026, 08:28:44 PM UTC
05/31/2026, 02:28:44 AM UTC",***Redacted***,Motor Vehicle Theft/Stolen - ,2026-41904,***Redacted***,"05/31/2026, 02:28:45 AM UTC",lookup - Mobile,,
5134515a-c928-4814-bd2a-a4c05228d1a1,Alex Fletcher,Bibb County SO GA,1354,"05/30/2026, 08:28:57 PM UTC
05/31/2026, 02:28:57 AM UTC",***Redacted***,Motor Vehicle Theft/Stolen - ,2026-41904,***Redacted***,"05/31/2026, 02:28:58 AM UTC",lookup - Mobile,,
f4622abc-3161-4360-859b-628d7ed4de8e,Alex Fletcher,Bibb County SO GA,1354,"05/30/2026, 08:28:59 PM UTC
05/31/2026, 02:28:59 AM UTC",***Redacted***,Motor Vehicle Theft/Stolen - ,2026-41904,***Redacted***,"05/31/2026, 02:29:00 AM UTC",lookup - Mobile,,
1b35b02e-dc71-4bfc-b33c-7ba926663e5f,Alex Fletcher,Bibb County SO GA,1354,"05/30/2026, 08:29:04 PM UTC
05/31/2026, 02:29:04 AM UTC",***Redacted***,Motor Vehicle Theft/Stolen - ,2026-41904,***Redacted***,"05/31/2026, 02:29:05 AM UTC",lookup - Mobile,,
4fa3df62-8e4a-408f-bf9b-9476712c2914,Alex Fletcher,Bibb County SO GA,1354,"05/30/2026, 08:29:07 PM UTC
05/31/2026, 02:29:07 AM UTC",***Redacted***,Motor Vehicle Theft/Stolen - ,2026-41904,***Redacted***,"05/31/2026, 02:29:07 AM UTC",lookup - Mobile,,
49a4395e-2a91-4ef3-8342-dafa46e18003,Adam Grant,Bibb County SO GA,1354,"05/30/2026, 02:29:12 AM UTC
05/31/2026, 02:29:12 AM UTC",***Redacted***,Motor Vehicle Theft/Stolen - ,2026-1296,***Redacted***,"05/31/2026, 02:29:13 AM UTC",lookup - Mobile,,
a339fd65-86a7-4c79-83da-1a6e0ffddcd4,Alex Fletcher,Bibb County SO GA,1354,"05/30/2026, 08:29:15 PM UTC
05/31/2026, 02:29:15 AM UTC",***Redacted***,Motor Vehicle Theft/Stolen - ,2026-41904,***Redacted***,"05/31/2026, 02:29:16 AM UTC",lookup - Mobile,,
81d7250f-a5f2-421b-98eb-cb7965f8e5fe,Alex Fletcher,Bibb County SO GA,1354,"05/30/2026, 08:29:17 PM UTC
05/31/2026, 02:29:17 AM UTC",***Redacted***,Motor Vehicle Theft/Stolen - ,2026-41904,***Redacted***,"05/31/2026, 02:29:18 AM UTC",lookup - Mobile,,
73003d1a-fab3-42e6-99dd-e57d1c544eab,Alex Fletcher,Bibb County SO GA,1354,"05/30/2026, 08:29:20 PM UTC
05/31/2026, 02:29:20 AM UTC",***Redacted***,Motor Vehicle Theft/Stolen - ,2026-41904,***Redacted***,"05/31/2026, 02:29:20 AM UTC",lookup - Mobile,,
aa02cbd5-4035-4db2-9f30-d9b39707d834,Alex Fletcher,Bibb County SO GA,1354,"05/30/2026, 08:29:23 PM UTC
05/31/2026, 02:29:23 AM UTC",***Redacted***,Motor Vehicle Theft/Stolen - ,2026-41904,***Redacted***,"05/31/2026, 02:29:23 AM UTC",lookup - Mobile,,
e29d3098-1fe7-4854-b710-381191f5e9b0,Alex Fletcher,Bibb County SO GA,1354,"05/30/2026, 08:29:25 PM UTC
05/31/2026, 02:29:25 AM UTC",***Redacted***,Motor Vehicle Theft/Stolen - ,2026-41904,***Redacted***,"05/31/2026, 02:29:26 AM UTC",lookup - Mobile,,
4799657d-fd51-4f5c-973e-95a897febbda,Alex Fletcher,Bibb County SO GA,1354,"05/30/2026, 08:29:27 PM UTC
05/31/2026, 02:29:27 AM UTC",***Redacted***,Motor Vehicle Theft/Stolen - ,2026-41904,***Redacted***,"05/31/2026, 02:29:29 AM UTC",lookup - Mobile,,
1d8a0742-3ddb-47c6-b58e-532ce7a91a14,Alex Fletcher,Bibb County SO GA,1354,"05/30/2026, 08:29:31 PM UTC
05/31/2026, 02:29:31 AM UTC",***Redacted***,Motor Vehicle Theft/Stolen - ,2026-41904,***Redacted***,"05/31/2026, 02:29:32 AM UTC",lookup - Mobile,,
65c5c51a-eecf-461f-a570-10b5ce7854c2,Alex Fletcher,Bibb County SO GA,1354,"05/30/2026, 08:29:34 PM UTC
05/31/2026, 02:29:34 AM UTC",***Redacted***,Motor Vehicle Theft/Stolen - ,2026-41904,***Redacted***,"05/31/2026, 02:29:34 AM UTC",lookup - Mobile,,
6795d40d-26d3-4554-9f43-e80ba0d096da,Alex Fletcher,Bibb County SO GA,1354,"05/30/2026, 08:29:46 PM UTC
05/31/2026, 02:29:46 AM UTC",***Redacted***,Motor Vehicle Theft/Stolen - ,2026-41904,***Redacted***,"05/31/2026, 02:29:48 AM UTC",lookup - Mobile,,
e233b2d7-1a34-4b16-ac25-51daaadbf190,Alex Fletcher,Bibb County SO GA,1354,"05/30/2026, 08:29:54 PM UTC
05/31/2026, 02:29:54 AM UTC",***Redacted***,Motor Vehicle Theft/Stolen - ,2026-41904,***Redacted***,"05/31/2026, 02:29:55 AM UTC",lookup - Mobile,,
9c5610de-e4b2-417d-8779-f4c347a133f5,Alex Fletcher,Bibb County SO GA,1354,"05/30/2026, 08:30:00 PM UTC
05/31/2026, 02:30:00 AM UTC",***Redacted***,Motor Vehicle Theft/Stolen - ,2026-41904,***Redacted***,"05/31/2026, 02:30:00 AM UTC",lookup - Mobile,,
b3f9eb46-27c7-40b1-b7d7-496e8f955e99,Alex Fletcher,Bibb County SO GA,1354,"05/30/2026, 08:30:04 PM UTC
05/31/2026, 02:30:04 AM UTC",***Redacted***,Motor Vehicle Theft/Stolen - ,2026-41904,***Redacted***,"05/31/2026, 02:30:04 AM UTC",lookup - Mobile,,
af859bf7-39f4-4da0-9aae-70a7546f225e,Alex Fletcher,Bibb County SO GA,1354,"05/30/2026, 08:30:06 PM UTC
05/31/2026, 02:30:06 AM UTC",***Redacted***,Motor Vehicle Theft/Stolen - ,2026-41904,***Redacted***,"05/31/2026, 02:30:07 AM UTC",lookup - Mobile,,
3db4b749-5f56-4990-bd40-06fcbe03d61e,Alex Fletcher,Bibb County SO GA,1354,"05/30/2026, 08:30:22 PM UTC
05/31/2026, 02:30:22 AM UTC",***Redacted***,Motor Vehicle Theft/Stolen - ,2026-41904,***Redacted***,"05/31/2026, 02:30:24 AM UTC",lookup - Mobile,,
7e13cfd9-7b62-4e33-9c16-f38005edf659,Alex Fletcher,Bibb County SO GA,1354,"05/30/2026, 08:30:34 PM UTC
05/31/2026, 02:30:34 AM UTC",***Redacted***,Motor Vehicle Theft/Stolen - ,2026-41904,***Redacted***,"05/31/2026, 02:30:35 AM UTC",lookup - Mobile,,
e8c12974-2329-4184-bae5-a7ef0c9eb4b0,Alex Fletcher,Bibb County SO GA,1354,"05/30/2026, 08:30:47 PM UTC
05/31/2026, 02:30:47 AM UTC",***Redacted***,Motor Vehicle Theft/Stolen - ,2026-41904,***Redacted***,"05/31/2026, 02:30:48 AM UTC",lookup - Mobile,,
753d0e26-1e92-48f8-8e8c-669369978b89,Alex Fletcher,Bibb County SO GA,1354,"05/30/2026, 08:30:55 PM UTC
05/31/2026, 02:30:55 AM UTC",***Redacted***,Motor Vehicle Theft/Stolen - ,2026-41904,***Redacted***,"05/31/2026, 02:30:58 AM UTC",lookup - Mobile,,
259e5a78-e440-4d90-a248-13919edd1022,Alex Fletcher,Bibb County SO GA,1354,"05/30/2026, 08:31:00 PM UTC
05/31/2026, 02:31:00 AM UTC",***Redacted***,Motor Vehicle Theft/Stolen - ,2026-41904,***Redacted***,"05/31/2026, 02:31:01 AM UTC",lookup - Mobile,,
d4e481bf-526a-457e-8a1b-f8ed1c24a66c,Alex Fletcher,Bibb County SO GA,1354,"05/30/2026, 08:31:11 PM UTC
05/31/2026, 02:31:11 AM UTC",***Redacted***,Motor Vehicle Theft/Stolen - ,2026-41904,***Redacted***,"05/31/2026, 02:31:12 AM UTC",lookup - Mobile,,
063608c9-43eb-4117-8e77-28bff34ffdb6,Alex Fletcher,Bibb County SO GA,1354,"05/30/2026, 08:31:21 PM UTC
05/31/2026, 02:31:21 AM UTC",***Redacted***,Motor Vehicle Theft/Stolen - ,2026-41904,***Redacted***,"05/31/2026, 02:31:22 AM UTC",lookup - Mobile,,
f45819e1-4190-44de-8de8-dd5c915250b4,Alex Fletcher,Bibb County SO GA,1354,"05/30/2026, 08:31:23 PM UTC
05/31/2026, 02:31:23 AM UTC",***Redacted***,Motor Vehicle Theft/Stolen - ,2026-41904,***Redacted***,"05/31/2026, 02:31:24 AM UTC",lookup - Mobile,,
7aca88df-0c87-4d43-9de8-11e57c4cd142,Alex Fletcher,Bibb County SO GA,1354,"05/30/2026, 08:31:26 PM UTC
05/31/2026, 02:31:26 AM UTC",***Redacted***,Motor Vehicle Theft/Stolen - ,2026-41904,***Redacted***,"05/31/2026, 02:31:27 AM UTC",lookup - Mobile,,
cf1210b5-c38b-4271-ab7f-074e26f67f37,Alex Fletcher,Bibb County SO GA,1354,"05/30/2026, 08:31:43 PM UTC
05/31/2026, 02:31:43 AM UTC",***Redacted***,Motor Vehicle Theft/Stolen - ,2026-41904,***Redacted***,"05/31/2026, 02:31:45 AM UTC",lookup - Mobile,,
37c1b132-5127-43e0-827d-46b70ac7521e,Alex Fletcher,Bibb County SO GA,1354,"05/30/2026, 08:31:46 PM UTC
05/31/2026, 02:31:46 AM UTC",***Redacted***,Motor Vehicle Theft/Stolen - ,2026-41904,***Redacted***,"05/31/2026, 02:31:47 AM UTC",lookup - Mobile,,
871d9f96-9fa6-4c3f-9790-7c0005a7fabc,Alex Fletcher,Bibb County SO GA,1354,"05/30/2026, 08:31:48 PM UTC
05/31/2026, 02:31:48 AM UTC",***Redacted***,Motor Vehicle Theft/Stolen - ,2026-41904,***Redacted***,"05/31/2026, 02:31:48 AM UTC",lookup - Mobile,,
55354195-af54-4051-805c-eb440c4b18ed,Alex Fletcher,Bibb County SO GA,1354,"05/30/2026, 08:33:13 PM UTC
05/31/2026, 02:33:13 AM UTC",***Redacted***,Motor Vehicle Theft/Stolen - ,2026-41904,***Redacted***,"05/31/2026, 02:33:14 AM UTC",lookup - Mobile,,
c350c222-8316-4dbb-9268-8666aa34359f,Wesley Durbin,Bibb County SO GA,3,"05/06/2026, 08:30:00 PM UTC
05/28/2026, 10:30:00 AM UTC",***Redacted***,Burglary/Breaking & Entering - ,2026-44325,***Redacted***,"05/28/2026, 10:15:31 AM UTC",lookup,,
e3778bbd-ca55-4a81-b18b-eb04dfd5ff35,Enrique Hogan,Bibb County SO GA,729,"05/21/2026, 11:23:24 AM UTC
05/28/2026, 11:23:24 AM UTC",***Redacted***,Wanted Person (Arrest Warrant/Fugitive) - ,FID 202467104,***Redacted***,"05/28/2026, 11:23:32 AM UTC",lookup - Mobile,,
8f7eab15-72ab-48a1-8ad3-be0c2abfb0bf,Enrique Hogan,Bibb County SO GA,729,"05/14/2026, 11:23:48 AM UTC
05/28/2026, 11:23:48 AM UTC",***Redacted***,Wanted Person (Arrest Warrant/Fugitive) - ,FID  11295681,***Redacted***,"05/28/2026, 11:23:50 AM UTC",lookup - Mobile,,
d22cd4d6-8d58-441d-b627-40a0052ce4bc,Enrique Hogan,Bibb County SO GA,729,"05/14/2026, 11:28:12 AM UTC
05/28/2026, 11:28:12 AM UTC",***Redacted***,Wanted Person (Arrest Warrant/Fugitive) - ,FID  11295681,***Redacted***,"05/28/2026, 11:28:15 AM UTC",lookup - Mobile,,
1622da36-7f32-47de-a53a-2199dcee5f57,Enrique Hogan,Bibb County SO GA,729,"05/14/2026, 11:29:01 AM UTC
05/28/2026, 11:29:01 AM UTC",***Redacted***,Wanted Person (Arrest Warrant/Fugitive) - ,FID  11295681,***Redacted***,"05/28/2026, 11:29:03 AM UTC",lookup - Mobile,,
0fd18877-303d-4c90-8fe9-3b749388a9e6,Enrique Hogan,Bibb County SO GA,729,"05/14/2026, 11:33:57 AM UTC
05/28/2026, 11:33:57 AM UTC",***Redacted***,Wanted Person (Arrest Warrant/Fugitive) - ,FID  11295681,***Redacted***,"05/28/2026, 11:33:58 AM UTC",lookup - Mobile,,
b792331c-9fde-4e14-862b-1f58ed0c335a,Enrique Hogan,Bibb County SO GA,729,"05/14/2026, 11:34:50 AM UTC
05/28/2026, 11:34:50 AM UTC",***Redacted***,Wanted Person (Arrest Warrant/Fugitive) - ,FID  11295681,***Redacted***,"05/28/2026, 11:34:51 AM UTC",lookup - Mobile,,
2cc770ef-f615-4b42-815e-b4ca4fa7551c,Enrique Hogan,Bibb County SO GA,729,"05/14/2026, 11:35:01 AM UTC
05/28/2026, 11:35:01 AM UTC",***Redacted***,Wanted Person (Arrest Warrant/Fugitive) - ,FID  11295681,***Redacted***,"05/28/2026, 11:35:02 AM UTC",lookup - Mobile,,
9d0c70d1-8f5a-4e6c-9946-d59ab2f4ded6,Enrique Hogan,Bibb County SO GA,729,"05/14/2026, 11:42:57 AM UTC
05/28/2026, 11:42:57 AM UTC",***Redacted***,Wanted Person (Arrest Warrant/Fugitive) - ,FID  11295681,***Redacted***,"05/28/2026, 11:42:59 AM UTC",lookup - Mobile,,
ff588417-482c-4162-a9ed-15919708b975,Seth Vonderhuevel,Bibb County SO GA,1355,"05/27/2026, 11:47:31 AM UTC
05/28/2026, 11:47:31 AM UTC",***Redacted***,Wanted Person (Arrest Warrant/Fugitive) - ,26-42333,***Redacted***,"05/28/2026, 11:47:33 AM UTC",lookup - Mobile,,
2397ed95-7467-49c3-856b-e5e286abc7ce,Seth Vonderhuevel,Bibb County SO GA,1355,"05/27/2026, 11:47:43 AM UTC
05/28/2026, 11:47:43 AM UTC",***Redacted***,Wanted Person (Arrest Warrant/Fugitive) - ,26-42333,***Redacted***,"05/28/2026, 11:47:44 AM UTC",lookup - Mobile,,
455a4ced-bba0-403e-875f-5f595b94f92d,Seth Vonderhuevel,Bibb County SO GA,1355,"05/21/2026, 11:47:45 AM UTC
05/28/2026, 11:47:45 AM UTC",***Redacted***,Wanted Person (Arrest Warrant/Fugitive) - ,26-42333,***Redacted***,"05/28/2026, 11:47:47 AM UTC",lookup - Mobile,,
be1c7a56-6425-42f1-b691-cf4135cc6e6b,Seth Vonderhuevel,Bibb County SO GA,1355,"05/14/2026, 11:47:48 AM UTC
05/28/2026, 11:47:48 AM UTC",***Redacted***,Wanted Person (Arrest Warrant/Fugitive) - ,26-42333,***Redacted***,"05/28/2026, 11:47:49 AM UTC",lookup - Mobile,,
9322fd35-947c-4f69-a134-dd9079c9d5a4,Seth Vonderhuevel,Bibb County SO GA,1355,"04/28/2026, 11:47:51 AM UTC
05/28/2026, 11:47:51 AM UTC",***Redacted***,Wanted Person (Arrest Warrant/Fugitive) - ,26-42333,***Redacted***,"05/28/2026, 11:47:52 AM UTC",lookup - Mobile,,
6e142e28-9f8f-4a04-be52-99e1093a8be6,Enrique Hogan,Bibb County SO GA,729,"05/14/2026, 02:14:52 PM UTC
05/28/2026, 02:14:52 PM UTC",***Redacted***,Wanted Person (Arrest Warrant/Fugitive) - ,FID  11295681,***Redacted***,"05/28/2026, 02:14:54 PM UTC",lookup - Mobile,,
a273fde6-e9fa-4546-b106-d1b777581c6a,Alex Fletcher,Bibb County SO GA,1424,"05/27/2026, 02:30:11 PM UTC
05/28/2026, 02:30:11 PM UTC",***Redacted***,Drugs/Narcotics - ,2025-78977,***Redacted***,"05/28/2026, 02:21:37 PM UTC",lookup,,
4a224633-c4fe-4170-b83a-414fc611d6af,Alex Fletcher,Bibb County SO GA,1424,"05/27/2026, 02:30:11 PM UTC
05/28/2026, 02:30:11 PM UTC",***Redacted***,Drugs/Narcotics - ,2025-78977,***Redacted***,"05/28/2026, 02:27:28 PM UTC",lookup,,
aed16479-b5b9-41c8-91b3-9f7e7019f16a,Justin Edwards,Bibb County SO GA,3,"05/27/2026, 02:30:01 PM UTC
05/28/2026, 02:30:01 PM UTC",***Redacted***,"Assault/Battery Offenses, Homicide/Death Investigation - ",2024-67104,***Redacted***,"05/28/2026, 02:30:05 PM UTC",search - Mobile,,
19fe3667-c248-40d5-9811-ba88c1fa90ad,Enrique Hogan,Bibb County SO GA,729,"05/14/2026, 02:37:32 PM UTC
05/28/2026, 02:37:32 PM UTC",***Redacted***,Wanted Person (Arrest Warrant/Fugitive) - ,FID  11295681,***Redacted***,"05/28/2026, 02:37:34 PM UTC",lookup - Mobile,,
e96af044-3e88-4b18-83c4-239a71136831,Alex Fletcher,Bibb County SO GA,1424,"05/27/2026, 02:30:11 PM UTC
05/28/2026, 02:30:11 PM UTC",***Redacted***,Drugs/Narcotics - ,2025-78977,***Redacted***,"05/28/2026, 02:39:46 PM UTC",lookup,,
7c75e7aa-e26f-47d4-a880-13df64b50d5f,Jonathan Hubbard,Bibb County SO GA,10,"05/27/2026, 02:45:21 PM UTC
05/28/2026, 02:45:21 PM UTC",***Redacted***,Traffic Infraction - ,26,***Redacted***,"05/28/2026, 02:45:24 PM UTC",search - Mobile,,
dd55b617-e265-4988-b94f-f46888871b84,Jonathan Hubbard,Bibb County SO GA,10,"05/27/2026, 02:46:17 PM UTC
05/28/2026, 02:46:17 PM UTC",***Redacted***,Traffic Infraction - ,26,***Redacted***,"05/28/2026, 02:46:21 PM UTC",search - Mobile,,
0e3f7b76-b5c5-45ff-9804-2b7942841598,Jonathan Hubbard,Bibb County SO GA,10,"05/27/2026, 02:46:48 PM UTC
05/28/2026, 02:46:48 PM UTC",***Redacted***,Traffic Infraction - ,26,***Redacted***,"05/28/2026, 02:46:52 PM UTC",search - Mobile,,
9455bde2-7fae-4ff5-91b3-183b5af710cb,Jonathan Hubbard,Bibb County SO GA,10,"05/27/2026, 02:47:30 PM UTC
05/28/2026, 02:47:30 PM UTC",***Redacted***,Traffic Infraction - ,26,***Redacted***,"05/28/2026, 02:47:30 PM UTC",lookup - Mobile,,
3ac98a4d-3776-49eb-be2e-839d97b4e9dc,Jonathan Hubbard,Bibb County SO GA,10,"05/27/2026, 02:47:36 PM UTC
05/28/2026, 02:47:36 PM UTC",***Redacted***,Traffic Infraction - ,26,***Redacted***,"05/28/2026, 02:47:37 PM UTC",lookup - Mobile,,
49c1e184-7d8c-4de3-8622-7548c53e7896,Jonathan Hubbard,Bibb County SO GA,10,"05/21/2026, 02:47:39 PM UTC
05/28/2026, 02:47:39 PM UTC",***Redacted***,Traffic Infraction - ,26,***Redacted***,"05/28/2026, 02:47:40 PM UTC",lookup - Mobile,,
2e652bae-f05b-4ef8-a6f3-faf93cc30b12,Jonathan Hubbard,Bibb County SO GA,10,"05/27/2026, 02:47:57 PM UTC
05/28/2026, 02:47:57 PM UTC",***Redacted***,Traffic Infraction - ,26,***Redacted***,"05/28/2026, 02:47:57 PM UTC",lookup - Mobile,,
1a8d840f-d50f-412d-8dd4-5de18c7e415c,Jonathan Hubbard,Bibb County SO GA,10,"05/27/2026, 02:48:04 PM UTC
05/28/2026, 02:48:04 PM UTC",***Redacted***,Traffic Infraction - ,26,***Redacted***,"05/28/2026, 02:48:05 PM UTC",lookup - Mobile,,
d6968728-c77d-46ad-9a44-37f69070898e,Jonathan Hubbard,Bibb County SO GA,10,"05/21/2026, 02:48:06 PM UTC
05/28/2026, 02:48:06 PM UTC",***Redacted***,Traffic Infraction - ,26,***Redacted***,"05/28/2026, 02:48:08 PM UTC",lookup - Mobile,,
2b24cb96-4ef9-40d3-81b7-2d3e03aebc5e,Alex Fletcher,Bibb County SO GA,1424,"05/27/2026, 02:30:11 PM UTC
05/28/2026, 02:30:11 PM UTC",***Redacted***,Drugs/Narcotics - ,2025-78977,***Redacted***,"05/28/2026, 02:48:14 PM UTC",lookup,,
45f19a85-dbaf-419d-a1f3-dafa2a3f6676,Jonathan Hubbard,Bibb County SO GA,10,"05/27/2026, 02:48:50 PM UTC
05/28/2026, 02:48:50 PM UTC",***Redacted***,Traffic Infraction - ,26,***Redacted***,"05/28/2026, 02:48:52 PM UTC",search - Mobile,,
3b1b296d-81e7-40c2-9441-89da9c3cba8a,Jonathan Hubbard,Bibb County SO GA,10,"05/27/2026, 02:49:10 PM UTC
05/28/2026, 02:49:10 PM UTC",***Redacted***,Traffic Infraction - ,26,***Redacted***,"05/28/2026, 02:49:11 PM UTC",search - Mobile,,
2a5753b4-a7ce-4ab4-98e3-2984b21b59d1,Jonathan Hubbard,Bibb County SO GA,10,"05/27/2026, 02:49:17 PM UTC
05/28/2026, 02:49:17 PM UTC",***Redacted***,Traffic Infraction - ,26,***Redacted***,"05/28/2026, 02:49:19 PM UTC",search - Mobile,,
5a7918f2-a0a9-459b-8cb3-413dc84c2fdd,Alex Fletcher,Bibb County SO GA,1424,"05/27/2026, 02:30:11 PM UTC
05/28/2026, 02:30:11 PM UTC",***Redacted***,Drugs/Narcotics - ,2025-78977,***Redacted***,"05/28/2026, 03:29:57 PM UTC",lookup,,
1fc1902f-9dc0-4beb-9c70-ff5664b77acd,Justin Edwards,Bibb County SO GA,3,"05/21/2026, 03:31:44 PM UTC
05/28/2026, 03:31:44 PM UTC",***Redacted***,"Assault/Battery Offenses, Homicide/Death Investigation - ",2024-67104,***Redacted***,"05/28/2026, 03:31:46 PM UTC",lookup - Mobile,,
90c51ba5-84d8-4fa7-ab9a-e2040ce76b3b,Josh Cravey,Bibb County SO GA,729,"05/27/2026, 03:32:31 PM UTC
05/28/2026, 03:32:31 PM UTC",***Redacted***,Assault/Battery Offenses - ,25-9999,***Redacted***,"05/28/2026, 03:32:31 PM UTC",lookup - Mobile,,
a0981e8e-e0ae-42bd-95b2-fca5ceb4f838,Justin Edwards,Bibb County SO GA,3,"05/21/2026, 03:32:31 PM UTC
05/28/2026, 03:32:31 PM UTC",***Redacted***,"Assault/Battery Offenses, Homicide/Death Investigation - ",2024-67104,***Redacted***,"05/28/2026, 03:32:33 PM UTC",lookup - Mobile,,
f71cf584-ec9d-42d4-bae8-9530b28188ab,Justin Edwards,Bibb County SO GA,3,"05/21/2026, 03:32:57 PM UTC
05/28/2026, 03:32:57 PM UTC",***Redacted***,"Assault/Battery Offenses, Homicide/Death Investigation - ",2024-67104,***Redacted***,"05/28/2026, 03:32:58 PM UTC",lookup - Mobile,,
bc4efe0f-2069-43fc-afd3-4287021a3482,Justin Edwards,Bibb County SO GA,3,"05/21/2026, 03:33:01 PM UTC
05/28/2026, 03:33:01 PM UTC",***Redacted***,"Assault/Battery Offenses, Homicide/Death Investigation - ",2024-67104,***Redacted***,"05/28/2026, 03:33:02 PM UTC",lookup - Mobile,,
21361adb-2a50-45b1-8d97-97df4096c942,Alex Fletcher,Bibb County SO GA,1424,"05/27/2026, 02:30:11 PM UTC
05/28/2026, 02:30:11 PM UTC",***Redacted***,Drugs/Narcotics - ,2025-78977,***Redacted***,"05/28/2026, 03:33:12 PM UTC",lookup,,
a1170ae3-6357-4cd4-af0a-2ce37fa7523f,Justin Edwards,Bibb County SO GA,3,"05/21/2026, 03:33:16 PM UTC
05/28/2026, 03:33:16 PM UTC",***Redacted***,"Assault/Battery Offenses, Homicide/Death Investigation - ",2024-67104,***Redacted***,"05/28/2026, 03:33:18 PM UTC",lookup - Mobile,,
d2fb9b5e-7de9-4b3a-aa41-52e3970c80fb,Alex Fletcher,Bibb County SO GA,1424,"05/27/2026, 02:30:11 PM UTC
05/28/2026, 02:30:11 PM UTC",***Redacted***,Drugs/Narcotics - ,2025-78977,***Redacted***,"05/28/2026, 03:33:20 PM UTC",lookup,,
cc640a36-eae8-45fc-9aa4-5a38f3d6d49f,Justin Edwards,Bibb County SO GA,3,"05/21/2026, 03:33:19 PM UTC
05/28/2026, 03:33:19 PM UTC",***Redacted***,"Assault/Battery Offenses, Homicide/Death Investigation - ",2024-67104,***Redacted***,"05/28/2026, 03:33:20 PM UTC",lookup - Mobile,,
971241f0-52db-4d2f-b807-3219813be7a2,Justin Edwards,Bibb County SO GA,3,"05/21/2026, 03:33:22 PM UTC
05/28/2026, 03:33:22 PM UTC",***Redacted***,"Assault/Battery Offenses, Homicide/Death Investigation - ",2024-67104,***Redacted***,"05/28/2026, 03:33:24 PM UTC",lookup - Mobile,,
5bef32e5-754c-4173-909a-b7d08929726f,Alex Fletcher,Bibb County SO GA,1424,"05/27/2026, 02:30:11 PM UTC
05/28/2026, 02:30:11 PM UTC",***Redacted***,Drugs/Narcotics - ,2025-78977,***Redacted***,"05/28/2026, 03:33:31 PM UTC",lookup,,
78b9fde3-40a1-4ccb-a949-b9c5e8c89057,Josh Cravey,Bibb County SO GA,729,"05/27/2026, 03:34:03 PM UTC
05/28/2026, 03:34:03 PM UTC",***Redacted***,Assault/Battery Offenses - ,25-9999,***Redacted***,"05/28/2026, 03:34:02 PM UTC",lookup - Mobile,,
fc38d760-4ef6-4fea-9f26-056d38aeba16,Josh Cravey,Bibb County SO GA,729,"05/27/2026, 03:34:14 PM UTC
05/28/2026, 03:34:14 PM UTC",***Redacted***,Assault/Battery Offenses - ,25-9999,***Redacted***,"05/28/2026, 03:34:24 PM UTC",lookup - Mobile,,
5a9ccc88-c85f-429a-a200-951aeb2051ff,Jonathan Hubbard,Bibb County SO GA,11,"05/27/2026, 03:34:27 PM UTC
05/28/2026, 03:34:27 PM UTC",***Redacted***,Wanted Person (Arrest Warrant/Fugitive) - ,26,***Redacted***,"05/28/2026, 03:34:27 PM UTC",search - Mobile,,
fb651f1e-a341-452c-9624-25acba415f9f,Justin Edwards,Bibb County SO GA,3,"05/21/2026, 03:34:30 PM UTC
05/28/2026, 03:34:30 PM UTC",***Redacted***,"Assault/Battery Offenses, Homicide/Death Investigation - ",2024-67104,***Redacted***,"05/28/2026, 03:34:30 PM UTC",lookup - Mobile,,
621932d2-c31a-422f-9ab9-c6158025e472,Jonathan Hubbard,Bibb County SO GA,11,"05/27/2026, 03:34:38 PM UTC
05/28/2026, 03:34:38 PM UTC",***Redacted***,Wanted Person (Arrest Warrant/Fugitive) - ,26,***Redacted***,"05/28/2026, 03:34:39 PM UTC",search - Mobile,,
8a0620e4-a3e0-423d-8ec7-9033056b2c3b,Josh Cravey,Bibb County SO GA,729,"05/27/2026, 03:35:06 PM UTC
05/28/2026, 03:35:06 PM UTC",***Redacted***,Assault/Battery Offenses - ,25-9999,***Redacted***,"05/28/2026, 03:35:07 PM UTC",lookup - Mobile,,
0b6ca12a-8e11-44ec-b1d0-b9cc82446b24,Enrique Hogan,Bibb County SO GA,729,"05/14/2026, 03:35:11 PM UTC
05/28/2026, 03:35:11 PM UTC",***Redacted***,Wanted Person (Arrest Warrant/Fugitive) - ,FID  11295681,***Redacted***,"05/28/2026, 03:35:13 PM UTC",lookup - Mobile,,
396cc9e0-12a6-4d8f-b434-6c2c8a1e6a06,Josh Cravey,Bibb County SO GA,729,"05/27/2026, 03:35:18 PM UTC
05/28/2026, 03:35:18 PM UTC",***Redacted***,Assault/Battery Offenses - ,25-9999,***Redacted***,"05/28/2026, 03:35:19 PM UTC",lookup - Mobile,,
f1fe5d72-3e3f-4d2b-8ffd-81ebd6a76e6b,Josh Cravey,Bibb County SO GA,729,"05/27/2026, 03:35:31 PM UTC
05/28/2026, 03:35:31 PM UTC",***Redacted***,Assault/Battery Offenses - ,25-9999,***Redacted***,"05/28/2026, 03:35:30 PM UTC",lookup - Mobile,,
6c85ec91-fce5-422f-97ef-268052e7401c,Kirsten Davella,Bibb County SO GA,1510,"05/14/2026, 04:00:07 PM UTC
05/28/2026, 04:00:07 PM UTC",***Redacted***,Wanted Person (Arrest Warrant/Fugitive) - ,Operation Safe Streets,***Redacted***,"05/28/2026, 03:37:08 PM UTC",lookup,,
2aec1b97-2fb4-47aa-a7d3-fd4ef181edc5,Justin Edwards,Bibb County SO GA,3,"05/21/2026, 03:39:53 PM UTC
05/28/2026, 03:39:53 PM UTC",***Redacted***,"Assault/Battery Offenses, Homicide/Death Investigation - ",2024-67104,***Redacted***,"05/28/2026, 03:39:54 PM UTC",lookup - Mobile,,
48a0bde3-5987-404b-ac69-51257301e771,Justin Edwards,Bibb County SO GA,3,"05/21/2026, 03:39:56 PM UTC
05/28/2026, 03:39:56 PM UTC",***Redacted***,"Assault/Battery Offenses, Homicide/Death Investigation - ",2024-67104,***Redacted***,"05/28/2026, 03:39:58 PM UTC",lookup - Mobile,,
974841f1-8c6e-4404-9cf7-23924253da83,Justin Edwards,Bibb County SO GA,3,"05/21/2026, 03:40:36 PM UTC
05/28/2026, 03:40:36 PM UTC",***Redacted***,"Assault/Battery Offenses, Homicide/Death Investigation - ",2024-67104,***Redacted***,"05/28/2026, 03:40:37 PM UTC",lookup - Mobile,,
58a49804-6d4e-4329-b884-b43246fefc05,Justin Edwards,Bibb County SO GA,3,"05/21/2026, 03:41:05 PM UTC
05/28/2026, 03:41:05 PM UTC",***Redacted***,"Assault/Battery Offenses, Homicide/Death Investigation - ",2024-67104,***Redacted***,"05/28/2026, 03:41:07 PM UTC",lookup - Mobile,,
b5cd6f63-e4fe-4c44-88eb-91eab673c326,Justin Edwards,Bibb County SO GA,3,"05/21/2026, 03:41:09 PM UTC
05/28/2026, 03:41:09 PM UTC",***Redacted***,"Assault/Battery Offenses, Homicide/Death Investigation - ",2024-67104,***Redacted***,"05/28/2026, 03:41:11 PM UTC",lookup - Mobile,,
fe053d06-33b1-44ea-868a-e1ed2f8fd6a6,Justin Edwards,Bibb County SO GA,3,"05/21/2026, 03:41:13 PM UTC
05/28/2026, 03:41:13 PM UTC",***Redacted***,"Assault/Battery Offenses, Homicide/Death Investigation - ",2024-67104,***Redacted***,"05/28/2026, 03:41:14 PM UTC",lookup - Mobile,,
400ddbbf-23c7-4cfe-87f8-dda92181d65c,Justin Edwards,Bibb County SO GA,3,"05/21/2026, 03:41:30 PM UTC
05/28/2026, 03:41:30 PM UTC",***Redacted***,"Assault/Battery Offenses, Homicide/Death Investigation - ",2024-67104,***Redacted***,"05/28/2026, 03:41:31 PM UTC",lookup - Mobile,,
4adcdc7f-99a5-4f80-b6f5-33ab6727494f,Josh Cravey,Bibb County SO GA,729,"05/27/2026, 03:42:15 PM UTC
05/28/2026, 03:42:15 PM UTC",***Redacted***,Assault/Battery Offenses - ,25-9999,***Redacted***,"05/28/2026, 03:42:14 PM UTC",lookup - Mobile,,
ccec5cf6-d20b-4801-9760-0d15c1518378,Josh Cravey,Bibb County SO GA,729,"05/27/2026, 03:42:23 PM UTC
05/28/2026, 03:42:23 PM UTC",***Redacted***,Assault/Battery Offenses - ,25-9999,***Redacted***,"05/28/2026, 03:42:22 PM UTC",lookup - Mobile,,
61b550dc-8f2c-4d5a-9c82-e806226fb86e,Justin Edwards,Bibb County SO GA,3,"05/21/2026, 03:42:25 PM UTC
05/28/2026, 03:42:25 PM UTC",***Redacted***,"Assault/Battery Offenses, Homicide/Death Investigation - ",2024-67104,***Redacted***,"05/28/2026, 03:42:26 PM UTC",lookup - Mobile,,
7f32b179-7054-4737-a9d6-90d23ffb8276,Josh Cravey,Bibb County SO GA,729,"05/27/2026, 03:42:28 PM UTC
05/28/2026, 03:42:28 PM UTC",***Redacted***,Assault/Battery Offenses - ,25-9999,***Redacted***,"05/28/2026, 03:42:26 PM UTC",lookup - Mobile,,
d020590b-887a-40b6-b048-ff64bb43d28c,Justin Edwards,Bibb County SO GA,3,"05/21/2026, 03:42:28 PM UTC
05/28/2026, 03:42:28 PM UTC",***Redacted***,"Assault/Battery Offenses, Homicide/Death Investigation - ",2024-67104,***Redacted***,"05/28/2026, 03:42:29 PM UTC",lookup - Mobile,,
ccdb6905-126a-47f3-b790-9373ded0e4d4,Josh Cravey,Bibb County SO GA,729,"05/27/2026, 03:42:31 PM UTC
05/28/2026, 03:42:31 PM UTC",***Redacted***,Assault/Battery Offenses - ,25-9999,***Redacted***,"05/28/2026, 03:42:31 PM UTC",lookup - Mobile,,
ae4f5aa0-d9a0-485c-8dbf-456b5a918b04,Justin Edwards,Bibb County SO GA,3,"05/21/2026, 03:42:33 PM UTC
05/28/2026, 03:42:33 PM UTC",***Redacted***,"Assault/Battery Offenses, Homicide/Death Investigation - ",2024-67104,***Redacted***,"05/28/2026, 03:42:34 PM UTC",lookup - Mobile,,
d1a8efb8-b663-4205-a0d6-f4eaed4a0a70,Justin Edwards,Bibb County SO GA,3,"05/21/2026, 03:42:38 PM UTC
05/28/2026, 03:42:38 PM UTC",***Redacted***,"Assault/Battery Offenses, Homicide/Death Investigation - ",2024-67104,***Redacted***,"05/28/2026, 03:42:39 PM UTC",lookup - Mobile,,
db79c2b6-c9de-4d07-ad62-8a966f3a0224,Josh Cravey,Bibb County SO GA,729,"05/27/2026, 03:42:48 PM UTC
05/28/2026, 03:42:48 PM UTC",***Redacted***,Assault/Battery Offenses - ,25-9999,***Redacted***,"05/28/2026, 03:42:47 PM UTC",lookup - Mobile,,
7022b36f-69e0-4aee-9b80-ca914f9e275c,Justin Edwards,Bibb County SO GA,3,"05/21/2026, 03:42:48 PM UTC
05/28/2026, 03:42:48 PM UTC",***Redacted***,"Assault/Battery Offenses, Homicide/Death Investigation - ",2024-67104,***Redacted***,"05/28/2026, 03:42:49 PM UTC",lookup - Mobile,,
470bcc42-2c89-45ef-8dcf-301f3094c05c,Justin Edwards,Bibb County SO GA,3,"05/21/2026, 03:42:51 PM UTC
05/28/2026, 03:42:51 PM UTC",***Redacted***,"Assault/Battery Offenses, Homicide/Death Investigation - ",2024-67104,***Redacted***,"05/28/2026, 03:42:52 PM UTC",lookup - Mobile,,
2db15b87-98e8-44fd-8b7c-5eaa621ed752,Josh Cravey,Bibb County SO GA,729,"05/27/2026, 03:43:01 PM UTC
05/28/2026, 03:43:01 PM UTC",***Redacted***,Assault/Battery Offenses - ,25-9999,***Redacted***,"05/28/2026, 03:42:59 PM UTC",lookup - Mobile,,
283f22ea-bc01-461f-a9b1-7ed54ded2c3a,Justin Edwards,Bibb County SO GA,3,"05/21/2026, 03:43:10 PM UTC
05/28/2026, 03:43:10 PM UTC",***Redacted***,"Assault/Battery Offenses, Homicide/Death Investigation - ",2024-67104,***Redacted***,"05/28/2026, 03:43:10 PM UTC",lookup - Mobile,,
b3a72880-b305-45d7-a470-1049873d8dd2,Josh Cravey,Bibb County SO GA,729,"05/27/2026, 03:43:12 PM UTC
05/28/2026, 03:43:12 PM UTC",***Redacted***,Assault/Battery Offenses - ,25-9999,***Redacted***,"05/28/2026, 03:43:11 PM UTC",lookup - Mobile,,
0a079403-e6a1-45e3-bc22-e2f0065c9255,Justin Edwards,Bibb County SO GA,3,"05/21/2026, 03:43:12 PM UTC
05/28/2026, 03:43:12 PM UTC",***Redacted***,"Assault/Battery Offenses, Homicide/Death Investigation - ",2024-67104,***Redacted***,"05/28/2026, 03:43:13 PM UTC",lookup - Mobile,,
a6a93ffb-f3ac-4e11-a7ec-44861f461372,Josh Cravey,Bibb County SO GA,729,"05/27/2026, 03:43:24 PM UTC
05/28/2026, 03:43:24 PM UTC",***Redacted***,Assault/Battery Offenses - ,25-9999,***Redacted***,"05/28/2026, 03:43:22 PM UTC",lookup - Mobile,,
f83e0a4a-ab28-4df8-b88f-7a1054caae28,Justin Edwards,Bibb County SO GA,3,"05/21/2026, 03:43:26 PM UTC
05/28/2026, 03:43:26 PM UTC",***Redacted***,"Assault/Battery Offenses, Homicide/Death Investigation - ",2024-67104,***Redacted***,"05/28/2026, 03:43:28 PM UTC",lookup - Mobile,,
821fdf2e-e573-41d3-8459-d821ba4625d4,Josh Cravey,Bibb County SO GA,729,"05/27/2026, 03:43:31 PM UTC
05/28/2026, 03:43:31 PM UTC",***Redacted***,Assault/Battery Offenses - ,25-9999,***Redacted***,"05/28/2026, 03:43:29 PM UTC",lookup - Mobile,,
294f3f2b-bc32-465b-b806-5aec6353cac8,Justin Edwards,Bibb County SO GA,3,"05/21/2026, 03:43:51 PM UTC
05/28/2026, 03:43:51 PM UTC",***Redacted***,"Assault/Battery Offenses, Homicide/Death Investigation - ",2024-67104,***Redacted***,"05/28/2026, 03:43:51 PM UTC",lookup - Mobile,,
787c19cb-5129-402c-bbff-44c46c90c0ba,Josh Cravey,Bibb County SO GA,729,"05/27/2026, 03:43:55 PM UTC
05/28/2026, 03:43:55 PM UTC",***Redacted***,Assault/Battery Offenses - ,25-9999,***Redacted***,"05/28/2026, 03:43:53 PM UTC",lookup - Mobile,,
7349538e-d325-4005-8f2d-874590c94ca7,Justin Edwards,Bibb County SO GA,3,"05/21/2026, 03:44:00 PM UTC
05/28/2026, 03:44:00 PM UTC",***Redacted***,"Assault/Battery Offenses, Homicide/Death Investigation - ",2024-67104,***Redacted***,"05/28/2026, 03:44:04 PM UTC",lookup - Mobile,,
c011deb5-e2be-4ab4-9e91-784766e816d3,Josh Cravey,Bibb County SO GA,729,"05/27/2026, 03:44:05 PM UTC
05/28/2026, 03:44:05 PM UTC",***Redacted***,Assault/Battery Offenses - ,25-9999,***Redacted***,"05/28/2026, 03:44:04 PM UTC",lookup - Mobile,,
41e5cfc4-bdd9-4423-9a80-c25c751c4e5b,Justin Edwards,Bibb County SO GA,3,"05/21/2026, 03:44:08 PM UTC
05/28/2026, 03:44:08 PM UTC",***Redacted***,"Assault/Battery Offenses, Homicide/Death Investigation - ",2024-67104,***Redacted***,"05/28/2026, 03:44:09 PM UTC",lookup - Mobile,,
c393e43f-1cf3-4004-b450-6bf363a1a7b6,Josh Cravey,Bibb County SO GA,729,"05/27/2026, 03:44:12 PM UTC
05/28/2026, 03:44:12 PM UTC",***Redacted***,Assault/Battery Offenses - ,25-9999,***Redacted***,"05/28/2026, 03:44:11 PM UTC",lookup - Mobile,,
2588e8d8-71e4-4e8c-bd2c-818f26a483be,Justin Edwards,Bibb County SO GA,3,"05/21/2026, 03:44:11 PM UTC
05/28/2026, 03:44:11 PM UTC",***Redacted***,"Assault/Battery Offenses, Homicide/Death Investigation - ",2024-67104,***Redacted***,"05/28/2026, 03:44:12 PM UTC",lookup - Mobile,,
cd679e51-b383-4053-b7f8-804aea87c356,Justin Edwards,Bibb County SO GA,3,"05/21/2026, 03:44:14 PM UTC
05/28/2026, 03:44:14 PM UTC",***Redacted***,"Assault/Battery Offenses, Homicide/Death Investigation - ",2024-67104,***Redacted***,"05/28/2026, 03:44:15 PM UTC",lookup - Mobile,,
81de34de-0c7b-48e9-97ab-ef56b3c33fbd,Josh Cravey,Bibb County SO GA,729,"05/27/2026, 03:44:19 PM UTC
05/28/2026, 03:44:19 PM UTC",***Redacted***,Assault/Battery Offenses - ,25-9999,***Redacted***,"05/28/2026, 03:44:17 PM UTC",lookup - Mobile,,
ab98b582-452b-4e52-8acb-530c8aa39302,Justin Edwards,Bibb County SO GA,3,"05/21/2026, 03:44:23 PM UTC
05/28/2026, 03:44:23 PM UTC",***Redacted***,"Assault/Battery Offenses, Homicide/Death Investigation - ",2024-67104,***Redacted***,"05/28/2026, 03:44:24 PM UTC",lookup - Mobile,,
7c36afd0-43b0-4fc8-87ab-3b601a334c98,Justin Edwards,Bibb County SO GA,3,"05/21/2026, 03:44:27 PM UTC
05/28/2026, 03:44:27 PM UTC",***Redacted***,"Assault/Battery Offenses, Homicide/Death Investigation - ",2024-67104,***Redacted***,"05/28/2026, 03:44:30 PM UTC",lookup - Mobile,,
c1f904f4-ba13-4c84-abfd-a1f84ff11d21,Josh Cravey,Bibb County SO GA,729,"05/27/2026, 03:44:33 PM UTC
05/28/2026, 03:44:33 PM UTC",***Redacted***,Assault/Battery Offenses - ,25-9999,***Redacted***,"05/28/2026, 03:44:32 PM UTC",lookup - Mobile,,
e75f89c5-33dd-4df5-b5d8-ce34d75ab77b,Josh Cravey,Bibb County SO GA,729,"05/27/2026, 03:44:36 PM UTC
05/28/2026, 03:44:36 PM UTC",***Redacted***,Assault/Battery Offenses - ,25-9999,***Redacted***,"05/28/2026, 03:44:35 PM UTC",lookup - Mobile,,
d4f63c81-8e3e-43b7-b036-577882fa29a1,Josh Cravey,Bibb County SO GA,729,"05/27/2026, 03:44:39 PM UTC
05/28/2026, 03:44:39 PM UTC",***Redacted***,Assault/Battery Offenses - ,25-9999,***Redacted***,"05/28/2026, 03:44:38 PM UTC",lookup - Mobile,,
a78e58e7-3b09-4a56-8b0b-41a2ca94c880,Josh Cravey,Bibb County SO GA,729,"05/27/2026, 03:44:57 PM UTC
05/28/2026, 03:44:57 PM UTC",***Redacted***,Assault/Battery Offenses - ,25-9999,***Redacted***,"05/28/2026, 03:44:55 PM UTC",lookup - Mobile,,
f3f9d714-01c2-4d15-8f9e-8be135e317c8,Josh Cravey,Bibb County SO GA,729,"05/27/2026, 03:45:08 PM UTC
05/28/2026, 03:45:08 PM UTC",***Redacted***,Assault/Battery Offenses - ,25-9999,***Redacted***,"05/28/2026, 03:45:06 PM UTC",lookup - Mobile,,
263c12c2-db82-4693-b3a6-c642f8e85839,Josh Cravey,Bibb County SO GA,729,"05/27/2026, 03:45:10 PM UTC
05/28/2026, 03:45:10 PM UTC",***Redacted***,Assault/Battery Offenses - ,25-9999,***Redacted***,"05/28/2026, 03:45:10 PM UTC",lookup - Mobile,,
1aecf703-a0ed-4f2e-a51c-a7fff874fe63,Josh Cravey,Bibb County SO GA,729,"05/27/2026, 03:45:31 PM UTC
05/28/2026, 03:45:31 PM UTC",***Redacted***,Assault/Battery Offenses - ,25-9999,***Redacted***,"05/28/2026, 03:45:30 PM UTC",lookup - Mobile,,
f2de905f-2a12-49bd-bbfd-86f93eafe72c,Enrique Hogan,Bibb County SO GA,729,"05/14/2026, 03:45:40 PM UTC
05/28/2026, 03:45:40 PM UTC",***Redacted***,Wanted Person (Arrest Warrant/Fugitive) - ,FID  11295681,***Redacted***,"05/28/2026, 03:45:42 PM UTC",lookup - Mobile,,
de362597-4989-4549-9926-49e24bfb676a,Josh Cravey,Bibb County SO GA,729,"05/27/2026, 03:45:45 PM UTC
05/28/2026, 03:45:45 PM UTC",***Redacted***,Assault/Battery Offenses - ,25-9999,***Redacted***,"05/28/2026, 03:45:44 PM UTC",lookup - Mobile,,
fcec49f1-6ffc-4c0f-a72d-7d9627829cdd,Josh Cravey,Bibb County SO GA,729,"05/27/2026, 03:46:00 PM UTC
05/28/2026, 03:46:00 PM UTC",***Redacted***,Assault/Battery Offenses - ,25-9999,***Redacted***,"05/28/2026, 03:45:58 PM UTC",lookup - Mobile,,
b104c5e5-a84c-43d8-a175-23be4fa63d78,Justin Edwards,Bibb County SO GA,3,"05/21/2026, 03:46:05 PM UTC
05/28/2026, 03:46:05 PM UTC",***Redacted***,"Assault/Battery Offenses, Homicide/Death Investigation - ",2024-67104,***Redacted***,"05/28/2026, 03:46:07 PM UTC",lookup - Mobile,,
a673ba6d-3933-4f69-8aa5-5e921d68e33e,Justin Edwards,Bibb County SO GA,3,"05/21/2026, 03:46:11 PM UTC
05/28/2026, 03:46:11 PM UTC",***Redacted***,"Assault/Battery Offenses, Homicide/Death Investigation - ",2024-67104,***Redacted***,"05/28/2026, 03:46:14 PM UTC",lookup - Mobile,,
001a4d75-6f1d-4da8-a53a-67d760011106,Josh Cravey,Bibb County SO GA,729,"05/27/2026, 03:46:15 PM UTC
05/28/2026, 03:46:15 PM UTC",***Redacted***,Assault/Battery Offenses - ,25-9999,***Redacted***,"05/28/2026, 03:46:14 PM UTC",lookup - Mobile,,
6e27bf56-5744-4c01-bb0e-0ee2c0897047,Josh Cravey,Bibb County SO GA,729,"05/27/2026, 03:46:33 PM UTC
05/28/2026, 03:46:33 PM UTC",***Redacted***,Assault/Battery Offenses - ,25-9999,***Redacted***,"05/28/2026, 03:46:32 PM UTC",lookup - Mobile,,
d393d81b-43d2-4c42-8659-0a1475011066,Justin Edwards,Bibb County SO GA,3,"05/21/2026, 03:47:15 PM UTC
05/28/2026, 03:47:15 PM UTC",***Redacted***,"Assault/Battery Offenses, Homicide/Death Investigation - ",2024-67104,***Redacted***,"05/28/2026, 03:47:16 PM UTC",lookup - Mobile,,
996c1f40-f739-4e98-a0ff-e25e77c41aa2,Josh Cravey,Bibb County SO GA,729,"05/27/2026, 03:46:52 PM UTC
05/28/2026, 03:46:52 PM UTC",***Redacted***,Assault/Battery Offenses - ,25-9999,***Redacted***,"05/28/2026, 03:47:18 PM UTC",lookup - Mobile,,
9d79f0e7-a4ee-4f98-994e-e544f277eeaa,Justin Edwards,Bibb County SO GA,3,"05/21/2026, 03:47:18 PM UTC
05/28/2026, 03:47:18 PM UTC",***Redacted***,"Assault/Battery Offenses, Homicide/Death Investigation - ",2024-67104,***Redacted***,"05/28/2026, 03:47:19 PM UTC",lookup - Mobile,,
41555ee7-6804-41c6-8c07-30720b022190,Justin Edwards,Bibb County SO GA,3,"05/21/2026, 03:47:21 PM UTC
05/28/2026, 03:47:21 PM UTC",***Redacted***,"Assault/Battery Offenses, Homicide/Death Investigation - ",2024-67104,***Redacted***,"05/28/2026, 03:47:21 PM UTC",lookup - Mobile,,
bf1ac293-9db7-48f1-aaa2-c30094ee1897,Josh Cravey,Bibb County SO GA,729,"05/27/2026, 03:47:47 PM UTC
05/28/2026, 03:47:47 PM UTC",***Redacted***,Assault/Battery Offenses - ,25-9999,***Redacted***,"05/28/2026, 03:47:45 PM UTC",lookup - Mobile,,
3d4e0d8f-fb14-42f2-b0b1-80e2f579af39,Enrique Hogan,Bibb County SO GA,729,"05/14/2026, 03:48:03 PM UTC
05/28/2026, 03:48:03 PM UTC",***Redacted***,Wanted Person (Arrest Warrant/Fugitive) - ,FID  11295681,***Redacted***,"05/28/2026, 03:48:04 PM UTC",lookup - Mobile,,
32697c66-88ce-47ed-bab3-8f0fdfec10cb,Josh Cravey,Bibb County SO GA,729,"05/27/2026, 03:48:05 PM UTC
05/28/2026, 03:48:05 PM UTC",***Redacted***,Assault/Battery Offenses - ,25-9999,***Redacted***,"05/28/2026, 03:48:06 PM UTC",lookup - Mobile,,
8d81dd50-3bba-43c9-ac76-e262c27fac41,Josh Cravey,Bibb County SO GA,729,"05/27/2026, 03:48:14 PM UTC
05/28/2026, 03:48:14 PM UTC",***Redacted***,Assault/Battery Offenses - ,25-9999,***Redacted***,"05/28/2026, 03:48:14 PM UTC",lookup - Mobile,,
353b2d73-e5cd-4f0f-987f-107a1b7c856d,Josh Cravey,Bibb County SO GA,729,"05/27/2026, 03:48:19 PM UTC
05/28/2026, 03:48:19 PM UTC",***Redacted***,Assault/Battery Offenses - ,25-9999,***Redacted***,"05/28/2026, 03:48:18 PM UTC",lookup - Mobile,,
b4abb5b1-0861-41bb-beab-0fa0d2195592,Josh Cravey,Bibb County SO GA,729,"05/27/2026, 03:48:40 PM UTC
05/28/2026, 03:48:40 PM UTC",***Redacted***,Assault/Battery Offenses - ,25-9999,***Redacted***,"05/28/2026, 03:48:39 PM UTC",lookup - Mobile,,
3ecd5466-8857-482e-a764-d70db0a324ab,Josh Cravey,Bibb County SO GA,729,"05/27/2026, 03:48:48 PM UTC
05/28/2026, 03:48:48 PM UTC",***Redacted***,Assault/Battery Offenses - ,25-9999,***Redacted***,"05/28/2026, 03:48:48 PM UTC",lookup - Mobile,,
2dd92c6c-ae79-45f9-a271-7a4d2fb14058,Justin Edwards,Bibb County SO GA,3,"05/21/2026, 03:49:11 PM UTC
05/28/2026, 03:49:11 PM UTC",***Redacted***,"Assault/Battery Offenses, Homicide/Death Investigation - ",2024-67104,***Redacted***,"05/28/2026, 03:49:11 PM UTC",lookup - Mobile,,
7d164e4a-492d-4407-ad5f-25f6655e90a5,Enrique Hogan,Bibb County SO GA,729,"05/14/2026, 03:49:20 PM UTC
05/28/2026, 03:49:20 PM UTC",***Redacted***,Wanted Person (Arrest Warrant/Fugitive) - ,FID  11295681,***Redacted***,"05/28/2026, 03:49:22 PM UTC",lookup - Mobile,,
10de1700-eb17-477d-9168-fa991ce16455,Josh Cravey,Bibb County SO GA,729,"05/27/2026, 03:49:28 PM UTC
05/28/2026, 03:49:28 PM UTC",***Redacted***,Assault/Battery Offenses - ,25-9999,***Redacted***,"05/28/2026, 03:49:29 PM UTC",lookup - Mobile,,
3ee36958-c9be-4aab-a225-6e9b01d17b6f,Josh Cravey,Bibb County SO GA,729,"05/27/2026, 03:49:56 PM UTC
05/28/2026, 03:49:56 PM UTC",***Redacted***,Assault/Battery Offenses - ,25-9999,***Redacted***,"05/28/2026, 03:49:55 PM UTC",lookup - Mobile,,
c4429b97-bc16-497e-8bc6-eb661b560d5d,Josh Cravey,Bibb County SO GA,729,"05/27/2026, 03:50:03 PM UTC
05/28/2026, 03:50:03 PM UTC",***Redacted***,Assault/Battery Offenses - ,25-9999,***Redacted***,"05/28/2026, 03:50:07 PM UTC",lookup - Mobile,,
ec345329-f2e5-4266-8ea9-780fd3f541b1,Josh Cravey,Bibb County SO GA,729,"05/27/2026, 03:50:13 PM UTC
05/28/2026, 03:50:13 PM UTC",***Redacted***,Assault/Battery Offenses - ,25-9999,***Redacted***,"05/28/2026, 03:50:17 PM UTC",lookup - Mobile,,
93ea65fa-bfb9-4643-930b-262298fa5fb8,Alex Fletcher,Bibb County SO GA,1424,"05/27/2026, 02:30:11 PM UTC
05/28/2026, 02:30:11 PM UTC",***Redacted***,Drugs/Narcotics - ,2025-78977,***Redacted***,"05/28/2026, 03:50:23 PM UTC",lookup,,
cdd3466a-fca7-4f9a-b7f2-bd2b4c3fe34c,Josh Cravey,Bibb County SO GA,729,"05/27/2026, 03:50:22 PM UTC
05/28/2026, 03:50:22 PM UTC",***Redacted***,Assault/Battery Offenses - ,25-9999,***Redacted***,"05/28/2026, 03:50:41 PM UTC",lookup - Mobile,,
5b2f0da3-34d1-4626-9368-b34f11a6a78a,Josh Cravey,Bibb County SO GA,729,"05/27/2026, 03:51:37 PM UTC
05/28/2026, 03:51:37 PM UTC",***Redacted***,Assault/Battery Offenses - ,25-9999,***Redacted***,"05/28/2026, 03:51:37 PM UTC",lookup - Mobile,,
f338cc41-d257-4907-b712-2a2b028d2502,Josh Cravey,Bibb County SO GA,729,"05/27/2026, 03:51:53 PM UTC
05/28/2026, 03:51:53 PM UTC",***Redacted***,Assault/Battery Offenses - ,25-9999,***Redacted***,"05/28/2026, 03:51:53 PM UTC",lookup - Mobile,,
2daa53eb-6176-4bec-9e8e-e37e498e8325,Josh Cravey,Bibb County SO GA,729,"05/27/2026, 03:51:59 PM UTC
05/28/2026, 03:51:59 PM UTC",***Redacted***,Assault/Battery Offenses - ,25-9999,***Redacted***,"05/28/2026, 03:51:58 PM UTC",lookup - Mobile,,
8ab6cb8c-fbd2-45d1-b6f1-23bf3cf82bdc,Josh Cravey,Bibb County SO GA,729,"05/27/2026, 03:52:03 PM UTC
05/28/2026, 03:52:03 PM UTC",***Redacted***,Assault/Battery Offenses - ,25-9999,***Redacted***,"05/28/2026, 03:52:03 PM UTC",lookup - Mobile,,
fdfa10c0-2761-472b-8f12-993a3a85e2a0,Josh Cravey,Bibb County SO GA,729,"05/27/2026, 03:52:12 PM UTC
05/28/2026, 03:52:12 PM UTC",***Redacted***,Assault/Battery Offenses - ,25-9999,***Redacted***,"05/28/2026, 03:52:11 PM UTC",lookup - Mobile,,
fa98527e-343c-49c3-b25d-5685163563f8,Josh Cravey,Bibb County SO GA,729,"05/27/2026, 03:52:20 PM UTC
05/28/2026, 03:52:20 PM UTC",***Redacted***,Assault/Battery Offenses - ,25-9999,***Redacted***,"05/28/2026, 03:52:20 PM UTC",lookup - Mobile,,
7a5221c3-38d5-4cc2-9def-27a40f371055,Enrique Hogan,Bibb County SO GA,729,"05/14/2026, 03:52:21 PM UTC
05/28/2026, 03:52:21 PM UTC",***Redacted***,Wanted Person (Arrest Warrant/Fugitive) - ,FID  11295681,***Redacted***,"05/28/2026, 03:52:22 PM UTC",lookup - Mobile,,
f5d5899e-4b1b-4e32-b39a-4c0f3a22d27f,Josh Cravey,Bibb County SO GA,729,"05/27/2026, 03:52:32 PM UTC
05/28/2026, 03:52:32 PM UTC",***Redacted***,Assault/Battery Offenses - ,25-9999,***Redacted***,"05/28/2026, 03:52:31 PM UTC",lookup - Mobile,,
d6a955cb-9565-479e-a197-42772fe3482d,Josh Cravey,Bibb County SO GA,729,"05/27/2026, 03:52:37 PM UTC
05/28/2026, 03:52:37 PM UTC",***Redacted***,Assault/Battery Offenses - ,25-9999,***Redacted***,"05/28/2026, 03:52:38 PM UTC",lookup - Mobile,,
fc0fd394-baf2-49f3-944c-93e69df107f2,Josh Cravey,Bibb County SO GA,729,"05/27/2026, 03:52:49 PM UTC
05/28/2026, 03:52:49 PM UTC",***Redacted***,Assault/Battery Offenses - ,25-9999,***Redacted***,"05/28/2026, 03:52:49 PM UTC",lookup - Mobile,,
f9943671-e5f6-4f27-9cc7-411cf3be6f43,Josh Cravey,Bibb County SO GA,729,"05/27/2026, 03:52:53 PM UTC
05/28/2026, 03:52:53 PM UTC",***Redacted***,Assault/Battery Offenses - ,25-9999,***Redacted***,"05/28/2026, 03:52:52 PM UTC",lookup - Mobile,,
041e1214-f690-4968-ae28-2a4b2fcc1a55,Enrique Hogan,Bibb County SO GA,729,"05/14/2026, 03:53:45 PM UTC
05/28/2026, 03:53:45 PM UTC",***Redacted***,Wanted Person (Arrest Warrant/Fugitive) - ,FID  11295681,***Redacted***,"05/28/2026, 03:53:48 PM UTC",lookup - Mobile,,
21113a24-b321-48bb-b13c-db869f248530,Alex Fletcher,Bibb County SO GA,1424,"05/27/2026, 02:30:11 PM UTC
05/28/2026, 02:30:11 PM UTC",***Redacted***,Drugs/Narcotics - ,2025-78977,***Redacted***,"05/28/2026, 03:55:03 PM UTC",lookup,,
bff9c097-ba57-4c11-94a2-a6b6cb8d41d9,Josh Cravey,Bibb County SO GA,729,"05/27/2026, 03:55:22 PM UTC
05/28/2026, 03:55:22 PM UTC",***Redacted***,Assault/Battery Offenses - ,25-9999,***Redacted***,"05/28/2026, 03:55:22 PM UTC",lookup - Mobile,,
99849156-5b5c-4477-af56-f0a7456db1fe,Josh Cravey,Bibb County SO GA,729,"05/27/2026, 03:55:29 PM UTC
05/28/2026, 03:55:29 PM UTC",***Redacted***,Assault/Battery Offenses - ,25-9999,***Redacted***,"05/28/2026, 03:55:29 PM UTC",lookup - Mobile,,
80c95a0d-7a29-4320-8268-11b7795f68bd,Enrique Hogan,Bibb County SO GA,729,"05/14/2026, 03:56:08 PM UTC
05/28/2026, 03:56:08 PM UTC",***Redacted***,Wanted Person (Arrest Warrant/Fugitive) - ,FID  11295681,***Redacted***,"05/28/2026, 03:56:09 PM UTC",lookup - Mobile,,
b618998f-7d6c-41ce-9943-3eb13f4b2ceb,Justin Edwards,Bibb County SO GA,3,"05/21/2026, 03:56:19 PM UTC
05/28/2026, 03:56:19 PM UTC",***Redacted***,"Assault/Battery Offenses, Homicide/Death Investigation - ",2024-67104,***Redacted***,"05/28/2026, 03:56:20 PM UTC",lookup - Mobile,,
b8dd9b2e-7a16-48ad-bd43-63843e19a45f,Josh Cravey,Bibb County SO GA,729,"05/27/2026, 03:28:20 PM UTC
05/28/2026, 03:28:20 PM UTC",***Redacted***,Assault/Battery Offenses - ,25-9999,***Redacted***,"05/28/2026, 03:28:21 PM UTC",lookup - Mobile,,
8dcb44f0-9feb-4da4-bcd4-11d1ac52c6bd,MELANIE HOFMANN,Bibb County SO GA,11,"05/26/2026, 10:30:20 PM UTC
05/28/2026, 10:30:20 PM UTC",***Redacted***,Larceny/Theft Offenses - ,2026-46686,***Redacted***,"05/28/2026, 10:08:24 PM UTC",lookup,,
0c3e1aa9-6d87-417b-a6ed-ca456e3b5ff1,Joanna Stokes,Bibb County SO GA,11,"05/28/2026, 10:30:40 PM UTC
05/29/2026, 12:30:40 AM UTC",***Redacted***,Weapons Offense (Guns/Shots Fired) - ,2026-46724,***Redacted***,"05/29/2026, 12:23:46 AM UTC",search,,
1859f7c3-1d9f-49fa-885b-818872c3743c,Kirsten Davella,Bibb County SO GA,1509,"05/28/2026, 11:00:20 PM UTC
05/29/2026, 01:00:20 AM UTC",***Redacted***,Assault/Battery Offenses - ,2026-46724,***Redacted***,"05/29/2026, 12:32:15 AM UTC",search,,
e152749c-dc64-4dcf-b95f-f40132f2aacd,Kirsten Davella,Bibb County SO GA,858,"04/29/2026, 12:32:41 AM UTC
05/29/2026, 12:32:41 AM UTC",***Redacted***,Assault/Battery Offenses - ,2026-46724,***Redacted***,"05/29/2026, 12:32:50 AM UTC",lookup,,
925081ac-64ae-49f4-b9e8-bdc7b9c45b5c,Kirsten Davella,Bibb County SO GA,858,"04/29/2026, 12:33:09 AM UTC
05/29/2026, 12:33:09 AM UTC",***Redacted***,Assault/Battery Offenses - ,2026-46724,***Redacted***,"05/29/2026, 12:33:12 AM UTC",lookup,,
ba790838-7ba6-4178-acb7-a653a75f69fe,Desmond Raines,Bibb County SO GA,11,"05/28/2026, 11:00:07 PM UTC
05/29/2026, 01:00:07 AM UTC",***Redacted***,Assault/Battery Offenses - ,46724,***Redacted***,"05/29/2026, 12:34:29 AM UTC",search,,
325c447f-10c6-430f-901c-a5cbf52d7520,Alex Fletcher,Bibb County SO GA,1423,"05/29/2026, 12:30:57 AM UTC
05/29/2026, 02:30:57 AM UTC",***Redacted***,Drugs/Narcotics - ,2025-78977,***Redacted***,"05/29/2026, 02:17:14 AM UTC",lookup,,
b86b1eb7-eabb-41d3-9934-ef6f48bcd4bb,Alex Fletcher,Bibb County SO GA,1423,"05/29/2026, 12:30:57 AM UTC
05/29/2026, 02:30:57 AM UTC",***Redacted***,Drugs/Narcotics - ,2025-78977,***Redacted***,"05/29/2026, 02:22:55 AM UTC",lookup,,
27937bd1-4087-4eab-afaf-2e326b619d16,Alex Fletcher,Bibb County SO GA,1423,"05/29/2026, 12:30:57 AM UTC
05/29/2026, 02:30:57 AM UTC",***Redacted***,Drugs/Narcotics - ,2025-78977,***Redacted***,"05/29/2026, 02:38:40 AM UTC",lookup,,
e35215d4-724f-4904-8c21-aa340f38293e,Adam Grant,Bibb County SO GA,1354,"05/28/2026, 04:08:56 AM UTC
05/29/2026, 04:08:56 AM UTC",***Redacted***,Stolen Property Offenses - ,2026-39526,***Redacted***,"05/29/2026, 04:09:11 AM UTC",lookup - Mobile,,
661f1458-a54b-4685-86f2-35d7121b3914,Adam Grant,Bibb County SO GA,1354,"04/29/2026, 04:09:28 AM UTC
05/29/2026, 04:09:28 AM UTC",***Redacted***,Larceny/Theft Offenses - ,2026-1296,***Redacted***,"05/29/2026, 04:09:55 AM UTC",lookup - Mobile,,
febb8f0c-6d9a-4ec9-bc28-e3a13d9b84dd,Adam Grant,Bibb County SO GA,1354,"04/29/2026, 04:53:33 AM UTC
05/29/2026, 04:53:33 AM UTC",***Redacted***,Larceny/Theft Offenses - ,2026-1296,***Redacted***,"05/29/2026, 04:53:37 AM UTC",lookup - Mobile,,
4417df56-ae0f-4bfd-85f7-d56ae51da255,Dina Shurley,Bibb County SO GA,11,"05/28/2026, 01:00:17 PM UTC
05/29/2026, 01:00:17 PM UTC",***Redacted***,Motor Vehicle Theft/Stolen - ,26-46848,***Redacted***,"05/29/2026, 12:43:19 PM UTC",lookup,,
8830befb-2086-43e8-b07b-3d45a02c38a8,Dina Shurley,Bibb County SO GA,11,"05/28/2026, 01:00:17 PM UTC
05/29/2026, 01:00:17 PM UTC",***Redacted***,Motor Vehicle Theft/Stolen - ,26-46848,***Redacted***,"05/29/2026, 12:44:34 PM UTC",search,,
f3db2ccf-b608-4404-96fa-b0f8f7e4ff04,Fred Gray,Bibb County SO GA,2,"05/28/2026, 01:00:57 PM UTC
05/29/2026, 01:00:57 PM UTC",***Redacted***,Motor Vehicle Theft/Stolen - ,2026-46848,***Redacted***,"05/29/2026, 12:57:58 PM UTC",lookup,,
4d734af0-cab7-4443-be88-9fdb75979d66,Fred Gray,Bibb County SO GA,2,"05/22/2026, 01:00:03 PM UTC
05/29/2026, 01:00:03 PM UTC",***Redacted***,Motor Vehicle Theft/Stolen - ,2026-46848,***Redacted***,"05/29/2026, 12:58:05 PM UTC",lookup,,
1d48e8f4-ce89-4a04-a9a3-22c5023d9579,Fred Gray,Bibb County SO GA,2,"05/28/2026, 01:00:26 PM UTC
05/29/2026, 01:00:26 PM UTC",***Redacted***,Motor Vehicle Theft/Stolen - ,2026-46848,***Redacted***,"05/29/2026, 12:59:28 PM UTC",lookup,,
4d1f027d-eb36-488f-9b47-53bddf4cd965,Fred Gray,Bibb County SO GA,2,"05/22/2026, 01:30:10 PM UTC
05/29/2026, 01:30:10 PM UTC",***Redacted***,Motor Vehicle Theft/Stolen - ,2026-46848,***Redacted***,"05/29/2026, 01:12:13 PM UTC",lookup,,
0ea15899-717e-4224-a6b4-ae942aaac281,Enrique Hogan,Bibb County SO GA,728,"05/15/2026, 03:00:39 PM UTC
05/29/2026, 03:00:39 PM UTC",***Redacted***,Wanted Person (Arrest Warrant/Fugitive) - ,FID  11295681,***Redacted***,"05/29/2026, 03:00:43 PM UTC",lookup - Mobile,,
8f759fa1-f179-41aa-8ec0-4dadd51b06bb,Enrique Hogan,Bibb County SO GA,728,"05/15/2026, 03:09:57 PM UTC
05/29/2026, 03:09:57 PM UTC",***Redacted***,Wanted Person (Arrest Warrant/Fugitive) - ,FID  11295681,***Redacted***,"05/29/2026, 03:09:58 PM UTC",lookup - Mobile,,
ded41ccd-57cf-4da9-a431-66a7ffaeaa7e,Adam Grant,Bibb County SO GA,1354,"05/29/2026, 11:31:09 PM UTC
05/30/2026, 11:31:09 PM UTC",***Redacted***,Motor Vehicle Theft/Stolen - ,2026-1296,***Redacted***,"05/30/2026, 11:31:11 PM UTC",lookup - Mobile,,
0512633f-ed1a-4d10-add0-d47b95633640,Adam Grant,Bibb County SO GA,1354,"05/30/2026, 12:40:28 AM UTC
05/31/2026, 12:40:28 AM UTC",***Redacted***,Motor Vehicle Theft/Stolen - ,2026-1296,***Redacted***,"05/31/2026, 12:40:30 AM UTC",lookup - Mobile,,
1ddb0b1b-81f3-4b94-81c6-a82d805e02c8,Alex Fletcher,Bibb County SO GA,1423,"05/30/2026, 01:00:31 AM UTC
05/31/2026, 01:00:31 AM UTC",***Redacted***,Drugs/Narcotics - ,2025-78977,***Redacted***,"05/31/2026, 12:40:37 AM UTC",lookup,,
78e5a4d9-858f-4411-80b4-373c80b5b8ef,Enrique Hogan,Bibb County SO GA,729,"05/14/2026, 07:48:08 PM UTC
05/28/2026, 07:48:08 PM UTC",***Redacted***,Wanted Person (Arrest Warrant/Fugitive) - ,FID  11295681,***Redacted***,"05/28/2026, 07:48:11 PM UTC",lookup - Mobile,,
d6a9727c-a464-433a-9cbe-7cc8acf67a66,Enrique Hogan,Bibb County SO GA,729,"04/28/2026, 07:49:13 PM UTC
05/28/2026, 07:49:13 PM UTC",***Redacted***,Wanted Person (Arrest Warrant/Fugitive) - ,FID 11968407P6473485,***Redacted***,"05/28/2026, 07:49:19 PM UTC",search - Mobile,,
0367b33b-5480-46d9-a64b-52dab916e39a,Thomas Crites,Bibb County SO GA,1507,"05/05/2026, 05:00:00 PM UTC
05/06/2026, 07:00:00 PM UTC",***Redacted***,Weapons Offense (Guns/Shots Fired) - 26-38919,,***Redacted***,"05/06/2026, 06:46:44 PM UTC",lookup,,
edd003ac-6069-40f0-9292-1f1d5d293ed8,Thomas Crites,Bibb County SO GA,853,"04/06/2026, 06:47:56 PM UTC
05/06/2026, 06:47:56 PM UTC",***Redacted***,Weapons Offense (Guns/Shots Fired) - 26-38919,,***Redacted***,"05/06/2026, 06:48:04 PM UTC",lookup,,
fb64bf6b-f8d8-4973-8431-5a5509367f44,Charlee Gibson,Bibb County SO GA,3,"05/05/2026, 12:30:00 PM UTC
05/06/2026, 01:00:00 AM UTC",***Redacted***,Weapons Offense (Guns/Shots Fired) - 2026-38919,,***Redacted***,"05/06/2026, 06:52:07 PM UTC",lookup,,
ef97b069-a6e7-4be1-a13f-360be31fab83,Charlee Gibson,Bibb County SO GA,3,"05/05/2026, 12:30:00 PM UTC
05/06/2026, 01:00:00 AM UTC",***Redacted***,Weapons Offense (Guns/Shots Fired) - 2026-38919,,***Redacted***,"05/06/2026, 06:59:32 PM UTC",lookup,,
13daa8e8-daf4-4172-ae19-d77cb4a15495,Charlee Gibson,Bibb County SO GA,3,"05/05/2026, 12:30:00 PM UTC
05/06/2026, 01:00:00 AM UTC",***Redacted***,Weapons Offense (Guns/Shots Fired) - 2026-38919,,***Redacted***,"05/06/2026, 06:59:34 PM UTC",lookup,,
de2f668c-81b9-4e5e-947b-9538a0a91d30,Charlee Gibson,Bibb County SO GA,3,"05/05/2026, 12:30:00 PM UTC
05/06/2026, 01:00:00 AM UTC",***Redacted***,Weapons Offense (Guns/Shots Fired) - 2026-38919,,***Redacted***,"05/06/2026, 06:59:35 PM UTC",lookup,,
c6dcfb04-54ea-44f9-a05a-47b322e50170,Charlee Gibson,Bibb County SO GA,3,"05/05/2026, 12:30:00 PM UTC
05/06/2026, 01:00:00 AM UTC",***Redacted***,Weapons Offense (Guns/Shots Fired) - 2026-38919,,***Redacted***,"05/06/2026, 06:59:36 PM UTC",lookup,,
ee36ecfc-4dae-4db8-9256-b357c74f67f1,Charlee Gibson,Bibb County SO GA,3,"05/05/2026, 12:30:00 PM UTC
05/06/2026, 01:00:00 AM UTC",***Redacted***,Weapons Offense (Guns/Shots Fired) - 2026-38919,,***Redacted***,"05/06/2026, 06:59:39 PM UTC",lookup,,
6599b29e-5bd3-4ba7-a164-d9320bde5654,Charlee Gibson,Bibb County SO GA,3,"05/05/2026, 12:30:00 PM UTC
05/06/2026, 01:00:00 AM UTC",***Redacted***,Weapons Offense (Guns/Shots Fired) - 2026-38919,,***Redacted***,"05/06/2026, 06:59:42 PM UTC",lookup,,
67068e79-b1e0-4320-a79d-4475ec25f715,Charlee Gibson,Bibb County SO GA,3,"05/05/2026, 12:30:00 PM UTC
05/06/2026, 02:30:00 AM UTC",***Redacted***,Weapons Offense (Guns/Shots Fired) - 2026-38919,,***Redacted***,"05/06/2026, 07:17:45 PM UTC",lookup,,
da0b7e2c-ae5c-4412-befa-13e611b71685,Christian Erceg,Bibb County SO GA,11,"05/04/2026, 04:30:00 PM UTC
05/06/2026, 12:30:00 AM UTC",***Redacted***,Motor Vehicle Theft/Stolen - 2026-38609,,***Redacted***,"05/06/2026, 12:28:14 AM UTC",lookup,,
ea72af57-a7f0-42b2-98f0-cf236146ff03,Christian Erceg,Bibb County SO GA,11,"05/04/2026, 04:30:00 PM UTC
05/06/2026, 12:30:00 AM UTC",***Redacted***,Motor Vehicle Theft/Stolen - 2026-38609,,***Redacted***,"05/06/2026, 12:39:41 AM UTC",lookup,,
926d09b4-0913-401f-bb8e-1ff7a941c333,Alex Fletcher,Bibb County SO GA,1360,"05/05/2026, 02:30:24 AM UTC
05/05/2026, 02:30:24 PM UTC",***Redacted***,Drugs/Narcotics - 2026-35667,,***Redacted***,"05/05/2026, 02:06:25 PM UTC",lookup,,
df9781ee-4db0-4f77-a901-354b65342db9,Alex Fletcher,Bibb County SO GA,1360,"05/03/2026, 02:30:29 PM UTC
05/05/2026, 02:30:29 PM UTC",***Redacted***,Drugs/Narcotics - 2026-35667,,***Redacted***,"05/05/2026, 02:06:29 PM UTC",lookup,,
fd579512-bb70-4229-af0d-6864dcd886a8,Alex Fletcher,Bibb County SO GA,1360,"05/01/2026, 02:30:29 PM UTC
05/05/2026, 02:30:29 PM UTC",***Redacted***,Drugs/Narcotics - 2026-35667,,***Redacted***,"05/05/2026, 02:06:34 PM UTC",lookup,,
396b313a-0353-4bec-9ed6-1d071488fb13,Alexis Robinson,Bibb County SO GA,3,"05/04/2026, 03:00:56 PM UTC
05/05/2026, 03:00:56 PM UTC",***Redacted***,Motor Vehicle Theft/Stolen - 2026-00038652,,***Redacted***,"05/05/2026, 02:50:59 PM UTC",lookup,,
eb38e881-fbd0-42ca-85c7-224fa0c0bfdf,Jonathan Hubbard,Bibb County SO GA,2,"05/03/2026, 03:30:34 PM UTC
05/05/2026, 03:30:34 PM UTC",***Redacted***,Trespass - tag,,***Redacted***,"05/05/2026, 03:22:35 PM UTC",lookup,,
600d360d-a6ff-45cf-b1de-fad7770d940c,Joseph Crumpler,Bibb County SO GA,11,"05/05/2026, 10:00:20 AM UTC
05/05/2026, 12:00:20 PM UTC",***Redacted***,Hit and Run/Car Accident - 2026-38681,,***Redacted***,"05/05/2026, 11:41:25 AM UTC",search,,
11496b6f-7a5d-43a8-a105-9e40deaf0ca5,Joseph Crumpler,Bibb County SO GA,11,"05/05/2026, 11:00:00 AM UTC
05/05/2026, 11:20:00 AM UTC",***Redacted***,Hit and Run/Car Accident - 2026-38681,,***Redacted***,"05/05/2026, 11:43:40 AM UTC",search,,
289681fd-d93e-4bda-8743-ed14a0d6bab5,Joseph Crumpler,Bibb County SO GA,11,"05/05/2026, 11:00:00 AM UTC
05/05/2026, 11:20:00 AM UTC",***Redacted***,Hit and Run/Car Accident - 2026-38681,,***Redacted***,"05/05/2026, 11:45:04 AM UTC",search,,
fad595ae-8fd0-46f3-8dc5-0210a27f9d3f,Joseph Crumpler,Bibb County SO GA,11,"05/05/2026, 11:00:00 AM UTC
05/05/2026, 11:20:00 AM UTC",***Redacted***,Hit and Run/Car Accident - 2026-38681,,***Redacted***,"05/05/2026, 11:46:22 AM UTC",search,,
5611bbaf-b207-4200-a44b-c9fbf7a50328,Justin Edwards,Bibb County SO GA,3,"04/28/2026, 12:09:08 PM UTC
05/05/2026, 12:09:08 PM UTC",***Redacted***,Wanted Person (Arrest Warrant/Fugitive) - 2024-67104,,***Redacted***,"05/05/2026, 12:09:10 PM UTC",lookup - Mobile,,
c898433d-b414-42f7-863d-5f5cbb75a63f,Justin Edwards,Bibb County SO GA,3,"04/28/2026, 12:42:12 PM UTC
05/05/2026, 12:42:12 PM UTC",***Redacted***,Wanted Person (Arrest Warrant/Fugitive) - 2024-67104,,***Redacted***,"05/05/2026, 12:42:13 PM UTC",lookup - Mobile,,
85c1f565-724a-42ff-928e-f41f8347497c,John Kile,Bibb County SO GA,11,"05/05/2026, 09:30:00 PM UTC
05/06/2026, 03:30:00 AM UTC",***Redacted***,Hit and Run/Car Accident - 2026-00038936,,***Redacted***,"05/06/2026, 03:32:06 AM UTC",lookup,,
5593cb9e-6c7d-4168-a78a-553d168f4a70,John Kile,Bibb County SO GA,11,"05/05/2026, 04:00:15 AM UTC
05/06/2026, 04:00:15 AM UTC",***Redacted***,Hit and Run/Car Accident - 2026-00038936,,***Redacted***,"05/06/2026, 03:32:19 AM UTC",lookup,,
9201b660-eade-433f-b009-aaddfe1a59a6,John Kile,Bibb County SO GA,11,"05/05/2026, 04:00:15 AM UTC
05/06/2026, 04:00:15 AM UTC",***Redacted***,Hit and Run/Car Accident - 2026-00038936,,***Redacted***,"05/06/2026, 03:32:33 AM UTC",lookup,,
7051b095-1d62-4c80-9b36-0bf1a0064e00,Christian Erceg,Bibb County SO GA,11,"05/05/2026, 04:30:09 AM UTC
05/06/2026, 04:30:09 AM UTC",***Redacted***,Motor Vehicle Theft/Stolen - 2026-38609,,***Redacted***,"05/06/2026, 04:20:11 AM UTC",lookup,,
349957da-ba5b-47ab-a395-dab731167d70,Christian Erceg,Bibb County SO GA,11,"04/29/2026, 04:30:17 AM UTC
05/06/2026, 04:30:17 AM UTC",***Redacted***,Motor Vehicle Theft/Stolen - 2026-38609,,***Redacted***,"05/06/2026, 04:20:21 AM UTC",lookup,,
faca98f2-1d08-4519-b1a7-aab80eccd059,Christian Erceg,Bibb County SO GA,11,"05/04/2026, 04:00:11 AM UTC
05/05/2026, 04:00:11 AM UTC",***Redacted***,Motor Vehicle Theft/Stolen - 2026-38631,,***Redacted***,"05/05/2026, 03:57:14 AM UTC",search,,
c944ac39-5449-43e8-acb2-99b6395a4d61,Alex Fletcher,Bibb County SO GA,1360,"04/02/2026, 02:30:48 AM UTC
05/05/2026, 04:30:48 AM UTC",***Redacted***,Drugs/Narcotics - 2026-35667,,***Redacted***,"05/05/2026, 04:25:17 AM UTC",lookup,,
7cc9b45d-a014-426c-9654-15a093e544e5,Alex Fletcher,Bibb County SO GA,1360,"04/02/2026, 02:30:48 AM UTC
05/05/2026, 04:30:48 AM UTC",***Redacted***,Drugs/Narcotics - 2026-35667,,***Redacted***,"05/05/2026, 04:25:30 AM UTC",lookup,,
14b83bd6-d409-4373-8559-992e1abaed57,Alex Fletcher,Bibb County SO GA,1360,"04/02/2026, 02:30:48 AM UTC
05/05/2026, 04:30:48 AM UTC",***Redacted***,Drugs/Narcotics - 2026-35667,,***Redacted***,"05/05/2026, 04:27:45 AM UTC",lookup,,
26bdfd4c-d8cd-4752-a6ad-60405bb125a9,Alex Fletcher,Bibb County SO GA,1360,"04/02/2026, 02:30:48 AM UTC
05/05/2026, 04:30:48 AM UTC",***Redacted***,Drugs/Narcotics - 2026-35667,,***Redacted***,"05/05/2026, 04:29:08 AM UTC",lookup,,
7ea9aef5-f22f-445f-861b-256b0d74073d,Adam Grant,Bibb County SO GA,1360,"04/05/2026, 05:35:11 PM UTC
05/05/2026, 05:35:11 PM UTC",***Redacted***,Larceny/Theft Offenses - 2026-1296,,***Redacted***,"05/05/2026, 05:35:19 PM UTC",lookup - Mobile,,
763f1711-be72-465b-b67b-530a299089c9,Justin Edwards,Bibb County SO GA,3,"04/28/2026, 07:32:36 PM UTC
05/05/2026, 07:32:36 PM UTC",***Redacted***,Wanted Person (Arrest Warrant/Fugitive) - 2024-67104,,***Redacted***,"05/05/2026, 07:32:37 PM UTC",lookup - Mobile,,
b26e2c0a-4cd4-4256-a83e-9b99a5a0a498,Justin Edwards,Bibb County SO GA,3,"04/28/2026, 07:44:14 PM UTC
05/05/2026, 07:44:14 PM UTC",***Redacted***,Wanted Person (Arrest Warrant/Fugitive) - 2024-67104,,***Redacted***,"05/05/2026, 07:44:16 PM UTC",lookup - Mobile,,
fdc2c44f-4e1c-4370-9648-cabc9617bcd6,Justin Edwards,Bibb County SO GA,3,"04/28/2026, 07:48:31 PM UTC
05/05/2026, 07:48:31 PM UTC",***Redacted***,Wanted Person (Arrest Warrant/Fugitive) - 2024-67104,,***Redacted***,"05/05/2026, 07:48:33 PM UTC",lookup - Mobile,,
0d8f7b5a-1c18-4660-8ed6-e1efee77de6b,Joseph Callaway,Bibb County SO GA,768,"04/05/2026, 08:30:58 PM UTC
05/05/2026, 08:30:58 PM UTC",***Redacted***,Assault/Battery Offenses - na,,***Redacted***,"05/05/2026, 08:12:06 PM UTC",lookup,,
c536fb2e-0570-41ab-9aea-2f75b01ead28,Joseph Callaway,Bibb County SO GA,768,"04/05/2026, 08:30:58 PM UTC
05/05/2026, 08:30:58 PM UTC",***Redacted***,Assault/Battery Offenses - 2026-187000,,***Redacted***,"05/05/2026, 08:13:28 PM UTC",lookup,,
90ac5a73-3b90-4f28-8195-6118ed5caf5a,Enrique Hogan,Bibb County SO GA,3,"04/21/2026, 08:13:47 PM UTC
05/05/2026, 08:13:47 PM UTC",***Redacted***,Wanted Person (Arrest Warrant/Fugitive) - FID  11957926,,***Redacted***,"05/05/2026, 08:13:49 PM UTC",lookup - Mobile,,
4b5d9061-731f-4ff4-b8c7-21455d71ce6b,Enrique Hogan,Bibb County SO GA,3,"04/21/2026, 08:15:40 PM UTC
05/05/2026, 08:15:40 PM UTC",***Redacted***,Wanted Person (Arrest Warrant/Fugitive) - FID  11957926,,***Redacted***,"05/05/2026, 08:15:42 PM UTC",lookup - Mobile,,
b5186c1f-b6b8-4259-8857-036518596ba5,Enrique Hogan,Bibb County SO GA,3,"04/21/2026, 08:31:26 PM UTC
05/05/2026, 08:31:26 PM UTC",***Redacted***,Wanted Person (Arrest Warrant/Fugitive) - FID  11957926,,***Redacted***,"05/05/2026, 08:31:30 PM UTC",lookup - Mobile,,
3992fee8-7b73-4d36-aedc-0dbc33832f8c,Christian Erceg,Bibb County SO GA,11,"05/04/2026, 04:30:00 PM UTC
05/06/2026, 12:30:00 AM UTC",***Redacted***,Motor Vehicle Theft/Stolen - 2026-38609,,***Redacted***,"05/06/2026, 02:44:17 AM UTC",lookup,,
f6583dce-dfe7-4ce1-a926-f0dd01729380,Christian Erceg,Bibb County SO GA,11,"05/04/2026, 04:30:00 PM UTC
05/06/2026, 12:30:00 AM UTC",***Redacted***,Motor Vehicle Theft/Stolen - 2026-38609,,***Redacted***,"05/06/2026, 02:50:56 AM UTC",search,,
c9d36c89-5fcf-4774-9259-181e43c34e68,Toni Lewis,Bibb County SO GA,11,"05/06/2026, 01:00:28 AM UTC
05/06/2026, 03:00:28 AM UTC",***Redacted***,Motor Vehicle Theft/Stolen - stolen,,***Redacted***,"05/06/2026, 02:53:02 AM UTC",search,,
f4e5da82-697f-4e5c-be8d-3cabe2ec3f28,Toni Lewis,Bibb County SO GA,11,"05/06/2026, 01:00:28 AM UTC
05/06/2026, 03:00:28 AM UTC",***Redacted***,Motor Vehicle Theft/Stolen - stolen,,***Redacted***,"05/06/2026, 02:54:33 AM UTC",lookup,,
9505a845-45a5-42dd-8e40-ed8374fc34ed,Toni Lewis,Bibb County SO GA,11,"05/05/2026, 03:00:38 AM UTC
05/06/2026, 03:00:38 AM UTC",***Redacted***,Motor Vehicle Theft/Stolen - stolen,,***Redacted***,"05/06/2026, 02:54:41 AM UTC",lookup,,
b544ebc1-3678-40e3-9132-7c03c0f6cf17,Christian Erceg,Bibb County SO GA,11,"05/04/2026, 04:30:00 PM UTC
05/06/2026, 12:30:00 AM UTC",***Redacted***,Motor Vehicle Theft/Stolen - 2026-38609,,***Redacted***,"05/06/2026, 02:56:03 AM UTC",lookup,,
3ffbfaba-d508-43ff-8ff9-0902f62b9d89,Christian Erceg,Bibb County SO GA,11,"05/05/2026, 03:00:32 AM UTC
05/06/2026, 03:00:32 AM UTC",***Redacted***,Motor Vehicle Theft/Stolen - 2026-38609,,***Redacted***,"05/06/2026, 02:56:35 AM UTC",lookup,,
bfeed538-e6d0-4463-b9da-72a0f765e991,Christian Erceg,Bibb County SO GA,11,"04/29/2026, 03:00:52 AM UTC
05/06/2026, 03:00:52 AM UTC",***Redacted***,Motor Vehicle Theft/Stolen - 2026-38609,,***Redacted***,"05/06/2026, 02:56:56 AM UTC",lookup,,
de647d55-283b-4f22-aea6-a42e36554276,John Kile,Bibb County SO GA,11,"05/05/2026, 11:30:00 PM UTC
05/06/2026, 03:30:00 AM UTC",***Redacted***,Hit and Run/Car Accident - 2026-00038936,,***Redacted***,"05/06/2026, 03:26:33 AM UTC",lookup,,
00317412-69ad-4c50-9cfc-8762e589de45,John Kile,Bibb County SO GA,11,"05/05/2026, 11:30:00 PM UTC
05/06/2026, 03:30:00 AM UTC",***Redacted***,Hit and Run/Car Accident - 2026-00038936,,***Redacted***,"05/06/2026, 03:27:00 AM UTC",lookup,,
783e72e3-e35a-415a-9f05-d9c921f0de99,John Kile,Bibb County SO GA,11,"05/05/2026, 11:30:00 PM UTC
05/06/2026, 03:30:00 AM UTC",***Redacted***,Hit and Run/Car Accident - 2026-00038936,,***Redacted***,"05/06/2026, 03:27:07 AM UTC",search,,
64bef49b-e840-463b-9a9a-42f40fd2da68,John Kile,Bibb County SO GA,11,"05/05/2026, 11:30:00 PM UTC
05/06/2026, 03:30:00 AM UTC",***Redacted***,Hit and Run/Car Accident - 2026-00038936,,***Redacted***,"05/06/2026, 03:27:19 AM UTC",search,,
1f8402b0-7703-440c-8911-dfd3fc6ddb7b,John Kile,Bibb County SO GA,11,"05/05/2026, 11:30:00 PM UTC
05/06/2026, 03:30:00 AM UTC",***Redacted***,Hit and Run/Car Accident - 2026-00038936,,***Redacted***,"05/06/2026, 03:28:48 AM UTC",search,,
9217769a-99c4-4412-a867-06fab1eb6bd8,John Kile,Bibb County SO GA,11,"05/05/2026, 11:30:00 PM UTC
05/06/2026, 03:30:00 AM UTC",***Redacted***,Hit and Run/Car Accident - 2026-00038936,,***Redacted***,"05/06/2026, 03:28:51 AM UTC",search,,
b1e17da3-9813-4611-8ddd-f14e019169cb,John Kile,Bibb County SO GA,11,"05/05/2026, 11:30:00 PM UTC
05/06/2026, 03:30:00 AM UTC",***Redacted***,Hit and Run/Car Accident - 2026-00038936,,***Redacted***,"05/06/2026, 03:29:39 AM UTC",search,,
a4d44aa0-972b-4aab-aecf-74c4b3c61557,John Kile,Bibb County SO GA,11,"05/05/2026, 11:30:00 PM UTC
05/06/2026, 03:30:00 AM UTC",***Redacted***,Hit and Run/Car Accident - 2026-00038936,,***Redacted***,"05/06/2026, 03:29:43 AM UTC",search,,
246a5161-f42d-46d1-8bf4-92eeecece487,John Kile,Bibb County SO GA,11,"05/05/2026, 09:30:00 PM UTC
05/06/2026, 03:30:00 AM UTC",***Redacted***,Hit and Run/Car Accident - 2026-00038936,,***Redacted***,"05/06/2026, 03:31:45 AM UTC",lookup,,
f0a5cb5b-bf57-4134-b762-00e09b2b8ada,John Kile,Bibb County SO GA,11,"05/05/2026, 09:30:00 PM UTC
05/06/2026, 03:30:00 AM UTC",***Redacted***,Hit and Run/Car Accident - 2026-00038936,,***Redacted***,"05/06/2026, 03:32:02 AM UTC",lookup,,
e37d86b2-fe09-4e2e-bf8f-796ab294e166,Charlee Gibson,Bibb County SO GA,1427,"05/05/2026, 11:00:00 PM UTC
05/06/2026, 01:00:00 AM UTC",***Redacted***,Weapons Offense (Guns/Shots Fired) - 2026-38919,,***Redacted***,"05/06/2026, 03:07:06 PM UTC",search,,
925b84d0-9a7b-42f8-bd86-3fc197022f86,Charlee Gibson,Bibb County SO GA,3,"05/05/2026, 11:00:00 PM UTC
05/06/2026, 01:00:00 AM UTC",***Redacted***,Weapons Offense (Guns/Shots Fired) - 2026-38919,,***Redacted***,"05/06/2026, 03:07:59 PM UTC",search,,
fdcbfeeb-4a49-4251-b074-92ef358a493a,Charlee Gibson,Bibb County SO GA,3,"05/05/2026, 11:00:00 PM UTC
05/06/2026, 01:00:00 AM UTC",***Redacted***,Weapons Offense (Guns/Shots Fired) - 2026-38919,,***Redacted***,"05/06/2026, 03:08:36 PM UTC",search,,
acba5ebf-40fd-43ea-bc74-0f079a16430e,Charlee Gibson,Bibb County SO GA,3,"05/05/2026, 09:00:00 PM UTC
05/06/2026, 01:00:00 AM UTC",***Redacted***,Weapons Offense (Guns/Shots Fired) - 2026-38919,,***Redacted***,"05/06/2026, 03:12:09 PM UTC",search,,
7ffe0aaa-2757-4115-8557-3c9c6719e514,Charlee Gibson,Bibb County SO GA,3,"05/05/2026, 12:30:00 PM UTC
05/06/2026, 01:00:00 AM UTC",***Redacted***,Weapons Offense (Guns/Shots Fired) - 2026-38919,,***Redacted***,"05/06/2026, 03:15:10 PM UTC",search,,
7d8bb633-3942-4d2c-9c97-fe35c71e43a8,Dina Shurley,Bibb County SO GA,2,"04/29/2026, 03:30:47 PM UTC
05/06/2026, 03:30:47 PM UTC",***Redacted***,Larceny/Theft Offenses - 2026-39119,,***Redacted***,"05/06/2026, 03:20:49 PM UTC",lookup,,
00c0a7ff-7156-401a-b575-5fb17695ae67,Eric Woodford,Bibb County SO GA,2,"05/05/2026, 03:29:36 PM UTC
05/06/2026, 03:29:36 PM UTC",***Redacted***,Missing/Endangered Person/Runaway - Missing,,***Redacted***,"05/06/2026, 03:29:37 PM UTC",lookup - Mobile,,
7862f06c-ea48-4e58-8519-55ca1d7fda34,Elijah White,Bibb County SO GA,11,"05/04/2026, 05:30:22 PM UTC
05/05/2026, 05:30:22 PM UTC",***Redacted***,Weapons Offense (Guns/Shots Fired) - 26-,,***Redacted***,"05/05/2026, 05:03:25 PM UTC",lookup,,
1a3367bd-e1dd-4912-980d-6afcd799e83b,Elijah White,Bibb County SO GA,11,"05/04/2026, 05:30:22 PM UTC
05/05/2026, 05:30:22 PM UTC",***Redacted***,Weapons Offense (Guns/Shots Fired) - 26-,,***Redacted***,"05/05/2026, 05:05:42 PM UTC",lookup,,
17c93b1c-399c-46da-8c49-64954f6dde0e,Deborah Marberry,Bibb County SO GA,11,"04/16/2026, 03:30:00 PM UTC
05/05/2026, 05:30:00 PM UTC",***Redacted***,Larceny/Theft Offenses - Entering Auto,,***Redacted***,"05/05/2026, 05:18:00 PM UTC",lookup,,
258ed34d-e51a-4fe2-9eef-c01be05f7fff,Christian Erceg,Bibb County SO GA,2,"05/06/2026, 05:30:13 AM UTC
05/06/2026, 07:30:13 AM UTC",***Redacted***,Motor Vehicle Theft/Stolen - 2026-38609,,***Redacted***,"05/06/2026, 07:09:18 AM UTC",lookup,,
a5f45775-f74e-4822-835d-b872e3b745ce,Christian Erceg,Bibb County SO GA,2,"05/06/2026, 05:30:13 AM UTC
05/06/2026, 07:30:13 AM UTC",***Redacted***,Motor Vehicle Theft/Stolen - 2026-38609,,***Redacted***,"05/06/2026, 07:09:27 AM UTC",lookup,,
27e62e8a-5e0a-4a68-afa6-0b96d13af28f,Christian Erceg,Bibb County SO GA,2,"05/05/2026, 07:30:35 AM UTC
05/06/2026, 07:30:35 AM UTC",***Redacted***,Motor Vehicle Theft/Stolen - 2026-38609,,***Redacted***,"05/06/2026, 07:09:39 AM UTC",lookup,,
9aaa1798-4c1b-40b9-b491-e72946eaa5f5,Christian Erceg,Bibb County SO GA,2,"05/05/2026, 07:30:35 AM UTC
05/06/2026, 07:30:35 AM UTC",***Redacted***,Motor Vehicle Theft/Stolen - 2026-38609,,***Redacted***,"05/06/2026, 07:10:25 AM UTC",lookup,,
9c46273f-309d-4557-9f44-d1866ab58e6d,Christian Erceg,Bibb County SO GA,2,"05/04/2026, 07:30:56 AM UTC
05/06/2026, 07:30:56 AM UTC",***Redacted***,Motor Vehicle Theft/Stolen - 2026-38609,,***Redacted***,"05/06/2026, 07:10:59 AM UTC",lookup,,
f9c599b0-3c10-447a-a1bc-ccade1046de7,Enrique Hogan,Bibb County SO GA,3,"04/21/2026, 09:17:15 PM UTC
05/05/2026, 09:17:15 PM UTC",***Redacted***,Wanted Person (Arrest Warrant/Fugitive) - FID  11957926,,***Redacted***,"05/05/2026, 09:17:16 PM UTC",lookup - Mobile,,
d0c2d96b-8612-4a47-a90b-41a75c7d0e6f,Justin Edwards,Bibb County SO GA,3,"04/28/2026, 12:52:42 PM UTC
05/05/2026, 12:52:42 PM UTC",***Redacted***,Wanted Person (Arrest Warrant/Fugitive) - 2024-67104,,***Redacted***,"05/05/2026, 12:52:44 PM UTC",lookup - Mobile,,
a01624c6-ad6e-42f3-adba-1034cc41764e,Robbie Joiner,Bibb County SO GA,1507,"05/05/2026, 11:30:21 AM UTC
05/05/2026, 01:30:21 PM UTC",***Redacted***,Stolen Property Offenses - Roswell P.D.,,***Redacted***,"05/05/2026, 01:25:49 PM UTC",lookup,,
7426204b-c054-4e26-a045-685098b19772,Jonathan Hubbard,Bibb County SO GA,2,"05/05/2026, 11:30:41 AM UTC
05/05/2026, 01:30:41 PM UTC",***Redacted***,Trespass - tag,,***Redacted***,"05/05/2026, 01:27:06 PM UTC",lookup,,
beccc287-ea38-4945-b7cf-90a02d643036,Jonathan Hubbard,Bibb County SO GA,2,"05/04/2026, 01:30:08 PM UTC
05/05/2026, 01:30:08 PM UTC",***Redacted***,Trespass - tag,,***Redacted***,"05/05/2026, 01:27:09 PM UTC",lookup,,
4bd37e09-ef91-4058-a176-327378fffc65,Thomas Crites,Bibb County SO GA,1507,"04/05/2026, 02:00:00 PM UTC
05/05/2026, 02:00:00 PM UTC",***Redacted***,Wanted Person (Arrest Warrant/Fugitive) - 2025cv083689,,***Redacted***,"05/05/2026, 01:37:01 PM UTC",lookup,,
71644aad-33e4-4425-9a29-5d5ab4b6b00d,Min Ha,Bibb County SO GA,11,"05/06/2026, 06:30:51 PM UTC
05/06/2026, 08:30:51 PM UTC",***Redacted***,Destruction/Damage/Vandalism of Property - 2026-39073,,***Redacted***,"05/06/2026, 08:10:46 PM UTC",search,,
04f8b94f-f50b-4f80-8bc8-c7799c01c3ae,Min Ha,Bibb County SO GA,11,"05/06/2026, 06:30:51 PM UTC
05/06/2026, 08:30:51 PM UTC",***Redacted***,Destruction/Damage/Vandalism of Property - 2026-39073,,***Redacted***,"05/06/2026, 08:11:08 PM UTC",search,,
406624ee-b024-4484-afa3-16d8be5b10d7,Min Ha,Bibb County SO GA,11,"05/06/2026, 06:30:51 PM UTC
05/06/2026, 08:30:51 PM UTC",***Redacted***,Destruction/Damage/Vandalism of Property - 2026-39073,,***Redacted***,"05/06/2026, 08:12:10 PM UTC",search,,
de6586ba-7475-4f19-8456-117203055402,Min Ha,Bibb County SO GA,11,"05/06/2026, 06:30:51 PM UTC
05/06/2026, 08:30:51 PM UTC",***Redacted***,Destruction/Damage/Vandalism of Property - 2026-39073,,***Redacted***,"05/06/2026, 08:13:09 PM UTC",search,,
238a58ca-d718-42de-96ad-a6c1cb9ae9f8,Min Ha,Bibb County SO GA,11,"05/06/2026, 06:30:51 PM UTC
05/06/2026, 08:30:51 PM UTC",***Redacted***,Destruction/Damage/Vandalism of Property - 2026-39073,,***Redacted***,"05/06/2026, 08:14:46 PM UTC",search,,
a2fad674-41f1-4519-868d-604aaa7308d6,Min Ha,Bibb County SO GA,767,"05/05/2026, 08:30:55 PM UTC
05/06/2026, 08:30:55 PM UTC",***Redacted***,Destruction/Damage/Vandalism of Property - 2026-39073,,***Redacted***,"05/06/2026, 08:15:59 PM UTC",lookup,,
6bc23e19-61c3-4e7b-906b-e792a6e39c9f,Min Ha,Bibb County SO GA,767,"05/05/2026, 08:30:55 PM UTC
05/06/2026, 08:30:55 PM UTC",***Redacted***,Destruction/Damage/Vandalism of Property - 2026-39073,,***Redacted***,"05/06/2026, 08:17:29 PM UTC",lookup,,
4ece0481-1980-4003-82b5-81752132d291,Min Ha,Bibb County SO GA,767,"05/05/2026, 08:30:03 PM UTC
05/06/2026, 08:30:03 PM UTC",***Redacted***,Destruction/Damage/Vandalism of Property - 2026-39073,,***Redacted***,"05/06/2026, 08:23:06 PM UTC",lookup,,
0be746a3-d573-4759-9302-9520362acaca,Min Ha,Bibb County SO GA,767,"05/05/2026, 08:30:03 PM UTC
05/06/2026, 08:30:03 PM UTC",***Redacted***,Destruction/Damage/Vandalism of Property - 2026-39073,,***Redacted***,"05/06/2026, 08:25:20 PM UTC",lookup,,
904042ff-67ba-4380-b59b-950623cd820d,Min Ha,Bibb County SO GA,767,"05/05/2026, 08:30:03 PM UTC
05/06/2026, 08:30:03 PM UTC",***Redacted***,Destruction/Damage/Vandalism of Property - 2026-39073,,***Redacted***,"05/06/2026, 08:25:54 PM UTC",lookup,,
42f5d6d1-d29e-4b11-85af-7569d6b76fb3,Min Ha,Bibb County SO GA,767,"05/05/2026, 08:30:03 PM UTC
05/06/2026, 08:30:03 PM UTC",***Redacted***,Destruction/Damage/Vandalism of Property - 2026-39073,,***Redacted***,"05/06/2026, 08:26:21 PM UTC",lookup,,
6d74c3de-78ee-4330-b223-b633563484eb,Min Ha,Bibb County SO GA,767,"05/05/2026, 08:30:03 PM UTC
05/06/2026, 08:30:03 PM UTC",***Redacted***,Destruction/Damage/Vandalism of Property - 2026-39073,,***Redacted***,"05/06/2026, 08:26:52 PM UTC",lookup,,
4efc90a3-7a97-470b-996d-f67fbe9ac687,Min Ha,Bibb County SO GA,767,"05/05/2026, 08:30:03 PM UTC
05/06/2026, 08:30:03 PM UTC",***Redacted***,Destruction/Damage/Vandalism of Property - 2026-39073,,***Redacted***,"05/06/2026, 08:27:21 PM UTC",lookup,,
571876d3-78e3-4e25-af05-1e25f885f19f,Min Ha,Bibb County SO GA,767,"05/05/2026, 08:30:03 PM UTC
05/06/2026, 08:30:03 PM UTC",***Redacted***,Destruction/Damage/Vandalism of Property - 2026-39073,,***Redacted***,"05/06/2026, 08:28:29 PM UTC",lookup,,
9633327a-5234-47f1-8083-f5776781f8e4,Min Ha,Bibb County SO GA,767,"05/05/2026, 08:30:03 PM UTC
05/06/2026, 08:30:03 PM UTC",***Redacted***,Destruction/Damage/Vandalism of Property - 2026-39073,,***Redacted***,"05/06/2026, 08:29:20 PM UTC",lookup,,
115ad2a5-cdc4-4d46-ab35-27ba621ce3b0,Min Ha,Bibb County SO GA,767,"05/05/2026, 08:30:03 PM UTC
05/06/2026, 08:30:03 PM UTC",***Redacted***,Destruction/Damage/Vandalism of Property - 2026-39073,,***Redacted***,"05/06/2026, 08:30:41 PM UTC",lookup,,
8f9e401a-9af8-4326-a4d3-5bb63e726056,Min Ha,Bibb County SO GA,767,"05/05/2026, 08:30:03 PM UTC
05/06/2026, 08:30:03 PM UTC",***Redacted***,Destruction/Damage/Vandalism of Property - 2026-39073,,***Redacted***,"05/06/2026, 08:32:16 PM UTC",lookup,,
f6cea5a6-53fe-4ef6-8c27-c8d100ec0ddd,Min Ha,Bibb County SO GA,767,"05/05/2026, 08:30:03 PM UTC
05/06/2026, 08:30:03 PM UTC",***Redacted***,Destruction/Damage/Vandalism of Property - 2026-39073,,***Redacted***,"05/06/2026, 08:33:31 PM UTC",lookup,,
b0f84658-b2d9-4424-b77b-6c5e89963e55,Min Ha,Bibb County SO GA,767,"05/05/2026, 08:30:03 PM UTC
05/06/2026, 08:30:03 PM UTC",***Redacted***,Destruction/Damage/Vandalism of Property - 2026-39073,,***Redacted***,"05/06/2026, 08:35:20 PM UTC",lookup,,
439941dc-67a1-4cdd-b8bf-9431803f5ab0,Min Ha,Bibb County SO GA,767,"05/05/2026, 09:00:44 PM UTC
05/06/2026, 09:00:44 PM UTC",***Redacted***,Destruction/Damage/Vandalism of Property - 2026-39073,,***Redacted***,"05/06/2026, 08:35:46 PM UTC",lookup,,
7c7ff5a5-a47f-46fc-8d53-5ddbb16a3082,Min Ha,Bibb County SO GA,767,"05/05/2026, 09:00:44 PM UTC
05/06/2026, 09:00:44 PM UTC",***Redacted***,Destruction/Damage/Vandalism of Property - 2026-39073,,***Redacted***,"05/06/2026, 08:36:03 PM UTC",lookup,,
23ef3562-e529-49b5-a6aa-defc126f28f0,Min Ha,Bibb County SO GA,767,"05/05/2026, 09:00:44 PM UTC
05/06/2026, 09:00:44 PM UTC",***Redacted***,Destruction/Damage/Vandalism of Property - 2026-39073,,***Redacted***,"05/06/2026, 08:40:31 PM UTC",lookup,,
fe4aecb4-6b63-4c82-a2be-ec44d0e211c9,Min Ha,Bibb County SO GA,767,"05/05/2026, 09:00:44 PM UTC
05/06/2026, 09:00:44 PM UTC",***Redacted***,Destruction/Damage/Vandalism of Property - 2026-39073,,***Redacted***,"05/06/2026, 08:43:04 PM UTC",lookup,,
04b8fc38-323b-49a9-a374-c6061c902578,John Kile,Bibb County SO GA,11,"05/06/2026, 08:10:00 AM UTC
05/06/2026, 08:30:00 AM UTC",***Redacted***,Obstructing the Police (Fleeing/Eluding) - 2026-00039027,,***Redacted***,"05/06/2026, 08:26:36 AM UTC",search,,
f23c78a8-44ee-46c5-8ab4-11412ffd62c6,John Kile,Bibb County SO GA,11,"05/06/2026, 08:10:00 AM UTC
05/06/2026, 08:30:00 AM UTC",***Redacted***,Obstructing the Police (Fleeing/Eluding) - 2026-00039027,,***Redacted***,"05/06/2026, 08:28:08 AM UTC",search,,
31f0c81e-cf93-42ad-bd5d-b989d77189ee,John Kile,Bibb County SO GA,11,"05/06/2026, 08:10:00 AM UTC
05/06/2026, 08:30:00 AM UTC",***Redacted***,Obstructing the Police (Fleeing/Eluding) - 2026-00039027,,***Redacted***,"05/06/2026, 08:30:23 AM UTC",search,,
614d70dc-92d3-4207-880e-117cbff9e29d,John Kile,Bibb County SO GA,11,"05/06/2026, 08:00:00 AM UTC
05/06/2026, 08:30:00 AM UTC",***Redacted***,Obstructing the Police (Fleeing/Eluding) - 2026-00039027,,***Redacted***,"05/06/2026, 08:31:49 AM UTC",search,,
49da9141-e3ef-4964-8458-2f3f48c423b1,John Kile,Bibb County SO GA,11,"05/06/2026, 08:00:00 AM UTC
05/06/2026, 08:30:00 AM UTC",***Redacted***,Obstructing the Police (Fleeing/Eluding) - 2026-00039027,,***Redacted***,"05/06/2026, 08:32:08 AM UTC",search,,
0ac8be46-8eb5-4d69-9f1a-b16f6e4f55f1,John Kile,Bibb County SO GA,11,"05/06/2026, 08:00:00 AM UTC
05/06/2026, 08:30:00 AM UTC",***Redacted***,Obstructing the Police (Fleeing/Eluding) - 2026-00039027,,***Redacted***,"05/06/2026, 08:33:45 AM UTC",search,,
b3f1b875-d3a4-47f8-9ba0-4241df837421,Christian Erceg,Bibb County SO GA,2,"05/04/2026, 07:30:56 AM UTC
05/06/2026, 07:30:56 AM UTC",***Redacted***,Motor Vehicle Theft/Stolen - 2026-38609,,***Redacted***,"05/06/2026, 08:35:16 AM UTC",lookup,,
0c6f93cf-dc04-4ba0-98e3-2af85e6c56f1,John Kile,Bibb County SO GA,1,"05/06/2026, 08:11:43 AM UTC
05/06/2026, 08:11:49 AM UTC",***Redacted***,Obstructing the Police (Fleeing/Eluding) - 2026-00039027,,***Redacted***,"05/06/2026, 08:45:58 AM UTC",search,,
e72ae716-4ea7-4a57-b28b-0ec15809debe,John Kile,Bibb County SO GA,11,"05/06/2026, 08:00:00 AM UTC
05/06/2026, 08:30:00 AM UTC",***Redacted***,Obstructing the Police (Fleeing/Eluding) - 2026-00039027,,***Redacted***,"05/06/2026, 08:47:01 AM UTC",lookup,,
26dbc902-05fc-4abf-bdfa-805b137bd1ed,John Kile,Bibb County SO GA,11,"05/06/2026, 08:00:00 AM UTC
05/06/2026, 08:30:00 AM UTC",***Redacted***,Obstructing the Police (Fleeing/Eluding) - 2026-00039027,,***Redacted***,"05/06/2026, 08:47:14 AM UTC",search,,
efc68fc8-2c78-416f-9da0-6caaf4e223a6,John Kile,Bibb County SO GA,11,"05/06/2026, 08:00:00 AM UTC
05/06/2026, 08:30:00 AM UTC",***Redacted***,Obstructing the Police (Fleeing/Eluding) - 2026-00039027,,***Redacted***,"05/06/2026, 08:52:50 AM UTC",search,,
c8413788-9a15-463b-92ce-7b643bee758c,John Kile,Bibb County SO GA,11,"05/06/2026, 08:00:00 AM UTC
05/06/2026, 08:30:00 AM UTC",***Redacted***,Obstructing the Police (Fleeing/Eluding) - 2026-00039027,,***Redacted***,"05/06/2026, 09:01:09 AM UTC",search,,
523d7135-17ce-408a-9576-b1965bf27fd6,John Kile,Bibb County SO GA,11,"05/06/2026, 08:00:00 AM UTC
05/06/2026, 08:30:00 AM UTC",***Redacted***,Obstructing the Police (Fleeing/Eluding) - 2026-00039027,,***Redacted***,"05/06/2026, 09:05:28 AM UTC",search,,
ddb34579-d14b-4430-ac4f-ff4711dd50ee,John Kile,Bibb County SO GA,11,"05/06/2026, 08:00:00 AM UTC
05/06/2026, 08:30:00 AM UTC",***Redacted***,Obstructing the Police (Fleeing/Eluding) - 2026-00039027,,***Redacted***,"05/06/2026, 09:24:00 AM UTC",search,,
309307bf-fb29-4ea7-8783-5319b7962a34,Christian Erceg,Bibb County SO GA,2,"05/06/2026, 08:00:15 AM UTC
05/06/2026, 10:00:15 AM UTC",***Redacted***,Robbery - 2026-39039,,***Redacted***,"05/06/2026, 09:40:19 AM UTC",search,,
b94a2ab7-f134-4bf5-9d8b-ef8dc501f1ff,Christian Erceg,Bibb County SO GA,2,"05/05/2026, 10:00:25 AM UTC
05/06/2026, 10:00:25 AM UTC",***Redacted***,Robbery - 2026-39039,,***Redacted***,"05/06/2026, 09:40:27 AM UTC",search,,
d2016981-0c99-45dd-84be-44bb35748d53,Christian Erceg,Bibb County SO GA,2,"05/06/2026, 08:00:19 AM UTC
05/06/2026, 10:00:19 AM UTC",***Redacted***,Robbery - 2026-39039,,***Redacted***,"05/06/2026, 09:41:22 AM UTC",search,,
df16575f-b82b-4198-a6e6-bd8c5686e10d,Christian Erceg,Bibb County SO GA,2,"05/06/2026, 08:00:19 AM UTC
05/06/2026, 10:00:19 AM UTC",***Redacted***,Robbery - 2026-39039,,***Redacted***,"05/06/2026, 09:41:36 AM UTC",search,,
c482c693-e9e9-4cb2-8c85-838cd6255969,Christian Erceg,Bibb County SO GA,2,"05/06/2026, 08:00:19 AM UTC
05/06/2026, 10:00:19 AM UTC",***Redacted***,Robbery - 2026-39039,,***Redacted***,"05/06/2026, 09:41:43 AM UTC",search,,
e14a03d0-5ab5-48c1-89b4-b80127c574aa,Seth Vonderhuevel,Bibb County SO GA,1427,"05/02/2026, 09:00:05 PM UTC
05/03/2026, 09:00:05 PM UTC",***Redacted***,Motor Vehicle Theft/Stolen - 26-39047,,***Redacted***,"05/06/2026, 11:01:37 AM UTC",search,,
adcd440d-479c-44b9-a667-d19a487a9ddb,Seth Vonderhuevel,Bibb County SO GA,1427,"05/05/2026, 11:30:57 AM UTC
05/06/2026, 11:30:57 AM UTC",***Redacted***,Motor Vehicle Theft/Stolen - 26-39047,,***Redacted***,"05/06/2026, 11:02:00 AM UTC",search,,
6815a84d-84ca-47b3-a753-b35f996a061c,Seth Vonderhuevel,Bibb County SO GA,3,"05/05/2026, 11:30:57 AM UTC
05/06/2026, 11:30:57 AM UTC",***Redacted***,Motor Vehicle Theft/Stolen - 26-39047,,***Redacted***,"05/06/2026, 11:02:30 AM UTC",search,,
4a9d4e21-9370-4f10-852d-a00d50e75dce,Seth Vonderhuevel,Bibb County SO GA,1427,"05/05/2026, 11:30:57 AM UTC
05/06/2026, 11:30:57 AM UTC",***Redacted***,Motor Vehicle Theft/Stolen - 26-39047,,***Redacted***,"05/06/2026, 11:03:12 AM UTC",search,,
6c9456e6-d3d3-4358-b13a-71d3cd650e77,Christopher Collis,Bibb County SO GA,768,"04/04/2026, 04:00:00 AM UTC
05/05/2026, 04:00:00 PM UTC",***Redacted***,Motor Vehicle Theft/Stolen - 2026-38277,,***Redacted***,"05/05/2026, 03:48:34 PM UTC",lookup,,
3cdf68c7-6551-47a3-aa54-da16bc16038b,Alexis Robinson,Bibb County SO GA,1427,"05/04/2026, 03:00:56 PM UTC
05/05/2026, 03:00:56 PM UTC",***Redacted***,Motor Vehicle Theft/Stolen - 2026-00038652,,***Redacted***,"05/05/2026, 04:05:54 PM UTC",lookup,,
1fe2b17f-455f-40c3-86ed-617760e12e2c,Alexis Robinson,Bibb County SO GA,1,"05/05/2026, 05:00:00 AM UTC
05/05/2026, 05:10:00 AM UTC",***Redacted***,Motor Vehicle Theft/Stolen - 2026-00038652,,***Redacted***,"05/05/2026, 04:07:54 PM UTC",search,,
d62a3925-753b-48de-92c8-46b69f95448a,Alexis Robinson,Bibb County SO GA,1,"05/05/2026, 05:00:00 AM UTC
05/05/2026, 05:10:00 AM UTC",***Redacted***,Motor Vehicle Theft/Stolen - 2026-00038652,,***Redacted***,"05/05/2026, 04:08:28 PM UTC",search,,
2a4e8a89-59cb-44d4-898b-feea4d688d1c,Alexis Robinson,Bibb County SO GA,1,"05/05/2026, 05:00:00 AM UTC
05/05/2026, 05:10:00 AM UTC",***Redacted***,Motor Vehicle Theft/Stolen - 2026-00038652,,***Redacted***,"05/05/2026, 04:08:44 PM UTC",search,,
6eb54799-5780-460a-af91-b391e5b2e7fe,Alexis Robinson,Bibb County SO GA,1427,"05/04/2026, 03:00:56 PM UTC
05/05/2026, 03:00:56 PM UTC",***Redacted***,Motor Vehicle Theft/Stolen - 2026-00038652,,***Redacted***,"05/05/2026, 04:09:08 PM UTC",lookup,,
301a554f-cacd-4a29-994c-fc2b0b35bf44,Alexis Robinson,Bibb County SO GA,1427,"05/04/2026, 03:00:56 PM UTC
05/05/2026, 03:00:56 PM UTC",***Redacted***,Motor Vehicle Theft/Stolen - 2026-00038652,,***Redacted***,"05/05/2026, 04:09:27 PM UTC",lookup,,
d1173fbf-dcff-4950-8c10-1d2776cc075c,Dina Shurley,Bibb County SO GA,11,"04/29/2026, 12:30:35 PM UTC
05/06/2026, 12:30:35 PM UTC",***Redacted***,Motor Vehicle Theft/Stolen - 2026-38401,,***Redacted***,"05/06/2026, 12:06:38 PM UTC",lookup,,
7bea00aa-5062-41ba-a4da-d441a9842ec1,Enrique Hogan,Bibb County SO GA,3,"04/22/2026, 12:22:33 PM UTC
05/06/2026, 12:22:33 PM UTC",***Redacted***,Wanted Person (Arrest Warrant/Fugitive) - FID  11957926,,***Redacted***,"05/06/2026, 12:22:35 PM UTC",lookup - Mobile,,
9ee3b4ab-b0a7-46be-a02d-f3aae5bc8e97,Thomas Crites,Bibb County SO GA,853,"04/04/2026, 05:00:43 PM UTC
05/04/2026, 05:00:43 PM UTC",***Redacted***,Robbery - 26-38286,,***Redacted***,"05/06/2026, 01:02:05 PM UTC",lookup,,
223101dd-fae3-4a73-915c-55fa5c9afc76,Alex Fletcher,Bibb County SO GA,3,"05/04/2026, 05:00:49 PM UTC
05/05/2026, 05:00:49 AM UTC",***Redacted***,Robbery - 2026-38652,,***Redacted***,"05/05/2026, 04:57:51 AM UTC",search,,
e1dae233-687b-4de4-b930-985288115259,Alex Fletcher,Bibb County SO GA,3,"05/04/2026, 05:00:05 PM UTC
05/05/2026, 05:00:05 AM UTC",***Redacted***,Robbery - 2026-38652,,***Redacted***,"05/05/2026, 04:58:06 AM UTC",search,,
19f0282f-fd18-4d84-aa91-5becadc496cc,Alex Fletcher,Bibb County SO GA,3,"05/04/2026, 05:00:05 PM UTC
05/05/2026, 05:00:05 AM UTC",***Redacted***,Robbery - 2026-38652,,***Redacted***,"05/05/2026, 04:58:15 AM UTC",search,,
c93247ac-b544-4094-8337-7f83ec156b54,Alex Fletcher,Bibb County SO GA,3,"05/04/2026, 05:30:11 PM UTC
05/05/2026, 05:30:11 AM UTC",***Redacted***,Robbery - 2026-38652,,***Redacted***,"05/05/2026, 05:00:15 AM UTC",search,,
581166b3-6ab5-4fa5-adef-cf795122a746,Alex Fletcher,Bibb County SO GA,3,"05/04/2026, 05:30:11 PM UTC
05/05/2026, 05:30:11 AM UTC",***Redacted***,Robbery - 2026-38652,,***Redacted***,"05/05/2026, 05:00:23 AM UTC",search,,
2aab07ec-9272-417b-ba09-49c6998d724a,Alex Fletcher,Bibb County SO GA,3,"05/03/2026, 05:30:39 PM UTC
05/05/2026, 05:30:39 AM UTC",***Redacted***,Robbery - 2026-38652,,***Redacted***,"05/05/2026, 05:00:40 AM UTC",lookup,,
85d54fd5-1fa4-4a3e-9504-c4f8a92cc1d8,Alex Fletcher,Bibb County SO GA,1360,"05/03/2026, 05:30:45 AM UTC
05/05/2026, 05:30:45 AM UTC",***Redacted***,Robbery - 2026-38652,,***Redacted***,"05/05/2026, 05:00:46 AM UTC",lookup,,
6da26ccf-651e-4677-bd1a-de337a7fc8d4,Alex Fletcher,Bibb County SO GA,1360,"05/03/2026, 05:30:45 AM UTC
05/05/2026, 05:30:45 AM UTC",***Redacted***,Robbery - 2026-38652,,***Redacted***,"05/05/2026, 05:00:52 AM UTC",search,,
a62cde37-dd77-4440-a201-9be40b5be228,Alex Fletcher,Bibb County SO GA,3,"05/03/2026, 05:30:45 AM UTC
05/05/2026, 05:30:45 AM UTC",***Redacted***,Robbery - 2026-38652,,***Redacted***,"05/05/2026, 05:01:02 AM UTC",search,,
deae170e-f8bb-4c2c-a6d0-aa0c7e7c9075,Alex Fletcher,Bibb County SO GA,3,"05/03/2026, 05:30:45 AM UTC
05/05/2026, 05:30:45 AM UTC",***Redacted***,Robbery - 2026-38652,,***Redacted***,"05/05/2026, 05:01:16 AM UTC",search,,
e2736045-f5da-4996-b714-b3b581332c55,Christian Erceg,Bibb County SO GA,11,"05/04/2026, 04:00:11 AM UTC
05/05/2026, 04:00:11 AM UTC",***Redacted***,Motor Vehicle Theft/Stolen - 2026-38652,,***Redacted***,"05/05/2026, 05:01:17 AM UTC",search,,
005fcfbb-512f-470d-8716-723472362ad2,Alex Fletcher,Bibb County SO GA,1360,"05/03/2026, 05:30:45 AM UTC
05/05/2026, 05:30:45 AM UTC",***Redacted***,Robbery - 2026-38652,,***Redacted***,"05/05/2026, 05:01:26 AM UTC",search,,
edf325c8-2616-48d4-97d9-d4df2c144fea,Alex Fletcher,Bibb County SO GA,3,"05/04/2026, 05:30:45 PM UTC
05/05/2026, 05:30:45 AM UTC",***Redacted***,Robbery - 2026-38652,,***Redacted***,"05/05/2026, 05:02:46 AM UTC",search,,
86834821-79bf-4ef1-a2f2-e8e73d28af78,Alex Fletcher,Bibb County SO GA,3,"05/04/2026, 05:30:45 PM UTC
05/05/2026, 05:30:45 AM UTC",***Redacted***,Robbery - 2026-38652,,***Redacted***,"05/05/2026, 05:02:53 AM UTC",search,,
6e0ede64-fd0c-4cc0-a8d3-4693c5585f10,Alex Fletcher,Bibb County SO GA,3,"05/04/2026, 05:30:55 PM UTC
05/05/2026, 05:30:55 AM UTC",***Redacted***,Robbery - 2026-38652,,***Redacted***,"05/05/2026, 05:04:56 AM UTC",search,,
30c56499-1e0e-46be-b1ef-a5314c7ffdab,Alex Fletcher,Bibb County SO GA,3,"05/04/2026, 05:30:17 PM UTC
05/05/2026, 05:30:17 AM UTC",***Redacted***,Robbery - 2026-38652,,***Redacted***,"05/05/2026, 05:08:18 AM UTC",search,,
fe378e4e-e11d-4e87-9d5d-b8756c674d95,Alex Fletcher,Bibb County SO GA,3,"05/05/2026, 03:30:30 AM UTC
05/05/2026, 05:30:30 AM UTC",***Redacted***,Robbery - 2026-999999,,***Redacted***,"05/05/2026, 05:14:09 AM UTC",search,,
bd277c80-071a-4836-b614-eca05d8bf561,Alex Fletcher,Bibb County SO GA,3,"05/04/2026, 05:30:11 PM UTC
05/05/2026, 05:30:11 AM UTC",***Redacted***,Robbery - 2026-999999,,***Redacted***,"05/05/2026, 05:14:13 AM UTC",search,,
4e05bd6d-ee09-4043-b988-6f488c18bd2d,Christian Erceg,Bibb County SO GA,11,"05/05/2026, 03:30:40 AM UTC
05/05/2026, 05:30:40 AM UTC",***Redacted***,Motor Vehicle Theft/Stolen - 2026-38652,,***Redacted***,"05/05/2026, 05:15:41 AM UTC",search,,
f44afde0-a73f-4676-a8a3-d3bf3c949722,Alex Fletcher,Bibb County SO GA,3,"05/03/2026, 05:30:52 AM UTC
05/05/2026, 05:30:52 AM UTC",***Redacted***,Robbery - 2026-999999,,***Redacted***,"05/05/2026, 05:15:53 AM UTC",search,,
e5c6e0bf-ef12-4a2d-8e42-51a548efe4c4,Christian Erceg,Bibb County SO GA,11,"05/05/2026, 03:30:40 AM UTC
05/05/2026, 05:30:40 AM UTC",***Redacted***,Motor Vehicle Theft/Stolen - 2026-38652,,***Redacted***,"05/05/2026, 05:17:20 AM UTC",search,,
28b7741d-8b9c-4d8a-863f-289108f16fae,Christian Erceg,Bibb County SO GA,11,"05/04/2026, 05:30:25 AM UTC
05/05/2026, 05:30:25 AM UTC",***Redacted***,Motor Vehicle Theft/Stolen - 2026-38652,,***Redacted***,"05/05/2026, 05:17:27 AM UTC",search,,
b8bf1200-7dc8-41d7-be62-6ed35a47c047,Alex Fletcher,Bibb County SO GA,3,"05/03/2026, 05:30:52 AM UTC
05/05/2026, 05:30:52 AM UTC",***Redacted***,Robbery - 2026-999999,,***Redacted***,"05/05/2026, 05:17:46 AM UTC",lookup,,
dfb5f6d0-7286-425a-b58a-aec79c8bfe70,Alex Fletcher,Bibb County SO GA,3,"05/03/2026, 05:30:52 AM UTC
05/05/2026, 05:30:52 AM UTC",***Redacted***,Robbery - 2026-999999,,***Redacted***,"05/05/2026, 05:17:51 AM UTC",lookup,,
f177ce45-8d62-4c62-9c8c-c0f0d6d4bf67,Alex Fletcher,Bibb County SO GA,1360,"05/04/2026, 05:30:57 PM UTC
05/05/2026, 05:30:57 AM UTC",***Redacted***,Robbery - 2026-999999,,***Redacted***,"05/05/2026, 05:19:58 AM UTC",lookup,,
def229fa-424e-459f-b92a-3bc63158f38e,Alex Fletcher,Bibb County SO GA,1360,"05/04/2026, 05:30:31 PM UTC
05/05/2026, 05:30:31 AM UTC",***Redacted***,Robbery - 2026-999999,,***Redacted***,"05/05/2026, 05:20:32 AM UTC",lookup,,
0c0432c6-82cd-4c20-87b4-1e63b1a11c28,Christian Erceg,Bibb County SO GA,11,"05/04/2026, 05:30:25 AM UTC
05/05/2026, 05:30:25 AM UTC",***Redacted***,Motor Vehicle Theft/Stolen - 2026-38652,,***Redacted***,"05/05/2026, 05:23:15 AM UTC",lookup,,
d574680a-ef37-4b1f-baa3-d64b0ad80c48,Christian Erceg,Bibb County SO GA,11,"05/04/2026, 05:30:25 AM UTC
05/05/2026, 05:30:25 AM UTC",***Redacted***,Motor Vehicle Theft/Stolen - 2026-38652,,***Redacted***,"05/05/2026, 05:23:46 AM UTC",lookup,,
666ddbd2-d505-4fd7-bc61-65f83d1c503a,Alex Fletcher,Bibb County SO GA,1360,"05/04/2026, 05:30:50 PM UTC
05/05/2026, 05:30:50 AM UTC",***Redacted***,Robbery - 2026-999999,,***Redacted***,"05/05/2026, 05:23:51 AM UTC",lookup,,
fec73231-5368-44c6-a119-a3b6e6df665e,Alex Fletcher,Bibb County SO GA,1360,"05/04/2026, 05:30:53 AM UTC
05/05/2026, 05:30:53 AM UTC",***Redacted***,Robbery - 2026-999999,,***Redacted***,"05/05/2026, 05:23:54 AM UTC",lookup,,
52f2704a-0018-4e52-b67c-b0833ef92ac6,Alex Fletcher,Bibb County SO GA,1360,"05/04/2026, 05:30:10 AM UTC
05/05/2026, 05:30:10 AM UTC",***Redacted***,Robbery - 2026-999999,,***Redacted***,"05/05/2026, 05:24:11 AM UTC",lookup,,
c88d99e7-89ff-496b-92d9-a3e5a640cf08,Alex Fletcher,Bibb County SO GA,1360,"05/04/2026, 05:30:53 PM UTC
05/05/2026, 05:30:53 AM UTC",***Redacted***,Robbery - 2026-999999,,***Redacted***,"05/05/2026, 05:24:54 AM UTC",lookup,,
4110a854-9ef1-4d99-8964-4c3f69e9d5e8,Alex Fletcher,Bibb County SO GA,1360,"05/04/2026, 05:30:23 PM UTC
05/05/2026, 05:30:23 AM UTC",***Redacted***,Robbery - 2026-999999,,***Redacted***,"05/05/2026, 05:25:24 AM UTC",lookup,,
0af1b4b7-f3e8-4350-99c8-63ad3562d841,Alex Fletcher,Bibb County SO GA,1360,"05/04/2026, 05:30:25 AM UTC
05/05/2026, 05:30:25 AM UTC",***Redacted***,Robbery - 2026-999999,,***Redacted***,"05/05/2026, 05:25:26 AM UTC",lookup,,
853bb9b8-bb19-49aa-8126-9faf2f74693a,Alex Fletcher,Bibb County SO GA,1360,"05/04/2026, 05:30:33 PM UTC
05/05/2026, 05:30:33 AM UTC",***Redacted***,Robbery - 2026-999999,,***Redacted***,"05/05/2026, 05:26:34 AM UTC",lookup,,
1db4fef7-e266-47cc-b0fe-923c54881cfe,Christian Erceg,Bibb County SO GA,11,"05/04/2026, 05:30:25 AM UTC
05/05/2026, 05:30:25 AM UTC",***Redacted***,Motor Vehicle Theft/Stolen - 2026-38652,,***Redacted***,"05/05/2026, 05:28:00 AM UTC",lookup,,
89d25624-fe96-4f77-a774-4adf5b62e717,Alex Fletcher,Bibb County SO GA,1360,"05/04/2026, 05:30:28 PM UTC
05/05/2026, 05:30:28 AM UTC",***Redacted***,Robbery - 2026-999999,,***Redacted***,"05/05/2026, 05:28:29 AM UTC",lookup,,
89825474-3be4-4c98-9a12-3769813a130c,Alex Fletcher,Bibb County SO GA,1360,"05/04/2026, 05:30:30 AM UTC
05/05/2026, 05:30:30 AM UTC",***Redacted***,Robbery - 2026-999999,,***Redacted***,"05/05/2026, 05:28:31 AM UTC",lookup,,
0bba7475-4153-4952-91da-0082d85a6b23,Alex Fletcher,Bibb County SO GA,1360,"05/04/2026, 05:30:05 PM UTC
05/05/2026, 05:30:05 AM UTC",***Redacted***,Robbery - 2026-999999,,***Redacted***,"05/05/2026, 05:29:06 AM UTC",lookup,,
e2c79c38-2946-480b-a0ee-428092f4d94c,Alex Fletcher,Bibb County SO GA,1360,"05/03/2026, 05:30:09 PM UTC
05/05/2026, 05:30:09 AM UTC",***Redacted***,Robbery - 2026-999999,,***Redacted***,"05/05/2026, 05:29:10 AM UTC",lookup,,
342ada29-95b0-49cd-8452-eabc7f363cef,Alex Fletcher,Bibb County SO GA,1360,"05/03/2026, 05:30:11 AM UTC
05/05/2026, 05:30:11 AM UTC",***Redacted***,Robbery - 2026-999999,,***Redacted***,"05/05/2026, 05:29:13 AM UTC",lookup,,
ff16450e-4033-4e59-8b9c-355fe5877f2d,Alex Fletcher,Bibb County SO GA,1360,"05/03/2026, 05:30:28 AM UTC
05/05/2026, 05:30:28 AM UTC",***Redacted***,Robbery - 2026-999999,,***Redacted***,"05/05/2026, 05:29:29 AM UTC",lookup,,
06fc5a42-25d6-4315-acc5-cb0a09754571,Alex Fletcher,Bibb County SO GA,1360,"05/04/2026, 06:00:08 PM UTC
05/05/2026, 06:00:08 AM UTC",***Redacted***,Robbery - 2026-999999,,***Redacted***,"05/05/2026, 05:30:09 AM UTC",lookup,,
6daba5ba-39bb-4315-a40a-f215699c2021,Alex Fletcher,Bibb County SO GA,1360,"05/04/2026, 06:00:20 PM UTC
05/05/2026, 06:00:20 AM UTC",***Redacted***,Robbery - 2026-999999,,***Redacted***,"05/05/2026, 05:30:21 AM UTC",lookup,,
706b4518-3b24-4411-a395-5940a63f605f,Alex Fletcher,Bibb County SO GA,1360,"05/04/2026, 06:00:22 AM UTC
05/05/2026, 06:00:22 AM UTC",***Redacted***,Robbery - 2026-999999,,***Redacted***,"05/05/2026, 05:30:23 AM UTC",lookup,,
dbd150d6-8c16-43b7-b727-680d3a14d979,Alex Fletcher,Bibb County SO GA,1360,"05/04/2026, 06:00:24 PM UTC
05/05/2026, 06:00:24 AM UTC",***Redacted***,Robbery - 2026-999999,,***Redacted***,"05/05/2026, 05:30:26 AM UTC",lookup,,
ceeed541-9d35-4087-81c5-5bd9d96b2a9e,Alex Fletcher,Bibb County SO GA,1360,"05/04/2026, 06:00:36 PM UTC
05/05/2026, 06:00:36 AM UTC",***Redacted***,Robbery - 2026-999999,,***Redacted***,"05/05/2026, 05:30:37 AM UTC",lookup,,
8b2fbb0a-d1f5-41f7-b4d7-b253b05b7312,Alex Fletcher,Bibb County SO GA,1360,"05/04/2026, 06:00:14 PM UTC
05/05/2026, 06:00:14 AM UTC",***Redacted***,Robbery - 2026-999999,,***Redacted***,"05/05/2026, 05:31:15 AM UTC",lookup,,
0f240252-8bfe-4657-b5cf-258b174f797f,Alex Fletcher,Bibb County SO GA,1360,"05/04/2026, 06:00:17 PM UTC
05/05/2026, 06:00:17 AM UTC",***Redacted***,Robbery - 2026-999999,,***Redacted***,"05/05/2026, 05:31:18 AM UTC",lookup,,
4af9015c-72f7-41e8-80f4-31f9c790a6f7,Christian Erceg,Bibb County SO GA,11,"05/04/2026, 05:30:25 AM UTC
05/05/2026, 05:30:25 AM UTC",***Redacted***,Motor Vehicle Theft/Stolen - 2026-38652,,***Redacted***,"05/05/2026, 05:31:21 AM UTC",lookup,,
16493bf9-f5ab-4f6b-bc5a-1bae34592ed6,Alex Fletcher,Bibb County SO GA,1360,"05/04/2026, 06:00:25 AM UTC
05/05/2026, 06:00:25 AM UTC",***Redacted***,Robbery - 2026-999999,,***Redacted***,"05/05/2026, 05:31:26 AM UTC",lookup,,
9efee9bf-6eda-4dae-bfef-9ec6edf4a897,Alex Fletcher,Bibb County SO GA,1360,"05/04/2026, 06:00:37 PM UTC
05/05/2026, 06:00:37 AM UTC",***Redacted***,Robbery - 2026-999999,,***Redacted***,"05/05/2026, 05:31:38 AM UTC",lookup,,
301a88a3-f3f5-4ae5-8721-c59dbb2b358f,Alex Fletcher,Bibb County SO GA,1360,"05/04/2026, 06:00:42 PM UTC
05/05/2026, 06:00:42 AM UTC",***Redacted***,Robbery - 2026-999999,,***Redacted***,"05/05/2026, 05:31:43 AM UTC",lookup,,
aaa14f9c-23d3-46ef-916e-6024d8367bca,Christian Erceg,Bibb County SO GA,11,"05/04/2026, 05:30:25 AM UTC
05/05/2026, 05:30:25 AM UTC",***Redacted***,Motor Vehicle Theft/Stolen - 2026-38652,,***Redacted***,"05/05/2026, 05:31:43 AM UTC",lookup,,
20756311-565a-452c-80d2-ce0e2554aafc,Alex Fletcher,Bibb County SO GA,1360,"05/04/2026, 06:00:11 PM UTC
05/05/2026, 06:00:11 AM UTC",***Redacted***,Robbery - 2026-999999,,***Redacted***,"05/05/2026, 05:32:12 AM UTC",lookup,,
47061f86-5283-4960-99f2-48922a0dffd9,Alex Fletcher,Bibb County SO GA,1360,"05/04/2026, 06:00:13 PM UTC
05/05/2026, 06:00:13 AM UTC",***Redacted***,Robbery - 2026-999999,,***Redacted***,"05/05/2026, 05:32:14 AM UTC",lookup,,
5508a57e-1878-4b09-bb00-9ac205bb9446,Alex Fletcher,Bibb County SO GA,1360,"05/04/2026, 06:00:17 PM UTC
05/05/2026, 06:00:17 AM UTC",***Redacted***,Robbery - 2026-999999,,***Redacted***,"05/05/2026, 05:32:17 AM UTC",lookup,,
a577b4ac-8e0f-4cae-b714-3c00ac69de4a,Alex Fletcher,Bibb County SO GA,1360,"05/04/2026, 06:00:40 PM UTC
05/05/2026, 06:00:40 AM UTC",***Redacted***,Robbery - 2026-999999,,***Redacted***,"05/05/2026, 05:32:41 AM UTC",lookup,,
31ac7869-45f7-4e77-a149-10b07bdf2599,Alex Fletcher,Bibb County SO GA,1360,"05/04/2026, 06:00:43 PM UTC
05/05/2026, 06:00:43 AM UTC",***Redacted***,Robbery - 2026-999999,,***Redacted***,"05/05/2026, 05:32:44 AM UTC",lookup,,
2dc42423-0119-429c-8fd2-23d8da6b739d,Alex Fletcher,Bibb County SO GA,1360,"05/04/2026, 06:00:57 PM UTC
05/05/2026, 06:00:57 AM UTC",***Redacted***,Robbery - 2026-999999,,***Redacted***,"05/05/2026, 05:32:58 AM UTC",lookup,,
c15a2640-05de-4b08-990b-3750ccf97bc6,Alex Fletcher,Bibb County SO GA,1360,"05/04/2026, 06:00:21 PM UTC
05/05/2026, 06:00:21 AM UTC",***Redacted***,Robbery - 2026-999999,,***Redacted***,"05/05/2026, 05:33:22 AM UTC",lookup,,
bd4a1bff-cd4b-4f75-8211-3f60b7ed9158,Alex Fletcher,Bibb County SO GA,1360,"05/04/2026, 06:00:32 PM UTC
05/05/2026, 06:00:32 AM UTC",***Redacted***,Robbery - 2026-999999,,***Redacted***,"05/05/2026, 05:33:33 AM UTC",lookup,,
8de39dbb-c858-4d37-a75f-a96db8ada59c,Alex Fletcher,Bibb County SO GA,1360,"05/04/2026, 06:00:19 PM UTC
05/05/2026, 06:00:19 AM UTC",***Redacted***,Robbery - 2026-999999,,***Redacted***,"05/05/2026, 05:35:20 AM UTC",lookup,,
4edbab39-e956-4507-ac85-e67b564b0c90,Alex Fletcher,Bibb County SO GA,1360,"05/04/2026, 06:00:12 PM UTC
05/05/2026, 06:00:12 AM UTC",***Redacted***,Robbery - 2026-999999,,***Redacted***,"05/05/2026, 05:36:13 AM UTC",lookup,,
e12c6e97-8dbf-499b-97ca-753ca7ed83e5,Alex Fletcher,Bibb County SO GA,3,"05/04/2026, 06:00:54 PM UTC
05/05/2026, 06:00:54 AM UTC",***Redacted***,Arson - 2026-999999,,***Redacted***,"05/05/2026, 05:53:55 AM UTC",lookup,,
049a2eed-edf4-4a6b-8a45-d4ae161bb326,John Kile,Bibb County SO GA,11,"05/05/2026, 04:00:02 AM UTC
05/05/2026, 06:00:02 AM UTC",***Redacted***,Arson - 2026-38651,,***Redacted***,"05/05/2026, 05:56:37 AM UTC",search,,
f3267c7f-e9cf-47cf-ba3c-cc8ff5887f48,John Kile,Bibb County SO GA,11,"05/05/2026, 04:00:02 AM UTC
05/05/2026, 06:00:02 AM UTC",***Redacted***,Arson - 2026-38651,,***Redacted***,"05/05/2026, 05:56:59 AM UTC",search,,
3bc8455f-59d8-49ac-9e93-32d9dd5cda97,John Kile,Bibb County SO GA,11,"05/05/2026, 04:00:02 AM UTC
05/05/2026, 06:00:02 AM UTC",***Redacted***,Arson - 2026-38651,,***Redacted***,"05/05/2026, 05:59:29 AM UTC",search,,
67260ad3-4f25-4d32-b36b-2c1804204b6b,John Kile,Bibb County SO GA,11,"05/05/2026, 04:00:02 AM UTC
05/05/2026, 06:00:02 AM UTC",***Redacted***,Arson - 2026-38651,,***Redacted***,"05/05/2026, 05:59:42 AM UTC",lookup,,
32bc4263-ebb9-4cf9-a62e-1befa6a2826d,John Kile,Bibb County SO GA,11,"05/05/2026, 03:30:00 AM UTC
05/05/2026, 06:00:00 AM UTC",***Redacted***,Arson - 2026-38651,,***Redacted***,"05/05/2026, 06:00:16 AM UTC",lookup,,
8359b724-9532-4c0e-ae11-7d4e007b08b4,John Kile,Bibb County SO GA,11,"05/05/2026, 03:30:00 AM UTC
05/05/2026, 06:00:00 AM UTC",***Redacted***,Arson - 2026-38651,,***Redacted***,"05/05/2026, 06:00:50 AM UTC",lookup,,
a9e830d1-d2ac-4951-b7e9-6c5885065874,John Kile,Bibb County SO GA,11,"05/05/2026, 03:30:00 AM UTC
05/05/2026, 06:00:00 AM UTC",***Redacted***,Arson - 2026-38651,,***Redacted***,"05/05/2026, 06:01:04 AM UTC",search,,
9b999c8a-cb2a-4b2e-9443-84873f421458,John Kile,Bibb County SO GA,11,"05/05/2026, 03:30:00 AM UTC
05/05/2026, 06:00:00 AM UTC",***Redacted***,Arson - 2026-38651,,***Redacted***,"05/05/2026, 06:01:08 AM UTC",search,,
109ac4e0-3774-4ab8-ae13-bff1648ae44f,John Kile,Bibb County SO GA,11,"05/05/2026, 03:30:00 AM UTC
05/05/2026, 06:00:00 AM UTC",***Redacted***,Arson - 2026-38651,,***Redacted***,"05/05/2026, 06:01:39 AM UTC",search,,
15c09102-8ac0-4a7c-bf99-b599a75ed0c5,John Kile,Bibb County SO GA,11,"05/05/2026, 03:30:00 AM UTC
05/05/2026, 06:00:00 AM UTC",***Redacted***,Arson - 2026-38651,,***Redacted***,"05/05/2026, 06:02:10 AM UTC",search,,
e9b79416-86e5-4172-8547-ad21799c4580,John Kile,Bibb County SO GA,11,"05/05/2026, 03:30:00 AM UTC
05/05/2026, 06:00:00 AM UTC",***Redacted***,Arson - 2026-38651,,***Redacted***,"05/05/2026, 06:02:53 AM UTC",lookup,,
58cd29d3-b4d2-400e-bbd8-65000bbaf9fc,John Kile,Bibb County SO GA,11,"05/04/2026, 07:30:21 AM UTC
05/05/2026, 07:30:21 AM UTC",***Redacted***,Arson - 2026-38651,,***Redacted***,"05/05/2026, 07:02:38 AM UTC",lookup,,
23af1b3b-9b98-432f-9afc-a8c403c37949,John Kile,Bibb County SO GA,773,"04/05/2026, 07:02:54 AM UTC
05/05/2026, 07:02:54 AM UTC",***Redacted***,Arson - 2026-38651,,***Redacted***,"05/05/2026, 07:08:37 AM UTC",lookup,,
314122fb-ee5e-43cd-b7de-9e51a53bcdf4,John Kile,Bibb County SO GA,1,"05/05/2026, 04:15:21 AM UTC
05/05/2026, 04:15:27 AM UTC",***Redacted***,Arson - 2026-38651,,***Redacted***,"05/05/2026, 07:12:31 AM UTC",search,,
cb915dc4-899d-4f85-a6bb-0033d64a4ec3,Min Ha,Bibb County SO GA,767,"05/05/2026, 09:00:44 PM UTC
05/06/2026, 09:00:44 PM UTC",***Redacted***,Destruction/Damage/Vandalism of Property - 2026-39073,,***Redacted***,"05/06/2026, 09:10:37 PM UTC",lookup,,
c3ea7dbf-1cc3-4b6a-9b58-a2f20e60900b,Min Ha,Bibb County SO GA,767,"05/05/2026, 09:00:44 PM UTC
05/06/2026, 09:00:44 PM UTC",***Redacted***,Destruction/Damage/Vandalism of Property - 2026-39073,,***Redacted***,"05/06/2026, 09:11:18 PM UTC",lookup,,
3d95d815-1470-42d2-8aba-f40f4e1d6c1c,Seth Vonderhuevel,Bibb County SO GA,3,"05/05/2026, 10:00:02 PM UTC
05/06/2026, 10:00:02 PM UTC",***Redacted***,Motor Vehicle Theft/Stolen - 26-39047,,***Redacted***,"05/06/2026, 09:31:06 PM UTC",lookup,,
781d730f-f0b2-4970-a860-2237c95af511,Christopher Collis,Bibb County SO GA,11,"05/03/2026, 10:00:00 PM UTC
05/04/2026, 06:00:00 PM UTC",***Redacted***,Motor Vehicle Theft/Stolen - 2026-38277,,***Redacted***,"05/04/2026, 05:50:01 PM UTC",search,,
d8f036cf-3393-4f31-a92a-b7c2bd9c62f0,Robbie Joiner,Bibb County SO GA,1507,"05/04/2026, 04:00:00 AM UTC
05/04/2026, 04:00:00 PM UTC",***Redacted***,Hit and Run/Car Accident - 2026-38444,,***Redacted***,"05/04/2026, 03:56:24 PM UTC",lookup,,
eb541ea0-030a-4825-934a-2a70a75f669c,Robbie Joiner,Bibb County SO GA,1507,"05/04/2026, 04:00:00 AM UTC
05/04/2026, 04:00:00 PM UTC",***Redacted***,Hit and Run/Car Accident - 2026-38444,,***Redacted***,"05/04/2026, 04:08:42 PM UTC",lookup,,
eab77770-2f21-4ea6-912f-1b91e9b0a77d,Thomas Crites,Bibb County SO GA,1507,"05/03/2026, 10:00:00 PM UTC
05/03/2026, 11:00:00 PM UTC",***Redacted***,Weapons Offense (Guns/Shots Fired) - 2026-38264,,***Redacted***,"05/04/2026, 04:17:23 PM UTC",lookup,,
13232d84-89da-43d4-ae22-09b51b37baf1,Thomas Crites,Bibb County SO GA,1507,"05/03/2026, 10:00:00 PM UTC
05/03/2026, 11:00:00 PM UTC",***Redacted***,Weapons Offense (Guns/Shots Fired) - 2026-38264,,***Redacted***,"05/04/2026, 04:18:13 PM UTC",lookup,,
399a29ef-9fb7-4579-b7d2-632ebb322a05,Jonathan Hubbard,Bibb County SO GA,2,"05/04/2026, 08:30:21 AM UTC
05/04/2026, 08:30:21 PM UTC",***Redacted***,Motor Vehicle Theft/Stolen - tag,,***Redacted***,"05/04/2026, 08:19:23 PM UTC",search,,
ae365860-3d0d-41ce-935e-b6a20395d3c6,Jonathan Hubbard,Bibb County SO GA,2,"05/04/2026, 08:30:21 AM UTC
05/04/2026, 08:30:21 PM UTC",***Redacted***,Motor Vehicle Theft/Stolen - tag,,***Redacted***,"05/04/2026, 08:19:55 PM UTC",search,,
aeefd6d0-baed-4d2a-9fc1-803d7f3e2929,Jonathan Hubbard,Bibb County SO GA,2,"05/04/2026, 08:30:28 AM UTC
05/04/2026, 08:30:28 PM UTC",***Redacted***,Traffic Infraction - tg,,***Redacted***,"05/04/2026, 08:25:30 PM UTC",lookup,,
657a74bd-4128-4fae-9660-4b6761ffa548,Charlee Gibson,Bibb County SO GA,3,"05/04/2026, 01:25:00 AM UTC
05/04/2026, 02:00:00 AM UTC",***Redacted***,Robbery - 2026-38286,,***Redacted***,"05/04/2026, 08:32:59 PM UTC",search,,
dc031538-45c1-4866-b407-c60e24020a83,Elijah White,Bibb County SO GA,11,"04/20/2026, 07:30:01 PM UTC
05/04/2026, 07:30:01 PM UTC",***Redacted***,Motor Vehicle Theft/Stolen - stolen,,***Redacted***,"05/04/2026, 07:01:03 PM UTC",lookup,,
6d09fec1-a046-4d8f-8c3a-86b0ea878a8e,Elijah White,Bibb County SO GA,11,"05/03/2026, 07:30:06 PM UTC
05/04/2026, 07:30:06 PM UTC",***Redacted***,Motor Vehicle Theft/Stolen - stolen,,***Redacted***,"05/04/2026, 07:02:08 PM UTC",lookup,,
054375d2-0a7b-4fbf-899d-33ad0eb0f62f,Elijah White,Bibb County SO GA,11,"05/03/2026, 07:30:10 PM UTC
05/04/2026, 07:30:10 PM UTC",***Redacted***,Motor Vehicle Theft/Stolen - stolen,,***Redacted***,"05/04/2026, 07:05:12 PM UTC",lookup,,
6a42f588-2e0c-4c9a-9284-4c0d34a4c3e7,Elijah White,Bibb County SO GA,1,"05/04/2026, 03:30:00 PM UTC
05/04/2026, 03:35:00 PM UTC",***Redacted***,Motor Vehicle Theft/Stolen - stolen,,***Redacted***,"05/04/2026, 07:08:18 PM UTC",search,,
ef05d68f-e529-40c8-af74-89ba6dea79dc,Wesley Durbin,Bibb County SO GA,3,"04/04/2026, 07:30:19 PM UTC
05/04/2026, 07:30:19 PM UTC",***Redacted***,Financial Crime (Embezzlement/Fraud) - 2026-32438,,***Redacted***,"05/04/2026, 07:13:25 PM UTC",search,,
8f84f5d1-391f-440b-9905-10d1a6192f82,Justin Edwards,Bibb County SO GA,3,"04/27/2026, 07:17:19 PM UTC
05/04/2026, 07:17:19 PM UTC",***Redacted***,Wanted Person (Arrest Warrant/Fugitive) - 2024-67104,,***Redacted***,"05/04/2026, 07:17:23 PM UTC",lookup - Mobile,,
56738943-f0aa-446d-8776-7142a5b76831,Eric Pipkin,Bibb County SO GA,3,"05/02/2026, 07:30:34 PM UTC
05/04/2026, 07:30:34 PM UTC",***Redacted***,Drugs/Narcotics - Wanted person,,***Redacted***,"05/04/2026, 07:19:59 PM UTC",lookup,,
43c71333-ef04-44a9-8fc3-8c292f431c27,Eric Pipkin,Bibb County SO GA,3,"05/02/2026, 07:30:34 PM UTC
05/04/2026, 07:30:34 PM UTC",***Redacted***,Drugs/Narcotics - Wanted person,,***Redacted***,"05/04/2026, 07:20:15 PM UTC",lookup,,
3411a94b-0141-44c2-8bbc-ec84a743078a,Eric Pipkin,Bibb County SO GA,3,"05/01/2026, 07:30:34 PM UTC
05/04/2026, 07:30:34 PM UTC",***Redacted***,Drugs/Narcotics - Wanted person,,***Redacted***,"05/04/2026, 07:20:29 PM UTC",lookup,,
f6ad190e-6f38-405f-91cc-230b8c87525f,Eric Pipkin,Bibb County SO GA,3,"04/20/2026, 07:30:34 PM UTC
05/04/2026, 07:30:34 PM UTC",***Redacted***,Drugs/Narcotics - Wanted person,,***Redacted***,"05/04/2026, 07:20:43 PM UTC",lookup,,
d81e87cc-a360-40fd-87a3-553968cae8be,Eric Pipkin,Bibb County SO GA,732,"04/20/2026, 07:30:34 PM UTC
05/04/2026, 07:30:34 PM UTC",***Redacted***,Drugs/Narcotics - Wanted person,,***Redacted***,"05/04/2026, 07:21:03 PM UTC",lookup,,
1d6ec0b2-9ea7-4947-93c9-ffe95301deee,Eric Pipkin,Bibb County SO GA,732,"04/20/2026, 07:30:34 PM UTC
05/04/2026, 07:30:34 PM UTC",***Redacted***,Drugs/Narcotics - Wanted person,,***Redacted***,"05/04/2026, 07:22:21 PM UTC",lookup,,
9073d9f4-8508-416c-91c4-2a6585f36851,Justin Edwards,Bibb County SO GA,3,"04/27/2026, 07:24:26 PM UTC
05/04/2026, 07:24:26 PM UTC",***Redacted***,Wanted Person (Arrest Warrant/Fugitive) - 2024-67104,,***Redacted***,"05/04/2026, 07:24:28 PM UTC",lookup - Mobile,,
3d83c6c5-c083-4a9f-845f-7ae0543a29e1,Thomas Crites,Bibb County SO GA,1507,"05/01/2026, 06:00:00 PM UTC
05/04/2026, 04:00:00 AM UTC",***Redacted***,Motor Vehicle Theft/Stolen - 2026-38447,,***Redacted***,"05/04/2026, 04:25:55 PM UTC",lookup,,
349c3dc7-cd4c-446e-bae7-28147c19ef44,Thomas Crites,Bibb County SO GA,1507,"05/01/2026, 06:00:00 PM UTC
05/04/2026, 04:00:00 AM UTC",***Redacted***,Motor Vehicle Theft/Stolen - 2026-38447,,***Redacted***,"05/04/2026, 04:26:33 PM UTC",search,,
b79baf8d-d3e4-4499-80dc-ea614c4f4a8d,Thomas Crites,Bibb County SO GA,1507,"04/04/2026, 05:00:50 PM UTC
05/04/2026, 05:00:50 PM UTC",***Redacted***,Motor Vehicle Theft/Stolen - 26-38447,,***Redacted***,"05/04/2026, 04:32:52 PM UTC",lookup,,
56d931b9-c219-4acf-a822-87604aa937b0,Thomas Crites,Bibb County SO GA,5,"05/01/2026, 05:00:00 PM UTC
05/04/2026, 05:00:00 PM UTC",***Redacted***,Motor Vehicle Theft/Stolen - 26-38447,,***Redacted***,"05/04/2026, 04:34:36 PM UTC",freeform,"objectClass:vehicle ""black enlcosed trailer""",allow
f9fe2644-2315-4a9b-8af2-4a1204c5a1f1,Thomas Crites,Bibb County SO GA,5,"05/01/2026, 05:00:00 PM UTC
05/03/2026, 11:00:00 AM UTC",***Redacted***,Motor Vehicle Theft/Stolen - 26-38447,,***Redacted***,"05/04/2026, 04:40:00 PM UTC",freeform,"objectClass:vehicle ""black enlcosed trailer""",allow
fc16a190-26fd-4310-86e0-35fbb12590c7,Thomas Crites,Bibb County SO GA,1507,"05/04/2026, 12:00:00 AM UTC
05/04/2026, 02:00:00 AM UTC",***Redacted***,Robbery - 26-38286,,***Redacted***,"05/04/2026, 04:47:16 PM UTC",search,,
a723938c-962f-4d71-8542-c87ca4c8b4a4,Thomas Crites,Bibb County SO GA,1507,"05/04/2026, 12:00:00 AM UTC
05/04/2026, 02:00:00 AM UTC",***Redacted***,Robbery - 26-38286,,***Redacted***,"05/04/2026, 04:47:41 PM UTC",search,,
866e3008-c6d4-4225-9aee-049732bb296f,Thomas Crites,Bibb County SO GA,854,"04/04/2026, 05:00:43 PM UTC
05/04/2026, 05:00:43 PM UTC",***Redacted***,Robbery - 26-38286,,***Redacted***,"05/04/2026, 05:00:55 PM UTC",lookup,,
2f8c926d-a010-420f-b634-26303c0b40fa,Alex Fletcher,Bibb County SO GA,1360,"04/01/2026, 07:00:30 PM UTC
05/04/2026, 09:00:30 PM UTC",***Redacted***,Drugs/Narcotics - 2026-35667,,***Redacted***,"05/04/2026, 08:37:35 PM UTC",lookup,,
6c136b27-7eca-4020-89e3-0556b179fa0e,Charlee Gibson,Bibb County SO GA,3,"05/04/2026, 01:25:00 AM UTC
05/04/2026, 02:00:00 AM UTC",***Redacted***,Robbery - 2026-38286,,***Redacted***,"05/04/2026, 08:39:28 PM UTC",search,,
2ae3cf9d-9176-422d-966a-f80610c5d042,Charlee Gibson,Bibb County SO GA,1427,"05/04/2026, 01:25:00 AM UTC
05/04/2026, 02:00:00 AM UTC",***Redacted***,Robbery - 2026-38286,,***Redacted***,"05/04/2026, 08:42:21 PM UTC",search,,
aa6dcc15-8235-4607-971f-c16950a4a1a5,Charlee Gibson,Bibb County SO GA,852,"04/04/2026, 08:42:52 PM UTC
05/04/2026, 08:42:52 PM UTC",***Redacted***,Robbery - 2026-38286,,***Redacted***,"05/04/2026, 08:43:01 PM UTC",lookup,,
66e43055-0085-4850-9ce8-e5c0b961eae7,Alex Fletcher,Bibb County SO GA,1360,"04/01/2026, 07:00:30 PM UTC
05/04/2026, 09:00:30 PM UTC",***Redacted***,Drugs/Narcotics - 2026-35667,,***Redacted***,"05/04/2026, 08:44:45 PM UTC",lookup,,
30d5f99d-97cb-4e96-b29e-4adeb0914416,Alex Fletcher,Bibb County SO GA,1360,"04/01/2026, 07:00:30 PM UTC
05/04/2026, 09:00:30 PM UTC",***Redacted***,Drugs/Narcotics - 2026-35667,,***Redacted***,"05/04/2026, 08:52:36 PM UTC",lookup,,
35b162ae-22fa-4761-9cbe-c2967c51cd40,Courtney Wilder,Bibb County SO GA,11,"04/27/2026, 12:30:27 PM UTC
05/04/2026, 12:30:27 PM UTC",***Redacted***,Motor Vehicle Theft/Stolen - 2026-3208,,***Redacted***,"05/04/2026, 08:55:21 PM UTC",lookup,,
948bda9d-5764-4a3f-b052-2638c5b801ba,Courtney Wilder,Bibb County SO GA,11,"04/27/2026, 09:00:23 PM UTC
05/04/2026, 09:00:23 PM UTC",***Redacted***,Motor Vehicle Theft/Stolen - 2026-3208,,***Redacted***,"05/04/2026, 08:55:24 PM UTC",lookup,,
7fa9240a-a6a1-4301-b272-8e7221d7cf0b,Courtney Wilder,Bibb County SO GA,11,"04/04/2026, 09:00:27 PM UTC
05/04/2026, 09:00:27 PM UTC",***Redacted***,Motor Vehicle Theft/Stolen - 2026-3208,,***Redacted***,"05/04/2026, 08:55:28 PM UTC",lookup,,
801f414b-3bf2-40fd-9b91-ca60311ddfa4,Kasie Huston,Bibb County SO GA,2,"04/04/2026, 09:00:16 PM UTC
05/04/2026, 09:00:16 PM UTC",***Redacted***,Material Witness - 22CR80904,,***Redacted***,"05/04/2026, 08:55:53 PM UTC",lookup,,
fa2d6812-799d-4312-8ffa-e0d98eb46896,Charlee Gibson,Bibb County SO GA,852,"04/04/2026, 08:56:37 PM UTC
05/04/2026, 08:56:37 PM UTC",***Redacted***,Robbery - 2026-38286,,***Redacted***,"05/04/2026, 08:56:39 PM UTC",lookup,,
2d9f5d2c-f14e-4832-9a93-54aa26bfa1d6,Courtney Wilder,Bibb County SO GA,11,"05/03/2026, 12:30:19 PM UTC
05/04/2026, 12:30:19 PM UTC",***Redacted***,Stolen Property Offenses - cfs#529,,***Redacted***,"05/04/2026, 12:28:21 PM UTC",lookup,,
b1974142-7e30-41a2-ab4b-fed59d02b537,Courtney Wilder,Bibb County SO GA,11,"04/27/2026, 12:30:27 PM UTC
05/04/2026, 12:30:27 PM UTC",***Redacted***,Stolen Property Offenses - cfs#529,,***Redacted***,"05/04/2026, 12:28:30 PM UTC",lookup,,
606c890a-46a0-43d3-891b-d21d96b059e3,Justin Edwards,Bibb County SO GA,3,"04/27/2026, 12:35:04 PM UTC
05/04/2026, 12:35:04 PM UTC",***Redacted***,Wanted Person (Arrest Warrant/Fugitive) - 2024-67104,,***Redacted***,"05/04/2026, 12:35:06 PM UTC",lookup - Mobile,,
0875c259-6d0d-4c92-8dd5-5a82dd1a339c,Charlee Gibson,Bibb County SO GA,1428,"05/04/2026, 11:00:07 AM UTC
05/04/2026, 01:00:07 PM UTC",***Redacted***,Motor Vehicle Theft/Stolen - 2026-38401,,***Redacted***,"05/04/2026, 12:57:25 PM UTC",lookup,,
f494f317-169c-45ee-80b2-35bb3740d23b,Charlee Gibson,Bibb County SO GA,3,"05/04/2026, 11:00:07 AM UTC
05/04/2026, 01:00:07 PM UTC",***Redacted***,Motor Vehicle Theft/Stolen - 2026-38401,,***Redacted***,"05/04/2026, 12:57:40 PM UTC",lookup,,
6502c1b5-d051-41a4-a803-10c579a5182e,Charlee Gibson,Bibb County SO GA,3,"05/03/2026, 01:00:18 PM UTC
05/04/2026, 01:00:18 PM UTC",***Redacted***,Motor Vehicle Theft/Stolen - 2026-38401,,***Redacted***,"05/04/2026, 12:58:20 PM UTC",lookup,,
f59c6210-8f50-469f-a897-9c7e50517b8f,Charlee Gibson,Bibb County SO GA,3,"05/03/2026, 01:00:18 PM UTC
05/04/2026, 01:00:18 PM UTC",***Redacted***,Motor Vehicle Theft/Stolen - 2026-38401,,***Redacted***,"05/04/2026, 12:59:52 PM UTC",lookup,,
2a31b92c-6a44-49be-b644-c3e6b6668c82,Corey Ostrow,Bibb County SO GA,11,"05/03/2026, 04:30:00 PM UTC
05/04/2026, 01:30:00 PM UTC",***Redacted***,Motor Vehicle Theft/Stolen - 2026-38401,,***Redacted***,"05/04/2026, 01:03:31 PM UTC",lookup,,
f2118d1d-10a8-4d08-a431-c38cc938ff52,Corey Ostrow,Bibb County SO GA,11,"05/03/2026, 04:30:00 PM UTC
05/04/2026, 01:30:00 PM UTC",***Redacted***,Motor Vehicle Theft/Stolen - 2026-38401,,***Redacted***,"05/04/2026, 01:03:49 PM UTC",lookup,,
b34eb0e3-7622-4d32-aaa0-75360bed6c5f,Corey Ostrow,Bibb County SO GA,11,"05/03/2026, 04:30:00 PM UTC
05/04/2026, 01:30:00 PM UTC",***Redacted***,Motor Vehicle Theft/Stolen - 2026-38401,,***Redacted***,"05/04/2026, 01:03:54 PM UTC",lookup,,
a1136243-de13-4d78-a38b-52379980d12d,Corey Ostrow,Bibb County SO GA,773,"04/04/2026, 01:30:26 PM UTC
05/04/2026, 01:30:26 PM UTC",***Redacted***,Motor Vehicle Theft/Stolen - 2026-38401,,***Redacted***,"05/04/2026, 01:04:32 PM UTC",lookup,,
9f3ae062-1430-4751-aeb4-09cadbda2e5a,Corey Ostrow,Bibb County SO GA,2,"05/03/2026, 09:05:00 PM UTC
05/04/2026, 01:30:00 PM UTC",***Redacted***,Motor Vehicle Theft/Stolen - 2026-38401,,***Redacted***,"05/04/2026, 01:08:23 PM UTC",search,,
9efabfcb-5a44-4761-a80c-62cc897d4b84,Charlee Gibson,Bibb County SO GA,3,"05/03/2026, 02:00:53 PM UTC
05/04/2026, 02:00:53 PM UTC",***Redacted***,Motor Vehicle Theft/Stolen - 2026-38401,,***Redacted***,"05/04/2026, 01:44:54 PM UTC",lookup,,
24b8b785-0e8d-4b26-98e6-aa390f5d6043,Christopher Collis,Bibb County SO GA,11,"05/03/2026, 10:00:00 PM UTC
05/04/2026, 06:00:00 PM UTC",***Redacted***,Motor Vehicle Theft/Stolen - 2026-38277,,***Redacted***,"05/04/2026, 06:02:08 PM UTC",lookup,,
daae11a6-b65b-4340-93a1-fb0a4fec40d4,Christopher Collis,Bibb County SO GA,11,"05/03/2026, 04:00:00 AM UTC
05/03/2026, 10:00:00 PM UTC",***Redacted***,Motor Vehicle Theft/Stolen - 2026-38277,,***Redacted***,"05/04/2026, 06:10:52 PM UTC",lookup,,
84b9c492-443f-4920-8c9d-8eae7fbe4c73,Christopher Collis,Bibb County SO GA,11,"05/03/2026, 04:00:00 AM UTC
05/04/2026, 10:00:00 PM UTC",***Redacted***,Motor Vehicle Theft/Stolen - 2026-38277,,***Redacted***,"05/04/2026, 06:11:27 PM UTC",lookup,,
b07188fb-c37f-45dd-b06c-0ddb08fd6776,Joseph Callaway,Bibb County SO GA,11,"04/04/2026, 06:30:23 PM UTC
05/04/2026, 06:30:23 PM UTC",***Redacted***,Welfare Check - na,,***Redacted***,"05/04/2026, 06:14:26 PM UTC",lookup,,
01c121c3-bd4a-4b92-8cea-711166af8bf1,Joseph Callaway,Bibb County SO GA,11,"04/04/2026, 06:30:23 PM UTC
05/04/2026, 06:30:23 PM UTC",***Redacted***,Welfare Check - na,,***Redacted***,"05/04/2026, 06:15:32 PM UTC",lookup,,
41d27d33-bf6d-41e0-955b-5955d709370a,Joseph Callaway,Bibb County SO GA,773,"04/04/2026, 06:30:01 PM UTC
05/04/2026, 06:30:01 PM UTC",***Redacted***,Welfare Check - na,,***Redacted***,"05/04/2026, 06:16:06 PM UTC",lookup,,
f2c5937e-7efd-4234-a1ff-f97604945117,Elijah White,Bibb County SO GA,11,"05/03/2026, 06:30:46 PM UTC
05/04/2026, 06:30:46 PM UTC",***Redacted***,Motor Vehicle Theft/Stolen - stolen,,***Redacted***,"05/04/2026, 06:25:50 PM UTC",lookup,,
77b0e98c-71f8-405b-8852-38bc9cb175ef,Elijah White,Bibb County SO GA,11,"04/27/2026, 06:30:52 PM UTC
05/04/2026, 06:30:52 PM UTC",***Redacted***,Motor Vehicle Theft/Stolen - stolen,,***Redacted***,"05/04/2026, 06:25:55 PM UTC",lookup,,
ccddd5b6-1785-49c6-a4bd-67255640a471,Alexis Robinson,Bibb County SO GA,3,"04/30/2026, 02:30:43 PM UTC
05/01/2026, 02:30:43 PM UTC",***Redacted***,"Motor Vehicle Theft/Stolen, Robbery - 2026-00037510",,***Redacted***,"05/04/2026, 02:10:31 PM UTC",lookup,,
975c4a2d-b434-4f56-9f2a-028920186b3d,Alexis Robinson,Bibb County SO GA,3,"05/03/2026, 02:30:38 PM UTC
05/04/2026, 02:30:38 PM UTC",***Redacted***,"Motor Vehicle Theft/Stolen, Robbery - 2026-00037510",,***Redacted***,"05/04/2026, 02:10:41 PM UTC",lookup,,
5905a3e0-e627-4142-bb6a-af7015252a02,Alexis Robinson,Bibb County SO GA,1427,"05/03/2026, 02:30:38 PM UTC
05/04/2026, 02:30:38 PM UTC",***Redacted***,"Motor Vehicle Theft/Stolen, Robbery - 2026-00037510",,***Redacted***,"05/04/2026, 02:10:52 PM UTC",lookup,,
928b7df6-c593-4ef9-aed6-c14f9a43673e,Alexis Robinson,Bibb County SO GA,1427,"05/02/2026, 02:30:55 PM UTC
05/04/2026, 02:30:55 PM UTC",***Redacted***,"Motor Vehicle Theft/Stolen, Robbery - 2026-00037510",,***Redacted***,"05/04/2026, 02:11:00 PM UTC",lookup,,
5d1fb40f-79ac-4a2b-81b1-df1e8cae97e1,Alexis Robinson,Bibb County SO GA,1427,"04/04/2026, 02:30:04 PM UTC
05/04/2026, 02:30:04 PM UTC",***Redacted***,"Motor Vehicle Theft/Stolen, Robbery - 2026-00037510",,***Redacted***,"05/04/2026, 02:11:08 PM UTC",lookup,,
cad7f622-c960-4bb7-9ad8-bb156fbaf940,Thomas Crites,Bibb County SO GA,1507,"05/03/2026, 10:45:00 PM UTC
05/03/2026, 11:00:00 PM UTC",***Redacted***,Weapons Offense (Guns/Shots Fired) - 2026-38264,,***Redacted***,"05/04/2026, 02:16:19 PM UTC",search,,
926d1875-0e11-45bd-bc87-ad53b4e44d34,Wesley Durbin,Bibb County SO GA,3,"04/02/2026, 12:30:00 PM UTC
04/03/2026, 02:30:00 AM UTC",***Redacted***,Financial Crime (Embezzlement/Fraud) - 2026-32438,,***Redacted***,"05/04/2026, 02:22:38 PM UTC",lookup,,
9b499686-6e43-4d1c-8e0b-6b9eca0a8e9c,Thomas Crites,Bibb County SO GA,1507,"05/03/2026, 10:45:00 PM UTC
05/03/2026, 11:00:00 PM UTC",***Redacted***,Weapons Offense (Guns/Shots Fired) - 2026-38264,,***Redacted***,"05/04/2026, 02:25:03 PM UTC",search,,
9d995688-a32f-4201-b77c-06f5121b4c7c,Thomas Crites,Bibb County SO GA,1507,"05/03/2026, 10:45:00 PM UTC
05/03/2026, 11:00:00 PM UTC",***Redacted***,Weapons Offense (Guns/Shots Fired) - 2026-38264,,***Redacted***,"05/04/2026, 02:27:11 PM UTC",search,,
fee88ac5-cca1-48a3-84bb-e326f5844428,Thomas Crites,Bibb County SO GA,1507,"05/03/2026, 10:45:00 PM UTC
05/03/2026, 11:00:00 PM UTC",***Redacted***,Weapons Offense (Guns/Shots Fired) - 2026-38264,,***Redacted***,"05/04/2026, 02:27:22 PM UTC",search,,
c37266df-b56a-4c5f-9ddc-9117d3fd30ba,Courtney Wilder,Bibb County SO GA,11,"04/27/2026, 12:30:27 PM UTC
05/04/2026, 12:30:27 PM UTC",***Redacted***,Stolen Property Offenses - cfs#529,,***Redacted***,"05/04/2026, 02:36:00 PM UTC",lookup,,
f820ba1d-66d0-4119-9b02-cd7e43e8a9b8,Joanna Stokes,Bibb County SO GA,11,"05/04/2026, 01:00:46 PM UTC
05/04/2026, 03:00:46 PM UTC",***Redacted***,Robbery - roswell pd,,***Redacted***,"05/04/2026, 02:39:21 PM UTC",lookup,,
28b39642-f9d5-48f4-a319-f7eef807857b,Alex Fletcher,Bibb County SO GA,1360,"04/04/2026, 10:43:38 PM UTC
05/04/2026, 10:43:38 PM UTC",***Redacted***,Drugs/Narcotics - 2026-35667,,***Redacted***,"05/04/2026, 10:43:40 PM UTC",lookup - Mobile,,
a107ba8e-6873-4b02-a66e-9df1576612a0,Seth Vonderhuevel,Bibb County SO GA,1427,"05/03/2026, 10:47:16 PM UTC
05/04/2026, 10:47:16 PM UTC",***Redacted***,Wanted Person (Arrest Warrant/Fugitive) - Bolo monroe,,***Redacted***,"05/04/2026, 10:47:17 PM UTC",search - Mobile,,
629881e5-bb20-477b-b4e3-1d4076258985,Seth Vonderhuevel,Bibb County SO GA,1427,"05/03/2026, 10:47:35 PM UTC
05/04/2026, 10:47:35 PM UTC",***Redacted***,Wanted Person (Arrest Warrant/Fugitive) - Bolo monroe,,***Redacted***,"05/04/2026, 10:47:37 PM UTC",search - Mobile,,
4fce2cca-9f55-4335-ae86-773f55631c76,Justin Edwards,Bibb County SO GA,3,"04/27/2026, 10:50:17 PM UTC
05/04/2026, 10:50:17 PM UTC",***Redacted***,Wanted Person (Arrest Warrant/Fugitive) - 2024-67104,,***Redacted***,"05/04/2026, 10:50:20 PM UTC",search - Mobile,,
cee04b90-12b7-4bc1-841d-00847b4574ca,Justin Edwards,Bibb County SO GA,732,"04/27/2026, 10:51:00 PM UTC
05/04/2026, 10:51:00 PM UTC",***Redacted***,Wanted Person (Arrest Warrant/Fugitive) - 2024-67104,,***Redacted***,"05/04/2026, 10:51:04 PM UTC",search - Mobile,,
bc4e603d-2f59-4e42-a64f-caa5b3f156f9,Justin Edwards,Bibb County SO GA,777,"05/04/2026, 04:52:09 PM UTC
05/04/2026, 10:52:09 PM UTC",***Redacted***,Wanted Person (Arrest Warrant/Fugitive) - 2024-67104,,***Redacted***,"05/04/2026, 10:52:12 PM UTC",search - Mobile,,
929c4f36-187d-4520-8e1e-bcaa1605740a,Christopher Collis,Bibb County SO GA,11,"05/03/2026, 04:00:00 AM UTC
05/04/2026, 11:00:00 PM UTC",***Redacted***,Motor Vehicle Theft/Stolen - 2026-38277,,***Redacted***,"05/04/2026, 10:55:21 PM UTC",lookup,,
3a7cdb5d-b64d-42a2-908b-a5c970437cd2,Alex Fletcher,Bibb County SO GA,1360,"04/04/2026, 11:22:28 PM UTC
05/04/2026, 11:22:28 PM UTC",***Redacted***,Drugs/Narcotics - 2026-35667,,***Redacted***,"05/04/2026, 11:22:30 PM UTC",lookup - Mobile,,
0b3abb22-d498-4c9c-aa1c-5b096da989ae,Alex Fletcher,Bibb County SO GA,1360,"04/04/2026, 11:23:14 PM UTC
05/04/2026, 11:23:14 PM UTC",***Redacted***,Drugs/Narcotics - 2026-35667,,***Redacted***,"05/04/2026, 11:23:15 PM UTC",lookup - Mobile,,
7358fbcd-18ae-490b-9b8a-0f3a17bfe88b,Toni Lewis,Bibb County SO GA,773,"04/05/2026, 12:30:01 AM UTC
05/05/2026, 12:30:01 AM UTC",***Redacted***,Welfare Check - victim vehicle,,***Redacted***,"05/05/2026, 12:07:07 AM UTC",lookup,,
5a9643b7-2f04-4a73-896b-d6f66ab1a936,MELANIE HOFMANN,Bibb County SO GA,11,"05/02/2026, 11:00:00 AM UTC
05/05/2026, 12:30:00 AM UTC",***Redacted***,Stalking - 2026-38566,,***Redacted***,"05/05/2026, 12:20:46 AM UTC",search,,
038083ad-5eaf-42a4-9a06-9a390d419660,MELANIE HOFMANN,Bibb County SO GA,11,"04/16/2026, 11:00:00 AM UTC
05/05/2026, 12:30:00 AM UTC",***Redacted***,Stalking - 2026-38566,,***Redacted***,"05/05/2026, 12:23:43 AM UTC",search,,
fbd7df02-5059-4045-b6cf-01ef228fa5e2,Alex Fletcher,Bibb County SO GA,1360,"04/04/2026, 09:33:01 PM UTC
05/04/2026, 09:33:01 PM UTC",***Redacted***,Drugs/Narcotics - 2026-35667,,***Redacted***,"05/04/2026, 09:33:03 PM UTC",lookup - Mobile,,
75685dab-3c10-4510-8e64-d0a5dcf32d44,Dontavis Jones,Bibb County SO GA,22,"05/31/2026, 06:30:37 AM UTC
05/31/2026, 08:30:37 AM UTC",***Redacted***,Motor Vehicle Theft/Stolen - ,theft,***Redacted***,"05/31/2026, 08:04:27 AM UTC",lookup,,
cc4f796f-fd2f-4bc5-8e28-7fa03333c3af,Dontavis Jones,Bibb County SO GA,22,"05/31/2026, 06:30:37 AM UTC
05/31/2026, 08:30:37 AM UTC",***Redacted***,Motor Vehicle Theft/Stolen - ,theft,***Redacted***,"05/31/2026, 08:04:47 AM UTC",search,,
2f7aa349-e3ef-4c58-8bb3-7fae526a7339,Dontavis Jones,Bibb County SO GA,22,"05/31/2026, 06:30:37 AM UTC
05/31/2026, 08:30:37 AM UTC",***Redacted***,Motor Vehicle Theft/Stolen - ,theft,***Redacted***,"05/31/2026, 08:04:52 AM UTC",search,,
857ca3b9-bf1f-4c23-9a75-659bda0e6e76,Dontavis Jones,Bibb County SO GA,22,"05/31/2026, 06:30:37 AM UTC
05/31/2026, 08:30:37 AM UTC",***Redacted***,Motor Vehicle Theft/Stolen - ,theft,***Redacted***,"05/31/2026, 08:05:05 AM UTC",search,,
85f6fa39-aba3-40b0-9b9e-ddbf37f9ca46,Dontavis Jones,Bibb County SO GA,22,"05/31/2026, 07:50:04 AM UTC
05/31/2026, 08:05:04 AM UTC",***Redacted***,Motor Vehicle Theft/Stolen - ,theft,***Redacted***,"05/31/2026, 08:05:10 AM UTC",search,,
f232092e-5b53-4c87-ae73-8e639e2fb946,Dontavis Jones,Bibb County SO GA,22,"05/31/2026, 07:50:04 AM UTC
05/31/2026, 08:05:04 AM UTC",***Redacted***,Motor Vehicle Theft/Stolen - ,theft,***Redacted***,"05/31/2026, 08:05:20 AM UTC",search,,
8cb0daee-284e-4800-b046-f3c63daa0126,Dontavis Jones,Bibb County SO GA,22,"05/31/2026, 06:30:43 AM UTC
05/31/2026, 08:30:43 AM UTC",***Redacted***,Motor Vehicle Theft/Stolen - ,theft,***Redacted***,"05/31/2026, 08:05:50 AM UTC",search,,
a6151883-0b32-4b57-9c15-6048610b1431,Dontavis Jones,Bibb County SO GA,22,"05/31/2026, 06:30:43 AM UTC
05/31/2026, 08:30:43 AM UTC",***Redacted***,Motor Vehicle Theft/Stolen - ,theft,***Redacted***,"05/31/2026, 08:05:56 AM UTC",lookup,,
ad6981f8-dbf9-4ec8-8bcf-0c8e74b87f34,Dontavis Jones,Bibb County SO GA,22,"05/31/2026, 06:30:43 AM UTC
05/31/2026, 08:30:43 AM UTC",***Redacted***,Motor Vehicle Theft/Stolen - ,theft,***Redacted***,"05/31/2026, 08:06:04 AM UTC",lookup,,
cf39cfdd-9c64-4b63-960e-b5ff1e450d8e,Dontavis Jones,Bibb County SO GA,22,"05/31/2026, 06:30:43 AM UTC
05/31/2026, 08:30:43 AM UTC",***Redacted***,Motor Vehicle Theft/Stolen - ,theft,***Redacted***,"05/31/2026, 08:06:20 AM UTC",lookup,,
e35a1971-6eaf-47bf-bd53-394b68842d15,MELANIE HOFMANN,Bibb County SO GA,11,"05/30/2026, 02:00:03 AM UTC
06/01/2026, 02:00:03 AM UTC",***Redacted***,Larceny/Theft Offenses - ,2026-47434,***Redacted***,"06/01/2026, 01:57:11 AM UTC",search,,
3b6a906a-1ae4-40e8-864d-ff659cb0ac81,MELANIE HOFMANN,Bibb County SO GA,11,"05/30/2026, 02:00:03 AM UTC
06/01/2026, 02:00:03 AM UTC",***Redacted***,Larceny/Theft Offenses - ,2026-47434,***Redacted***,"06/01/2026, 01:57:28 AM UTC",search,,
e9eda5dd-da6a-4290-aca4-2209fc67c0fd,Fred Gray,Bibb County SO GA,2,"05/30/2026, 11:00:31 AM UTC
05/31/2026, 11:00:31 AM UTC",***Redacted***,Motor Vehicle Theft/Stolen - ,2026-47263,***Redacted***,"05/31/2026, 10:36:33 AM UTC",lookup,,
042dafef-28a3-4c20-9488-e964ce5da14b,Fred Gray,Bibb County SO GA,2,"05/30/2026, 11:00:31 AM UTC
05/31/2026, 11:00:31 AM UTC",***Redacted***,Motor Vehicle Theft/Stolen - ,2026-47263,***Redacted***,"05/31/2026, 10:36:58 AM UTC",lookup,,
f466d1eb-1d0a-4bcc-99b5-3dddc01dcaa8,Seth Vonderhuevel,Bibb County SO GA,1423,"05/30/2026, 08:00:07 PM UTC
05/31/2026, 08:00:07 PM UTC",***Redacted***,Motor Vehicle Theft/Stolen - ,D3-15,***Redacted***,"05/31/2026, 07:47:09 PM UTC",lookup,,
0813905c-ebb2-4681-a262-60de4bb50243,Seth Vonderhuevel,Bibb County SO GA,1423,"05/24/2026, 08:00:13 PM UTC
05/31/2026, 08:00:13 PM UTC",***Redacted***,Motor Vehicle Theft/Stolen - ,D3-15,***Redacted***,"05/31/2026, 07:47:16 PM UTC",lookup,,
6d27989b-098b-437a-9157-7d03562e9464,Adam Grant,Bibb County SO GA,1354,"05/30/2026, 09:45:58 AM UTC
05/31/2026, 09:45:58 AM UTC",***Redacted***,Motor Vehicle Theft/Stolen - ,2026-1296,***Redacted***,"05/31/2026, 09:46:00 AM UTC",lookup - Mobile,,
fb907385-f1b7-4402-b631-bf78a9fa6dfe,Adam Grant,Bibb County SO GA,1354,"05/30/2026, 09:46:10 AM UTC
05/31/2026, 09:46:10 AM UTC",***Redacted***,Motor Vehicle Theft/Stolen - ,2026-1296,***Redacted***,"05/31/2026, 09:46:12 AM UTC",lookup - Mobile,,
4dc4cd25-0f0b-4c2e-988e-41d1ecdba038,Adam Grant,Bibb County SO GA,1354,"05/01/2026, 09:46:25 AM UTC
05/31/2026, 09:46:25 AM UTC",***Redacted***,Larceny/Theft Offenses - ,2026-1296,***Redacted***,"05/31/2026, 09:46:27 AM UTC",lookup - Mobile,,
0402c794-4729-40c2-ae15-b2bdf98b5aaa,Adam Grant,Bibb County SO GA,1354,"05/01/2026, 09:46:52 AM UTC
05/31/2026, 09:46:52 AM UTC",***Redacted***,Larceny/Theft Offenses - ,2026-1296,***Redacted***,"05/31/2026, 09:46:58 AM UTC",lookup - Mobile,,
371ee71c-14e5-47de-b238-b09e60bec177,Michael Jones,Bibb County SO GA,10,"05/31/2026, 09:16:38 PM UTC
06/01/2026, 03:16:38 AM UTC",***Redacted***,Larceny/Theft Offenses - ,2026-47450,***Redacted***,"06/01/2026, 03:16:39 AM UTC",lookup - Mobile,,
104d7e8f-f1fe-4740-9f66-11e8b601b2bc,Michael Jones,Bibb County SO GA,10,"05/31/2026, 08:24:34 PM UTC
06/01/2026, 02:24:34 AM UTC",***Redacted***,Larceny/Theft Offenses - ,2026-47450,***Redacted***,"06/01/2026, 02:24:35 AM UTC",lookup - Mobile,,
d0b00940-ee40-4088-ac80-a8d15b702bc5,Michael Jones,Bibb County SO GA,10,"05/31/2026, 08:24:41 PM UTC
06/01/2026, 02:24:41 AM UTC",***Redacted***,Larceny/Theft Offenses - ,2026-47450,***Redacted***,"06/01/2026, 02:24:42 AM UTC",lookup - Mobile,,
78acfb8c-f96f-4245-86a3-e3de688d3df3,Michael Jones,Bibb County SO GA,10,"05/31/2026, 08:25:08 PM UTC
06/01/2026, 02:25:08 AM UTC",***Redacted***,Larceny/Theft Offenses - ,2026-47450,***Redacted***,"06/01/2026, 02:25:08 AM UTC",lookup - Mobile,,
2fbd882b-572b-459c-8225-0b317c47729d,Fred Gray,Bibb County SO GA,2,"05/30/2026, 03:30:40 PM UTC
05/31/2026, 03:30:40 PM UTC",***Redacted***,Motor Vehicle Theft/Stolen - ,D4-17,***Redacted***,"05/31/2026, 03:25:58 PM UTC",lookup,,
12a683fa-2f47-42ac-9fc1-5ebf95d87fa0,Alex Fletcher,Bibb County SO GA,1423,"05/31/2026, 11:52:16 PM UTC
06/01/2026, 12:07:16 AM UTC",***Redacted***,Drugs/Narcotics - ,2025-78977,***Redacted***,"06/01/2026, 12:07:38 AM UTC",search,,
b03d69f4-3947-4af8-97ee-9c79571b1c43,Alex Fletcher,Bibb County SO GA,3,"05/31/2026, 11:52:16 PM UTC
06/01/2026, 12:07:16 AM UTC",***Redacted***,Drugs/Narcotics - ,2025-78977,***Redacted***,"06/01/2026, 12:07:50 AM UTC",search,,
b6de7519-b2d4-4bcf-8e54-05f1bbdaa5a0,Alex Fletcher,Bibb County SO GA,3,"05/31/2026, 11:52:16 PM UTC
06/01/2026, 12:07:16 AM UTC",***Redacted***,Drugs/Narcotics - ,2025-78977,***Redacted***,"06/01/2026, 12:10:07 AM UTC",search,,
5020b78d-2528-43e3-8175-2dcf1432062a,Michael Jones,Bibb County SO GA,10,"05/31/2026, 08:19:13 PM UTC
06/01/2026, 02:19:13 AM UTC",***Redacted***,Larceny/Theft Offenses - ,2026-47450,***Redacted***,"06/01/2026, 02:19:14 AM UTC",lookup - Mobile,,
b458f879-13b6-4264-9dcc-27248fe4ae7b,Michael Jones,Bibb County SO GA,10,"05/31/2026, 08:19:49 PM UTC
06/01/2026, 02:19:49 AM UTC",***Redacted***,Larceny/Theft Offenses - ,2026-47450,***Redacted***,"06/01/2026, 02:19:50 AM UTC",lookup - Mobile,,
7500e006-5899-4006-9dcd-f901838bea44,Alex Fletcher,Bibb County SO GA,3,"05/31/2026, 12:30:04 AM UTC
06/01/2026, 12:30:04 AM UTC",***Redacted***,Drugs/Narcotics - ,2025-78977,***Redacted***,"06/01/2026, 01:04:28 AM UTC",freeform,objectClass:vehicle el camino,allow
75fd7dcb-b810-47c9-b3db-6eaab85fb0f3,Alex Fletcher,Bibb County SO GA,3,"05/31/2026, 01:30:51 AM UTC
06/01/2026, 01:30:51 AM UTC",***Redacted***,Drugs/Narcotics - ,2025-78977,***Redacted***,"06/01/2026, 01:08:58 AM UTC",lookup,,
788f9f19-a5ae-416d-a10b-6c3aab2fb742,Alex Fletcher,Bibb County SO GA,3,"05/31/2026, 01:30:51 AM UTC
06/01/2026, 01:30:51 AM UTC",***Redacted***,Drugs/Narcotics - ,2025-78977,***Redacted***,"06/01/2026, 01:11:25 AM UTC",lookup,,
45759cdd-40b9-46a7-887b-ef46de508998,Alex Fletcher,Bibb County SO GA,3,"05/31/2026, 01:30:51 AM UTC
06/01/2026, 01:30:51 AM UTC",***Redacted***,Drugs/Narcotics - ,2025-78977,***Redacted***,"06/01/2026, 01:15:52 AM UTC",lookup,,
580c46d6-70b8-45b4-8619-df25691ed3d3,Shane Benton,Bibb County SO GA,11,"05/30/2026, 02:30:13 PM UTC
05/31/2026, 02:30:13 PM UTC",***Redacted***,Motor Vehicle Theft/Stolen - ,2026-D4-17,***Redacted***,"05/31/2026, 02:32:15 PM UTC",lookup,,
1404d9e4-7557-44f6-b0bb-3e051afecffd,Shane Benton,Bibb County SO GA,11,"05/30/2026, 03:00:56 PM UTC
05/31/2026, 03:00:56 PM UTC",***Redacted***,Motor Vehicle Theft/Stolen - ,2026-D4-17,***Redacted***,"05/31/2026, 02:34:58 PM UTC",lookup,,
c7dbe346-e58b-408a-8fc7-c1ef0f2b98be,Shane Benton,Bibb County SO GA,11,"05/30/2026, 03:00:48 PM UTC
05/31/2026, 03:00:48 PM UTC",***Redacted***,Motor Vehicle Theft/Stolen - ,2026-D4-17,***Redacted***,"05/31/2026, 02:44:50 PM UTC",lookup,,
e9b88c4e-6d3d-473d-bf25-d418c2e0baea,Shane Benton,Bibb County SO GA,11,"05/30/2026, 03:00:48 PM UTC
05/31/2026, 03:00:48 PM UTC",***Redacted***,Motor Vehicle Theft/Stolen - ,2026-D4-17,***Redacted***,"05/31/2026, 02:49:07 PM UTC",lookup,,
9d22199a-152c-4063-b102-adee18d25c5f,Shane Benton,Bibb County SO GA,11,"05/30/2026, 03:00:48 PM UTC
05/31/2026, 03:00:48 PM UTC",***Redacted***,Motor Vehicle Theft/Stolen - ,2026-D4-17,***Redacted***,"05/31/2026, 02:53:44 PM UTC",lookup,,
08b5e1a2-a0ff-4be7-81f6-2a430daa219a,Shane Benton,Bibb County SO GA,11,"05/30/2026, 03:00:48 PM UTC
05/31/2026, 03:00:48 PM UTC",***Redacted***,Motor Vehicle Theft/Stolen - ,2026-D4-17,***Redacted***,"05/31/2026, 02:58:06 PM UTC",lookup,,
d9ef9398-2157-4ed4-b577-f092f2fbc339,Fred Gray,Bibb County SO GA,2,"05/30/2026, 03:30:40 PM UTC
05/31/2026, 03:30:40 PM UTC",***Redacted***,Motor Vehicle Theft/Stolen - ,D4-17,***Redacted***,"05/31/2026, 03:26:40 PM UTC",lookup,,
3d8ca60f-81dc-4853-94d6-30c43e91b623,Min Ha,Bibb County SO GA,11,"05/31/2026, 01:30:53 PM UTC
05/31/2026, 03:30:53 PM UTC",***Redacted***,Motor Vehicle Theft/Stolen - ,D4-17,***Redacted***,"05/31/2026, 03:26:48 PM UTC",lookup,,
a17fc92b-d73b-4174-91e0-0f88956f2717,Fred Gray,Bibb County SO GA,2,"05/30/2026, 03:30:40 PM UTC
05/31/2026, 03:30:40 PM UTC",***Redacted***,Motor Vehicle Theft/Stolen - ,D4-17,***Redacted***,"05/31/2026, 03:27:17 PM UTC",lookup,,
acb29c60-abca-4842-b76f-bbf2dd2e4cb1,Fred Gray,Bibb County SO GA,2,"05/30/2026, 03:30:40 PM UTC
05/31/2026, 03:30:40 PM UTC",***Redacted***,Motor Vehicle Theft/Stolen - ,D4-17,***Redacted***,"05/31/2026, 03:27:44 PM UTC",lookup,,
08e52657-4ea8-4f44-9ca1-9e4d9bad727d,Min Ha,Bibb County SO GA,11,"05/31/2026, 01:30:53 PM UTC
05/31/2026, 03:30:53 PM UTC",***Redacted***,Motor Vehicle Theft/Stolen - ,D4-17,***Redacted***,"05/31/2026, 03:28:44 PM UTC",lookup,,
7b62e8c4-6fd0-423b-ae92-68e12e495310,Craig Lewis,Bibb County SO GA,11,"05/31/2026, 01:30:44 PM UTC
05/31/2026, 03:30:44 PM UTC",***Redacted***,Larceny/Theft Offenses - ,D4-17,***Redacted***,"05/31/2026, 03:29:15 PM UTC",lookup,,
c5389b95-d360-4dc4-aa68-f0de4b8e391a,Seth Vonderhuevel,Bibb County SO GA,1423,"05/31/2026, 01:30:56 PM UTC
05/31/2026, 03:30:56 PM UTC",***Redacted***,Motor Vehicle Theft/Stolen - ,D4-17,***Redacted***,"05/31/2026, 03:29:17 PM UTC",lookup,,
8e0326f9-d15f-4f91-b429-0f5cdb8627cb,Fred Gray,Bibb County SO GA,2,"05/30/2026, 03:30:40 PM UTC
05/31/2026, 03:30:40 PM UTC",***Redacted***,Motor Vehicle Theft/Stolen - ,D4-17,***Redacted***,"05/31/2026, 03:29:28 PM UTC",lookup,,
46c22426-acbe-4959-b419-ea6605aebf8b,Fred Gray,Bibb County SO GA,2,"05/30/2026, 03:30:40 PM UTC
05/31/2026, 03:30:40 PM UTC",***Redacted***,Motor Vehicle Theft/Stolen - ,D4-17,***Redacted***,"05/31/2026, 03:30:08 PM UTC",lookup,,
81a2234e-1227-4212-b1bd-89c4f5a40196,Craig Lewis,Bibb County SO GA,11,"05/31/2026, 01:30:44 PM UTC
05/31/2026, 03:30:44 PM UTC",***Redacted***,Larceny/Theft Offenses - ,D4-17,***Redacted***,"05/31/2026, 03:30:28 PM UTC",lookup,,
74adce76-59c5-404c-8310-052ece97971b,Emily Mattox,Bibb County SO GA,10,"05/30/2026, 03:30:55 PM UTC
05/31/2026, 03:30:55 PM UTC",***Redacted***,Motor Vehicle Theft/Stolen - ,D4-17,***Redacted***,"05/31/2026, 03:30:56 PM UTC",lookup - Mobile,,
89b532d1-ab4b-4dfe-b353-e125eb8384fc,Emily Mattox,Bibb County SO GA,10,"05/30/2026, 03:31:11 PM UTC
05/31/2026, 03:31:11 PM UTC",***Redacted***,Motor Vehicle Theft/Stolen - ,D4-17,***Redacted***,"05/31/2026, 03:31:11 PM UTC",lookup - Mobile,,
fa9b8bf0-2149-494e-903e-faac6aa78c9d,Shane Benton,Bibb County SO GA,11,"05/30/2026, 02:30:13 PM UTC
05/31/2026, 02:30:13 PM UTC",***Redacted***,Motor Vehicle Theft/Stolen - ,2026-D4-17,***Redacted***,"05/31/2026, 02:11:17 PM UTC",lookup,,
92bbaf56-2307-4d74-99bf-18a5c70d9c8e,Shane Benton,Bibb County SO GA,11,"05/30/2026, 02:30:13 PM UTC
05/31/2026, 02:30:13 PM UTC",***Redacted***,Motor Vehicle Theft/Stolen - ,2026-D4-17,***Redacted***,"05/31/2026, 02:26:05 PM UTC",lookup,,
e0eef3bf-bec8-4801-8c44-883c63e5b157,Shane Benton,Bibb County SO GA,11,"05/30/2026, 03:00:48 PM UTC
05/31/2026, 03:00:48 PM UTC",***Redacted***,Motor Vehicle Theft/Stolen - ,2026-D4-17,***Redacted***,"05/31/2026, 03:02:50 PM UTC",lookup,,
2fb5949a-55bb-45c5-b663-9ea2713f79a8,Shane Benton,Bibb County SO GA,11,"05/30/2026, 03:00:48 PM UTC
05/31/2026, 03:00:48 PM UTC",***Redacted***,Motor Vehicle Theft/Stolen - ,2026-D4-17,***Redacted***,"05/31/2026, 03:11:00 PM UTC",lookup,,
2cd31ff1-f31c-43e0-9213-ff9160b3531b,Min Ha,Bibb County SO GA,11,"05/31/2026, 01:30:01 PM UTC
05/31/2026, 03:30:01 PM UTC",***Redacted***,Motor Vehicle Theft/Stolen - ,D4-17,***Redacted***,"05/31/2026, 03:12:40 PM UTC",lookup,,
1a7565a2-7217-46a0-ad2e-abbdbb9c27e2,Shane Benton,Bibb County SO GA,11,"05/30/2026, 03:00:48 PM UTC
05/31/2026, 03:00:48 PM UTC",***Redacted***,Motor Vehicle Theft/Stolen - ,2026-D4-17,***Redacted***,"05/31/2026, 03:13:33 PM UTC",lookup,,
b83c1065-ab7e-46ed-babe-16e94c4a7073,Shane Benton,Bibb County SO GA,11,"05/30/2026, 03:30:41 PM UTC
05/31/2026, 03:30:41 PM UTC",***Redacted***,Motor Vehicle Theft/Stolen - ,2026-D4-17,***Redacted***,"05/31/2026, 03:13:44 PM UTC",lookup,,
1988d035-4d53-47e8-ab01-893b8c970b14,Min Ha,Bibb County SO GA,11,"05/31/2026, 01:30:01 PM UTC
05/31/2026, 03:30:01 PM UTC",***Redacted***,Motor Vehicle Theft/Stolen - ,D4-17,***Redacted***,"05/31/2026, 03:14:40 PM UTC",lookup,,
f7b26eaf-39fb-4240-95b6-cd653a1c4fda,Min Ha,Bibb County SO GA,11,"05/31/2026, 01:30:01 PM UTC
05/31/2026, 03:30:01 PM UTC",***Redacted***,Motor Vehicle Theft/Stolen - ,D4-17,***Redacted***,"05/31/2026, 03:15:17 PM UTC",lookup,,
4507c083-2ac0-4066-8942-5f26b9df0091,Min Ha,Bibb County SO GA,11,"05/31/2026, 01:30:01 PM UTC
05/31/2026, 03:30:01 PM UTC",***Redacted***,Motor Vehicle Theft/Stolen - ,D4-17,***Redacted***,"05/31/2026, 03:16:04 PM UTC",lookup,,
b8a47ac6-0c9f-44e6-9d8a-723803f8a97c,Min Ha,Bibb County SO GA,11,"05/31/2026, 01:30:01 PM UTC
05/31/2026, 03:30:01 PM UTC",***Redacted***,Motor Vehicle Theft/Stolen - ,D4-17,***Redacted***,"05/31/2026, 03:16:37 PM UTC",lookup,,
8d933d42-9d31-4cd7-a9e6-4a1bd59e62d6,Shane Benton,Bibb County SO GA,11,"05/30/2026, 03:30:41 PM UTC
05/31/2026, 03:30:41 PM UTC",***Redacted***,Motor Vehicle Theft/Stolen - ,2026-D4-17,***Redacted***,"05/31/2026, 03:16:38 PM UTC",lookup,,
bf65ef6e-1413-4c7e-97f7-ad4a73c2db6c,Min Ha,Bibb County SO GA,11,"05/31/2026, 01:30:01 PM UTC
05/31/2026, 03:30:01 PM UTC",***Redacted***,Motor Vehicle Theft/Stolen - ,D4-17,***Redacted***,"05/31/2026, 03:17:55 PM UTC",lookup,,
c5e6531b-650f-4ff3-91b7-3c4dccebc9a3,Min Ha,Bibb County SO GA,11,"05/31/2026, 01:30:01 PM UTC
05/31/2026, 03:30:01 PM UTC",***Redacted***,Motor Vehicle Theft/Stolen - ,D4-17,***Redacted***,"05/31/2026, 03:18:29 PM UTC",lookup,,
db16e7e5-4606-4c9d-b4c8-0e8c005d085b,Min Ha,Bibb County SO GA,11,"05/31/2026, 01:30:53 PM UTC
05/31/2026, 03:30:53 PM UTC",***Redacted***,Motor Vehicle Theft/Stolen - ,D4-17,***Redacted***,"05/31/2026, 03:18:55 PM UTC",lookup,,
22512f2a-7de5-402d-85ef-2b8e3ebfbd9f,Min Ha,Bibb County SO GA,11,"05/31/2026, 01:30:53 PM UTC
05/31/2026, 03:30:53 PM UTC",***Redacted***,Motor Vehicle Theft/Stolen - ,D4-17,***Redacted***,"05/31/2026, 03:19:43 PM UTC",lookup,,
545b10f8-fa23-41c0-b801-d922463a2572,Shane Benton,Bibb County SO GA,11,"05/30/2026, 03:30:41 PM UTC
05/31/2026, 03:30:41 PM UTC",***Redacted***,Motor Vehicle Theft/Stolen - ,2026-D4-17,***Redacted***,"05/31/2026, 03:19:54 PM UTC",lookup,,
2fe39373-4806-47ec-9084-21ce516ff1ea,Min Ha,Bibb County SO GA,11,"05/31/2026, 01:30:53 PM UTC
05/31/2026, 03:30:53 PM UTC",***Redacted***,Motor Vehicle Theft/Stolen - ,D4-17,***Redacted***,"05/31/2026, 03:20:24 PM UTC",lookup,,
0302f8d5-eb1a-4f90-9ef9-1f1222d7a750,Seth Vonderhuevel,Bibb County SO GA,1423,"05/31/2026, 01:30:56 PM UTC
05/31/2026, 03:30:56 PM UTC",***Redacted***,Motor Vehicle Theft/Stolen - ,D4-17,***Redacted***,"05/31/2026, 03:20:34 PM UTC",lookup,,
a05f3efd-b84e-4630-8575-3abbc7793ed0,Fred Gray,Bibb County SO GA,2,"05/30/2026, 03:30:40 PM UTC
05/31/2026, 03:30:40 PM UTC",***Redacted***,Motor Vehicle Theft/Stolen - ,D4-17,***Redacted***,"05/31/2026, 03:20:41 PM UTC",lookup,,
16937689-fd79-42a8-b3af-264377c76312,Min Ha,Bibb County SO GA,11,"05/31/2026, 01:30:53 PM UTC
05/31/2026, 03:30:53 PM UTC",***Redacted***,Motor Vehicle Theft/Stolen - ,D4-17,***Redacted***,"05/31/2026, 03:21:20 PM UTC",lookup,,
b3011a18-a76b-4cae-84d9-81cf3a676202,Fred Gray,Bibb County SO GA,2,"05/30/2026, 03:30:40 PM UTC
05/31/2026, 03:30:40 PM UTC",***Redacted***,Motor Vehicle Theft/Stolen - ,D4-17,***Redacted***,"05/31/2026, 03:21:21 PM UTC",lookup,,
cde94e7c-ff89-4988-828a-ac320cbeee91,Fred Gray,Bibb County SO GA,2,"05/30/2026, 03:30:40 PM UTC
05/31/2026, 03:30:40 PM UTC",***Redacted***,Motor Vehicle Theft/Stolen - ,D4-17,***Redacted***,"05/31/2026, 03:21:53 PM UTC",lookup,,
a0472c4d-3e5b-4833-89cf-8cf443ddbd4a,Min Ha,Bibb County SO GA,11,"05/31/2026, 01:30:53 PM UTC
05/31/2026, 03:30:53 PM UTC",***Redacted***,Motor Vehicle Theft/Stolen - ,D4-17,***Redacted***,"05/31/2026, 03:22:08 PM UTC",lookup,,
2981d28c-340d-48eb-a54e-2ca40b747e76,Seth Vonderhuevel,Bibb County SO GA,1423,"05/31/2026, 01:30:56 PM UTC
05/31/2026, 03:30:56 PM UTC",***Redacted***,Motor Vehicle Theft/Stolen - ,D4-17,***Redacted***,"05/31/2026, 03:22:34 PM UTC",lookup,,
7de1f641-d0d2-4d49-b78c-b7b3532d4d93,Min Ha,Bibb County SO GA,11,"05/31/2026, 01:30:53 PM UTC
05/31/2026, 03:30:53 PM UTC",***Redacted***,Motor Vehicle Theft/Stolen - ,D4-17,***Redacted***,"05/31/2026, 03:22:52 PM UTC",lookup,,
25e087fa-65f8-44c0-aa80-6df3de98065d,Fred Gray,Bibb County SO GA,2,"05/30/2026, 03:30:40 PM UTC
05/31/2026, 03:30:40 PM UTC",***Redacted***,Motor Vehicle Theft/Stolen - ,D4-17,***Redacted***,"05/31/2026, 03:23:05 PM UTC",lookup,,
1867c69e-1cc7-49d6-84e6-95fe58a02d57,Fred Gray,Bibb County SO GA,2,"05/30/2026, 03:30:40 PM UTC
05/31/2026, 03:30:40 PM UTC",***Redacted***,Motor Vehicle Theft/Stolen - ,D4-17,***Redacted***,"05/31/2026, 03:23:52 PM UTC",lookup,,
e17d8629-332b-40de-a79c-c7f643c33cb7,Min Ha,Bibb County SO GA,11,"05/31/2026, 01:30:53 PM UTC
05/31/2026, 03:30:53 PM UTC",***Redacted***,Motor Vehicle Theft/Stolen - ,D4-17,***Redacted***,"05/31/2026, 03:24:03 PM UTC",lookup,,
62f579b2-b385-46ed-98a6-1e6d958e7651,Seth Vonderhuevel,Bibb County SO GA,1423,"05/31/2026, 01:30:56 PM UTC
05/31/2026, 03:30:56 PM UTC",***Redacted***,Motor Vehicle Theft/Stolen - ,D4-17,***Redacted***,"05/31/2026, 03:24:09 PM UTC",lookup,,
15915896-ab83-47d5-a238-d61d89d8d900,Min Ha,Bibb County SO GA,11,"05/31/2026, 01:30:53 PM UTC
05/31/2026, 03:30:53 PM UTC",***Redacted***,Motor Vehicle Theft/Stolen - ,D4-17,***Redacted***,"05/31/2026, 03:24:34 PM UTC",lookup,,
c65e1230-169e-4faf-914a-d8823fc94a02,Seth Vonderhuevel,Bibb County SO GA,1423,"05/31/2026, 01:30:56 PM UTC
05/31/2026, 03:30:56 PM UTC",***Redacted***,Motor Vehicle Theft/Stolen - ,D4-17,***Redacted***,"05/31/2026, 03:24:46 PM UTC",lookup,,
5f82c761-a9aa-47d1-b1bc-0085998ffed2,Fred Gray,Bibb County SO GA,2,"05/30/2026, 03:30:40 PM UTC
05/31/2026, 03:30:40 PM UTC",***Redacted***,Motor Vehicle Theft/Stolen - ,D4-17,***Redacted***,"05/31/2026, 03:24:51 PM UTC",lookup,,
36c545d1-fafa-46bb-b72f-28aec0556da6,Min Ha,Bibb County SO GA,11,"05/31/2026, 01:30:53 PM UTC
05/31/2026, 03:30:53 PM UTC",***Redacted***,Motor Vehicle Theft/Stolen - ,D4-17,***Redacted***,"05/31/2026, 03:25:10 PM UTC",lookup,,
c413bce7-1284-487f-a1ec-e8c99aa11d44,Seth Vonderhuevel,Bibb County SO GA,1423,"05/31/2026, 01:30:56 PM UTC
05/31/2026, 03:30:56 PM UTC",***Redacted***,Motor Vehicle Theft/Stolen - ,D4-17,***Redacted***,"05/31/2026, 03:25:41 PM UTC",lookup,,
8f883412-5f98-469e-a5b4-ae307796c24e,Min Ha,Bibb County SO GA,11,"05/31/2026, 01:30:53 PM UTC
05/31/2026, 03:30:53 PM UTC",***Redacted***,Motor Vehicle Theft/Stolen - ,D4-17,***Redacted***,"05/31/2026, 03:25:53 PM UTC",lookup,,
